DEMANDA,TIPO DEMANDA,MÓDULO,MANUAL,DATA LINKAGEM,CAPITULO,MONTADORA,VERSÃO
51981,UPGRADE,SIMPLO,PICO SCOPE,22/07/2026,42,  ,2026/3
51980,UPGRADE,SIMPLO,PICO SCOPE,22/07/2026,34,  ,2026/3
51979,UPGRADE,SIMPLO,PICO SCOPE,22/07/2026,37,  ,2026/3
51978,UPGRADE,SIMPLO,PICO SCOPE,22/07/2026,36,  ,2026/3
51977,UPGRADE,SIMPLO,PICO SCOPE,22/07/2026,35,  ,2026/3
51976,UPGRADE,SIMPLO,PICO SCOPE,21/07/2026,33,  ,2026/3
51975,UPGRADE,SIMPLO,PICO SCOPE,21/07/2026,32,  ,2026/3
51896,UPGRADE,SIMPLO,PICO SCOPE,21/07/2026,520,  ,2026/3
51862,UPGRADE,SIMPLO,PICO SCOPE,21/07/2026,541,  ,2026/3
51851,UPGRADE,SIMPLO,PICO SCOPE,21/07/2026,598,  ,2026/3
52001,CORREÇÃO,SIMPLO,LUBRITEC,21/07/2026,4502,  ,2026/3
51828,CORREÇÃO,SIMPLO,PICO SCOPE,21/07/2026,517,  ,2026/3
51827,UPGRADE,SIMPLO,PICO SCOPE,21/07/2026,21,  ,2026/3
51826,CORREÇÃO,SIMPLO,PICO SCOPE,21/07/2026,501,  ,2026/3
51810,UPGRADE,SIMPLO,PICO SCOPE,21/07/2026,547,  ,2026/3
51782,UPGRADE,SIMPLO,PICO SCOPE,21/07/2026,663,  ,2026/3
51757,CORREÇÃO,SIMPLO,SCOPE TRUCK (PICO SCOPE),21/07/2026,391,  ,2026/3
51757,CORREÇÃO,SIMPLO,PICO SCOPE,21/07/2026,391,  ,2026/3
51646,CORREÇÃO,SIMPLO,PICO SCOPE,21/07/2026,793,  ,2026/3
51603,UPGRADE,SIMPLO,PICO SCOPE,21/07/2026,230,  ,2024/1
49022,NOVA,SIMPLO,ABS/ASR/ESP,21/07/2026,1064,NISSAN,2026/3
51602,UPGRADE,SIMPLO,PICO SCOPE,20/07/2026,539,  ,2026/3
51537,CORREÇÃO,SIMPLO,PICO SCOPE,20/07/2026,69,  ,2026/3
51491,UPGRADE,SIMPLO,PICO SCOPE,20/07/2026,668,  ,2026/3
51996,UPGRADE,SIMPLO,ELECTRA,20/07/2026,185,  ,2026/3
51490,UPGRADE,SIMPLO,PICO SCOPE,20/07/2026,596,  ,2026/3
51291,UPGRADE,SIMPLO,PICO SCOPE,20/07/2026,198,  ,2026/3
51288,UPGRADE,SIMPLO,PICO SCOPE,20/07/2026,599,  ,2026/3
51123,UPGRADE,SIMPLO,PICO SCOPE,20/07/2026,763,  ,2026/3
50913,UPGRADE,SIMPLO,PICO SCOPE,17/07/2026,694,  ,2026/3
50913,UPGRADE,SIMPLO,SCOPE TRUCK (PICO SCOPE),17/07/2026,694,  ,2026/3
51987,UPGRADE,SIMPLO,INJEÇÃO,17/07/2026,1096,  ,2026/3
45943,UPGRADE,SIMPLO,MT PRO,17/07/2026,263,  ,2026/3
51414,UPGRADE,SIMPLO,DIESEL,17/07/2026,112,  ,2026/3
51921,CORREÇÃO,SIMPLO,INJEÇÃO,17/07/2026,1064,  ,2026/3
51751,UPGRADE,SIMPLO,INJEÇÃO,17/07/2026,1601,  ,2026/3
51669,UPGRADE,SIMPLO,INJEÇÃO,17/07/2026,1627,  ,2026/3
51953,UPGRADE,SIMPLO,INJEÇÃO,17/07/2026,1823,  ,2026/3
51952,UPGRADE,SIMPLO,INJEÇÃO,17/07/2026,1753,  ,2026/3
51950,UPGRADE,SIMPLO,INJEÇÃO,17/07/2026,1752,  ,2026/3
50885,UPGRADE,SIMPLO,PICO SCOPE,16/07/2026,59,  ,2026/3
46013,UPGRADE,SIMPLO,MT PRO,16/07/2026,75,  ,2026/3
51850,UPGRADE,SIMPLO,MT PRO,16/07/2026,221,  ,2026/3
51829,UPGRADE,SIMPLO,MT PRO,16/07/2026,19,  ,2026/3
51825,CORREÇÃO,SIMPLO,MT PRO,16/07/2026,27,  ,2026/3
51809,UPGRADE,SIMPLO,MT PRO,16/07/2026,117,  ,2026/3
51756,CORREÇÃO,SIMPLO,MT PRO,16/07/2026,97,  ,2026/3
51756,CORREÇÃO,SIMPLO,SCOPE TRUCK (MT PRO),16/07/2026,97,  ,2026/3
51745,UPGRADE,SIMPLO,MT PRO,16/07/2026,60,  ,2026/3
51745,UPGRADE,SIMPLO,SCOPE TRUCK (MT PRO),16/07/2026,60,  ,2026/3
51645,CORREÇÃO,SIMPLO,MT PRO,16/07/2026,433,  ,2026/3
51536,CORREÇÃO,SIMPLO,MT PRO,16/07/2026,29,  ,2026/3
51391,UPGRADE,SIMPLO,MT PRO,15/07/2026,257,  ,2026/3
50912,UPGRADE,SIMPLO,SCOPE TRUCK (MT PRO),15/07/2026,415,  ,2026/3
50912,UPGRADE,SIMPLO,MT PRO,15/07/2026,415,  ,2026/3
50884,UPGRADE,SIMPLO,MT PRO,15/07/2026,31,  ,2026/3
50324,UPGRADE,SIMPLO,MT PRO,15/07/2026,64,  ,2026/3
49268,UPGRADE,SIMPLO,MT PRO,15/07/2026,30,  ,2026/3
49266,UPGRADE,SIMPLO,MT PRO,15/07/2026,390,  ,2026/3
46176,UPGRADE,SIMPLO,MT PRO,15/07/2026,131,  ,2026/3
46072,UPGRADE,SIMPLO,MT PRO,15/07/2026,369,  ,2026/3
45968,UPGRADE,SIMPLO,MT PRO,15/07/2026,206,  ,2026/3
45964,UPGRADE,SIMPLO,MT PRO,14/07/2026,160,  ,2026/3
51932,UPGRADE,SIMPLO,ELECTRA,14/07/2026,304,  ,2026/3
45951,UPGRADE,SIMPLO,MT PRO,13/07/2026,199,  ,2026/3
45949,UPGRADE,SIMPLO,MT PRO,13/07/2026,282,  ,2026/3
45573,UPGRADE,SIMPLO,MT PRO,13/07/2026,208,  ,2026/3
51913,UPGRADE,SIMPLO,MOTORES - LINHA LEVE,13/07/2026,815,  ,2026/3
43544,UPGRADE,SIMPLO,INJEÇÃO,13/07/2026,1599,  ,2026/3
51874,CORREÇÃO,SIMPLO,DIESEL,13/07/2026,367,  ,2026/3
51870,CORREÇÃO,SIMPLO,DIESEL,13/07/2026,411,  ,2026/3
51882,CORREÇÃO,SIMPLO,INJEÇÃO,10/07/2026,2226,  ,2026/3
51815,CORREÇÃO,SIMPLO,INJEÇÃO,10/07/2026,1789,  ,2026/3
47600,UPGRADE,SIMPLO,INJEÇÃO,10/07/2026,1113,  ,2026/3
51620,UPGRADE,SIMPLO,ABS/ASR/ESP,10/07/2026,776,  ,2026/3
51565,UPGRADE,SIMPLO,ELECTRA,10/07/2026,189,  ,2026/3
50802,UPGRADE,SIMPLO,CÂMBIO TRUCK,10/07/2026,260,  ,2026/3
50802,UPGRADE,SIMPLO,ELECTRA TRUCK,10/07/2026,209,  ,2026/3
51817,UPGRADE,SIMPLO,MOTORES - LINHA PESADA,10/07/2026,770,  ,2026/3
51814,UPGRADE,SIMPLO,MOTORES - LINHA LEVE,10/07/2026,1340,  ,2026/3
51741,UPGRADE,SIMPLO,MOTORES - LINHA LEVE,10/07/2026,84,  ,2026/3
51560,UPGRADE,SIMPLO,MOTORES - LINHA LEVE,10/07/2026,814,  ,2026/3
51557,CORREÇÃO,SIMPLO,MOTORES - LINHA LEVE,10/07/2026,26,  ,2026/3
51488,UPGRADE,SIMPLO,MOTORES - LINHA LEVE,10/07/2026,1279,  ,2026/3
51848,CORREÇÃO,SIMPLO,LUBRITEC,10/07/2026,1336,  ,2026/3
51831,CORREÇÃO,SIMPLO,LUBRITEC,09/07/2026,5531,  ,2026/3
51806,UPGRADE,SIMPLO,LUBRITEC,09/07/2026,2496,  ,2026/3
51790,UPGRADE,SIMPLO,LUBRITEC,09/07/2026,2499,  ,2026/3
51777,UPGRADE,SIMPLO,LOCAR,09/07/2026,640,  ,2026/3
51663,UPGRADE,SIMPLO,LOCAR,09/07/2026,916,  ,2026/3
51522,UPGRADE,SIMPLO,LOCAR,09/07/2026,751,  ,2026/3
51434,UPGRADE,SIMPLO,LOCAR,09/07/2026,641,  ,2026/3
51433,UPGRADE,SIMPLO,LOCAR,09/07/2026,553,  ,2026/3
51375,UPGRADE,SIMPLO,LOCAR TRUCK,09/07/2026,667,  ,2026/3
51375,UPGRADE,SIMPLO,LOCAR,09/07/2026,667,  ,2026/3
51361,UPGRADE,SIMPLO,LOCAR,09/07/2026,469,  ,2026/3
51276,UPGRADE,SIMPLO,LOCAR,09/07/2026,845,  ,2026/3
51869,CORREÇÃO,SIMPLO,INJEÇÃO,09/07/2026,1067,  ,2026/3
47057,CORREÇÃO,SIMPLO,LOCAR TRUCK,09/07/2026,886,  ,2026/3
47057,CORREÇÃO,SIMPLO,LOCAR,09/07/2026,886,  ,2026/3
51830,UPGRADE,SIMPLO,ABS/ASR/ESP,09/07/2026,213,  ,2026/3
51863,CORREÇÃO,SIMPLO,INJEÇÃO,09/07/2026,1782,  ,2026/3
51781,UPGRADE,SIMPLO,INJEÇÃO,09/07/2026,1491,  ,2026/3
51668,UPGRADE,SIMPLO,INJEÇÃO,08/07/2026,1602,  ,2026/3
51516,UPGRADE,SIMPLO,INJEÇÃO,08/07/2026,444,  ,2026/3
47825,UPGRADE,SIMPLO,INJEÇÃO,08/07/2026,1469,  ,2026/3
44469,UPGRADE,SIMPLO,INJEÇÃO,08/07/2026,2148,  ,2026/3
51678,UPGRADE,SIMPLO,DIESEL,08/07/2026,87,  ,2026/3
50946,UPGRADE,SIMPLO,DIESEL,08/07/2026,389,  ,2026/3
51704,UPGRADE,SIMPLO,CLIMA CAR,08/07/2026,920,  ,2026/3
51854,UPGRADE,SIMPLO,CLIMA CAR,08/07/2026,831,  ,2026/3
51849,UPGRADE,SIMPLO,CLIMA CAR,08/07/2026,830,  ,2026/3
47363,UPGRADE,SIMPLO,CLIMA CAR,08/07/2026,825,  ,2026/3
47362,UPGRADE,SIMPLO,CLIMA CAR,08/07/2026,826,  ,2026/3
47361,UPGRADE,SIMPLO,CLIMA CAR,08/07/2026,805,  ,2026/3
48939,UPGRADE,SIMPLO,ABS/ASR/ESP,08/07/2026,1023,  ,2026/3
49695,NOVA,TRACTOR,MOTORES TRACTOR,07/07/2026,20123,  ,2026/3
49695,NOVA,SIMPLO,MOTORES - LINHA PESADA,07/07/2026,1542,  ,2026/3
49830,NOVA,SIMPLO,MOTORES - LINHA PESADA,07/07/2026,1541,GWM,2026/3
51843,CORREÇÃO,SIMPLO,CLIMA CAR,07/07/2026,54,  ,2026/3
51847,CORREÇÃO,SIMPLO,CÂMBIO,07/07/2026,117,  ,2026/3
51841,CORREÇÃO,SIMPLO,CÂMBIO,07/07/2026,20,  ,2026/3
51842,CORREÇÃO,SIMPLO,ELECTRA,07/07/2026,130,  ,2026/3
51816,UPGRADE,SIMPLO,ELECTRA,07/07/2026,127,  ,2026/3
51634,UPGRADE,SIMPLO,ELECTRA,07/07/2026,160,  ,2026/3
44321,UPGRADE,SIMPLO,ELECTRA,07/07/2026,160,  ,2026/3
51767,UPGRADE,SIMPLO,INJEÇÃO,07/07/2026,1720,  ,2026/3
51766,UPGRADE,SIMPLO,INJEÇÃO,07/07/2026,1258,  ,2024/1
51765,UPGRADE,SIMPLO,INJEÇÃO,06/07/2026,1503,  ,2026/3
51379,NOVA,SIMPLO,MOTORES - LINHA LEVE,06/07/2026,1540,  ,2026/3
49932,NOVA,SIMPLO,TORKS - FREIOS,06/07/2026,351B,CITROEN,2026/3
49931,NOVA,SIMPLO,TORKS - DIREÇÃO,06/07/2026,351A,CITROEN,2026/3
51762,UPGRADE,SIMPLO,INJEÇÃO,06/07/2026,1115,  ,2026/3
51760,UPGRADE,SIMPLO,INJEÇÃO,06/07/2026,1120,  ,2026/3
51755,UPGRADE,SIMPLO,INJEÇÃO,06/07/2026,2194,  ,2026/3
51637,UPGRADE,SIMPLO,INJEÇÃO,06/07/2026,1649,  ,2026/3
51632,UPGRADE,SIMPLO,INJEÇÃO,06/07/2026,1680,  ,2026/3
51731,NOVA,SIMPLO,LOCAR TRUCK,06/07/2026,1029,MERCEDES-BENZ,2026/3
51539,NOVA,SIMPLO,LOCAR TRUCK,06/07/2026,1028,TOYOTA,2026/3
51538,NOVA,SIMPLO,LOCAR TRUCK,06/07/2026,1027,VOLKSWAGEN,2026/3
49359,NOVA,SIMPLO,LOCAR,06/07/2026,1026,HYUNDAI,2026/3
26488,NOVA,TRACTOR,INJEÇÃO TRACTOR,06/07/2026,100,MASSEY FERGUSON,2026/3 T
24638,NOVA,TRACTOR,INJEÇÃO TRACTOR,06/07/2026,99,VALTRA,2026/3 T
49682,NOVA,TRACTOR,INJEÇÃO TRACTOR,06/07/2026,98,JOHN DEERE,2026/3 T
51822,UPGRADE,SIMPLO,CLIMA CAR,06/07/2026,1160,  ,2026/3
51833,CORREÇÃO,SIMPLO,CLIMA CAR,06/07/2026,547,  ,2026/3
51586,NOVA,MOTOS,MOTORES MOTOS,2026-07-06,10,HONDA,2026/2 M
51582,NOVA,MOTOS,MOTORES MOTOS,06/07/2026,09,HONDA,2026/2 M
51494,NOVA,MOTOS,MOTORES MOTOS,05/07/2026,8,HONDA,2026/2 M
51101,NOVA,MOTOS,MOTORES MOTOS,05/07/2026,07,BMW,2026/2 M
51584,NOVA,MOTOS,MOTORES MOTOS,05/07/2026,06,BMW,2026/2 M
51102,NOVA,MOTOS,MOTORES MOTOS,05/07/2026,05,BMW,2026/2 M
24641,NOVA,TRACTOR,CLIMA TRACTOR,05/07/2026,203,VALTRA,2026/3 T
24674,NOVA,TRACTOR,CLIMA TRACTOR,05/07/2026,202,JOHN DEERE,2026/3 T
51652,NOVA,TRACTOR,CLIMA TRACTOR,05/07/2026,201,JOHN DEERE,2026/3 T
26571,NOVA,TRACTOR,CLIMA TRACTOR,05/07/2026,200,MASSEY FERGUSON,2026/3 T
34226,NOVA,TRACTOR,CLIMA TRACTOR,05/07/2026,199,MASSEY FERGUSON,2026/3 T
26576,NOVA,TRACTOR,CLIMA TRACTOR,05/07/2026,198,MASSEY FERGUSON,2026/3 T
51754,UPGRADE,SIMPLO,INJEÇÃO,03/07/2026,1259,  ,2026/3
51748,UPGRADE,SIMPLO,INJEÇÃO,03/07/2026,1779,  ,2026/3
51743,UPGRADE,SIMPLO,INJEÇÃO,03/07/2026,1114,  ,2026/3
51742,CORREÇÃO,SIMPLO,INJEÇÃO,03/07/2026,106,  ,2026/3
51452,NOVA,SIMPLO,REVISA CAR,03/07/2026,76,  ,2026/3
51677,NOVA,SIMPLO,REVISA CAR,03/07/2026,53,TOYOTA,2026/3
51640,NOVA,SIMPLO,REVISA CAR,03/07/2026,52,  ,2026/3
51471,NOVA,HIBRIDOS,H&E - REVISA CAR,03/07/2026,94A,  ,2026/3
51679,CORREÇÃO,SIMPLO,INJEÇÃO,03/07/2026,567,  ,2026/3
51555,NOVA,HIBRIDOS,H&E - REVISA CAR,03/07/2026,93A,  ,2026/3 H&E
51615,NOVA,HIBRIDOS,H&E - REVISA CAR,03/07/2026,92A,  ,2026/3 H&E
51660,CORREÇÃO,SIMPLO,INJEÇÃO,03/07/2026,991,  ,2026/3
51639,UPGRADE,SIMPLO,INJEÇÃO,03/07/2026,1614,  ,2026/3
51509,UPGRADE,SIMPLO,INJEÇÃO,03/07/2026,1585,  ,2026/3
51508,UPGRADE,SIMPLO,INJEÇÃO,03/07/2026,1584,  ,2026/3
51590,NOVA,HIBRIDOS,H&E - REVISA CAR,03/07/2026,91A,  ,2026/3 H&E
51507,UPGRADE,SIMPLO,INJEÇÃO,03/07/2026,56,  ,2026/3
51261,UPGRADE,SIMPLO,INJEÇÃO,02/07/2026,1887,  ,2026/3
51259,UPGRADE,SIMPLO,INJEÇÃO,02/07/2026,182,  ,2026/3
51824,CORREÇÃO,SIMPLO,ELECTRA,02/07/2026,310,  ,2026/3
51202,UPGRADE,SIMPLO,INJEÇÃO,02/07/2026,80,  ,2026/3
47698,UPGRADE,SIMPLO,INJEÇÃO,02/07/2026,2077,  ,2026/3
47239,UPGRADE,SIMPLO,INJEÇÃO,02/07/2026,2206,  ,2026/3
46980,UPGRADE,SIMPLO,INJEÇÃO,02/07/2026,2116,  ,2026/3
46572,UPGRADE,SIMPLO,INJEÇÃO,02/07/2026,1121,  ,2026/3
40340,UPGRADE,SIMPLO,INJEÇÃO,02/07/2026,1609,  ,2026/3
51301,NOVA,TRACTOR,MT PRO TRACTOR,02/07/2026,38,CASE,2026/3 T
51299,NOVA,TRACTOR,MT PRO TRACTOR,02/07/2026,37,  ,2026/3 T
51298,NOVA,TRACTOR,MT PRO TRACTOR,02/07/2026,36,JOHN DEERE,2026/3 T
51807,NOVA,SIMPLO,PICO SCOPE,02/07/2026,881,CITROEN,2026/3
51791,NOVA,SIMPLO,PICO SCOPE,02/07/2026,880,LEXUS,2026/3
51779,NOVA,SIMPLO,PICO SCOPE,02/07/2026,879,BMW,2026/3
51778,NOVA,SIMPLO,PICO SCOPE,02/07/2026,878,HYUNDAI,2026/3
51392,NOVA,SIMPLO,MT PRO,02/07/2026,524,HYUNDAI,2026/3
51390,NOVA,SIMPLO,MT PRO,01/07/2026,523,BMW,2026/3
51365,CORREÇÃO,SIMPLO,ARLA,01/07/2026,27,  ,2026/3
51275,UPGRADE,SIMPLO,ARLA,01/07/2026,14,  ,2026/3
51610,NOVA,SIMPLO,MT PRO,01/07/2026,522,LEXUS,2026/3
51661,NOVA,SIMPLO,MT PRO,01/07/2026,521,CITROEN,2024/1
51242,UPGRADE,SIMPLO,DIESEL,01/07/2026,225,  ,2026/3
51241,UPGRADE,SIMPLO,DIESEL,01/07/2026,224,  ,2026/3
51240,UPGRADE,SIMPLO,DIESEL,01/07/2026,223,  ,2026/3
51238,UPGRADE,SIMPLO,DIESEL,01/07/2026,222,  ,2026/3
51237,UPGRADE,SIMPLO,DIESEL,01/07/2026,226,  ,2026/3
51218,UPGRADE,SIMPLO,DIESEL,01/07/2026,207,  ,2026/3
50937,UPGRADE,SIMPLO,DIESEL,01/07/2026,423,  ,2026/3
51805,UPGRADE,SIMPLO,ELECTRA,30/06/2026,195,  ,2026/3
51770,CORREÇÃO,SIMPLO,DIESEL,30/06/2026,58,  ,2026/3
51753,CORREÇÃO,SIMPLO,DIESEL,30/06/2026,219,  ,2026/3
51744,CORREÇÃO,SIMPLO,DIESEL,30/06/2026,414,  ,2026/3
51775,CORREÇÃO,SIMPLO,CÂMBIO TRUCK,30/06/2026,120,  ,2026/3
51775,CORREÇÃO,SIMPLO,CÂMBIO,30/06/2026,120,  ,2026/3
51772,CORREÇÃO,SIMPLO,ELECTRA TRUCK,30/06/2026,177,  ,2026/3
51675,UPGRADE,SIMPLO,MOTORES - LINHA LEVE,30/06/2026,882,  ,2026/3
51746,CORREÇÃO,SIMPLO,MOTORES - LINHA LEVE,30/06/2026,797,  ,2026/3
51749,CORREÇÃO,SIMPLO,ELECTRA,30/06/2026,230,  ,2026/3
51387,NOVA,SIMPLO,PICO SCOPE,29/06/2026,877,CHEVROLET,2026/3
49818,NOVA,SIMPLO,CÂMBIO,29/06/2026,307,  ,2026/3
49818,UPGRADE,SIMPLO,ELECTRA,29/06/2026,335,  ,2026/3
51730,NOVA,SIMPLO,PICO SCOPE,29/06/2026,876,MERCEDES-BENZ,2026/3
46918,UPGRADE,SIMPLO,ELECTRA,29/06/2026,187,  ,2026/3
51576,NOVA,SIMPLO,SCOPE TRUCK (PICO SCOPE),29/06/2026,874,MERCEDES-BENZ,2026/3
51654,NOVA,SIMPLO,SCOPE TRUCK (PICO SCOPE),29/06/2026,873,TOYOTA,2026/3
51769,UPGRADE,SIMPLO,CLIMA CAR,29/06/2026,805,  ,2026/3
51641,CORREÇÃO,SIMPLO,CLIMA CAR,29/06/2026,683,  ,2026/3
50658,UPGRADE,SIMPLO,CLIMA CAR,29/06/2026,567,  ,2026/3
51383,NOVA,SIMPLO,SCOPE TRUCK (PICO SCOPE),29/06/2026,872,FIAT,2026/3
46971,NOVA,SIMPLO,SCOPE TRUCK (PICO SCOPE),28/06/2026,871,FORD,2026/3
51374,NOVA,SIMPLO,SCOPE TRUCK (PICO SCOPE),28/06/2026,870,MERCEDES-BENZ,2026/3
48295,NOVA,SIMPLO,MT PRO,27/06/2026,520,CHEVROLET,2026/3
51386,NOVA,SIMPLO,MT PRO,27/06/2026,519,CHEVROLET,2026/3
51373,NOVA,SIMPLO,SCOPE TRUCK (MT PRO),27/06/2026,518,MERCEDES-BENZ,2026/3
51356,NOVA,SIMPLO,SCOPE TRUCK (MT PRO),27/06/2026,517,FORD,2026/3
51388,NOVA,SIMPLO,SCOPE TRUCK (MT PRO),26/06/2026,516,TOYOTA,2026/3
51613,UPGRADE,SIMPLO,CLIMA CAR,26/06/2026,772,  ,2026/3
49095,UPGRADE,SIMPLO,CLIMA CAR,26/06/2026,1229,  ,2026/3
48929,UPGRADE,SIMPLO,CLIMA CAR,26/06/2026,1217,  ,2026/3
51729,UPGRADE,SIMPLO,ABS/ASR/ESP,26/06/2026,497,  ,2026/3
51726,UPGRADE,SIMPLO,ABS/ASR/ESP,26/06/2026,547,  ,2026/3
51722,UPGRADE,SIMPLO,ABS/ASR/ESP,26/06/2026,03,  ,2026/3
51771,CORREÇÃO,SIMPLO,ABS/ASR/ESP,26/06/2026,195,  ,2026/3
51721,UPGRADE,SIMPLO,ABS/ASR/ESP,26/06/2026,644,  ,2026/3
51393,NOVA,SIMPLO,SCOPE TRUCK (MT PRO),26/06/2026,515,MERCEDES-BENZ,2026/3
51382,NOVA,SIMPLO,SCOPE TRUCK (MT PRO),26/06/2026,514,FIAT,2026/3
51718,UPGRADE,SIMPLO,ABS/ASR/ESP,25/06/2026,18,  ,2026/3
51608,NOVA,SIMPLO,SCOPE TRUCK (MT PRO),25/06/2026,513,TOYOTA,2026/3
51710,UPGRADE,SIMPLO,ABS/ASR/ESP,25/06/2026,655,  ,2026/3
51763,CORREÇÃO,SIMPLO,LUBRITEC,25/06/2026,5127,  ,2026/3
51761,CORREÇÃO,SIMPLO,ABS/ASR/ESP,25/06/2026,687,  ,2026/3
51708,UPGRADE,SIMPLO,ABS/ASR/ESP,25/06/2026,179,  ,2026/3
51707,UPGRADE,SIMPLO,ABS/ASR/ESP,25/06/2026,119,  ,2026/3
51706,UPGRADE,SIMPLO,ABS/ASR/ESP,25/06/2026,12,  ,2026/3
51700,UPGRADE,SIMPLO,ABS/ASR/ESP,25/06/2026,325,  ,2026/3
51607,NOVA,SIMPLO,MT PRO,25/06/2026,512,TOYOTA,2026/3
51758,CORREÇÃO,SIMPLO,ELECTRA TRUCK,25/06/2026,31,  ,2026/3
51688,UPGRADE,SIMPLO,ABS/ASR/ESP,25/06/2026,494,  ,2026/3
51687,UPGRADE,SIMPLO,ABS/ASR/ESP,25/06/2026,11,  ,2026/3
51671,UPGRADE,SIMPLO,ABS/ASR/ESP,25/06/2026,118,  ,2026/3
51670,UPGRADE,SIMPLO,ABS/ASR/ESP,25/06/2026,1,  ,2026/3
51664,UPGRADE,SIMPLO,ABS/ASR/ESP,25/06/2026,695,  ,2026/3
51656,UPGRADE,SIMPLO,ABS/ASR/ESP,24/06/2026,794,  ,2026/3
51635,UPGRADE,SIMPLO,ABS/ASR/ESP,24/06/2026,495,  ,2026/3
51633,UPGRADE,SIMPLO,ABS/ASR/ESP,24/06/2026,657,  ,2026/3
51631,UPGRADE,SIMPLO,ABS/ASR/ESP,24/06/2026,363,  ,2026/3
48963,UPGRADE,SIMPLO,ABS/ASR/ESP,24/06/2026,649,  ,2026/3
48922,UPGRADE,SIMPLO,ABS/ASR/ESP,24/06/2026,364,  ,2026/3
48672,NOVA,SIMPLO,TORKS - SUSPENSÃO,24/06/2026,350C,SUBARU,2026/3
48671,NOVA,SIMPLO,TORKS - FREIOS,24/06/2026,350B,SUBARU,2026/3
48670,NOVA,SIMPLO,TORKS - DIREÇÃO,24/06/2026,350A,SUBARU,2026/3
51604,UPGRADE,SIMPLO,ABS/ASR/ESP,23/06/2026,1013,  ,2026/3
47243,UPGRADE,SIMPLO,ABS/ASR/ESP,23/06/2026,1005,  ,2026/3
51269,UPGRADE,SIMPLO,ABS/ASR/ESP,22/06/2026,1062,  ,2026/3
51252,UPGRADE,SIMPLO,ABS/ASR/ESP,22/06/2026,1061,  ,2026/3
50090,UPGRADE,SIMPLO,ABS/ASR/ESP,22/06/2026,1042,  ,2026/3
47827,UPGRADE,SIMPLO,ABS/ASR/ESP,22/06/2026,930,  ,2026/3
51740,CORREÇÃO,SIMPLO,ABS/ASR/ESP,22/06/2026,362,  ,2026/3
51514,NOVA,HIBRIDOS,HIBRIDOS,22/06/2026,90A,JAECOO,2026/3 H&E
51295,NOVA,ELETRICOS,ELETRICOS,22/06/2026,54A,FOTON,2026/3 H&E
51294,NOVA,ELETRICOS,ELETRICOS,22/06/2026,53,FOTON,2026/3 H&E
51289,NOVA,ELETRICOS,ELETRICOS,22/06/2026,52,FOTON,2026/3 H&E
51284,NOVA,HIBRIDOS,H&E - REVISA CAR,22/06/2026,89A,BYD,2026/3 H&E
51292,NOVA,ELETRICOS,ELETRICOS - REVISA,22/06/2026,51A,  ,2026/3 H&E
46459,NOVA,SIMPLO,MOTORES - LINHA LEVE,21/06/2026,1539,RAM,2026/3
46310,NOVA,SIMPLO,MOTORES - LINHA LEVE,20/06/2026,1538,  ,2026/3
49342,NOVA,SIMPLO,MOTORES - LINHA LEVE,20/06/2026,1537,HYUNDAI,2026/3
49104,UPGRADE,HIBRIDOS,H&E,19/06/2026,13,  ,2026/3 H&E
51651,CORREÇÃO,SIMPLO,ELECTRA,19/06/2026,254,CHEVROLET,2026/3
51705,CORREÇÃO,MOTOS,INJEÇÃO,19/06/2026,47,HONDA,2026/2
51619,UPGRADE,SIMPLO,ABS/ASR/ESP,18/06/2026,778,  ,2026/3
51720,CORREÇÃO,SIMPLO,ELECTRA TRUCK,18/06/2026,192,  ,2026/3
51674,CORREÇÃO,SIMPLO,ELECTRA,18/06/2026,295,  ,2026/3
43370,UPGRADE,SIMPLO,ELECTRA,18/06/2026,130,  ,2026/3
51121,UPGRADE,SIMPLO,MOTORES - LINHA LEVE,18/06/2026,523,  ,2026/3
43017,UPGRADE,SIMPLO,MOTORES - LINHA LEVE,18/06/2026,571,  ,2026/3
51600,CORREÇÃO,SIMPLO,LUBRITEC,18/06/2026,5747,  ,2026/3
51400,CORREÇÃO,SIMPLO,LUBRITEC,18/06/2026,5659,  ,2026/3
51716,CORREÇÃO,SIMPLO,LUBRITEC,18/06/2026,5600,  ,2026/3
51502,UPGRADE,SIMPLO,ELECTRA TRUCK,17/06/2026,153,,2026/3
50685,UPGRADE,SIMPLO,ELECTRA TRUCK,17/06/2026,205,,2026/3
51685,CORREÇÃO,SIMPLO,ELECTRA,17/06/2026,194,,2026/3
51621,UPGRADE,SIMPLO,ELECTRA,17/06/2026,340,,2026/3
51658,CORREÇÃO,SIMPLO,CLIMA CAR,17/06/2026,442,,2026/3
51540,CORREÇÃO,SIMPLO,CÂMBIO,17/06/2026,165,,2026/3
51629,CORREÇÃO,SIMPLO,DIESEL,17/06/2026,281,,2026/3
51628,CORREÇÃO,SIMPLO,DIESEL,17/06/2026,282,,2026/3
50574,UPGRADE,SIMPLO,DIESEL,16/06/2026,401,,2026/3
50202,UPGRADE,SIMPLO,DIESEL,16/06/2026,196,,2026/3
48290,UPGRADE,SIMPLO,DIESEL,16/06/2026,440,,2026/3
47724,UPGRADE,SIMPLO,DIESEL,16/06/2026,204,,2026/3
51686,UPGRADE,SIMPLO,MOTORES - LINHA LEVE,16/06/2026,1274,,2026/3
51676,UPGRADE,SIMPLO,INJEÇÃO,16/06/2026,2185,,2026/3
51667,UPGRADE,SIMPLO,INJEÇÃO,16/06/2026,61,,2026/3
51662,UPGRADE,SIMPLO,INJEÇÃO,16/06/2026,1406,,2026/3
48371,UPGRADE,SIMPLO,INJEÇÃO,16/06/2026,1973,,2026/3
51680,CORREÇÃO,SIMPLO,MOTORES - LINHA LEVE,15/06/2026,947,,2026/3
51659,CORREÇÃO,SIMPLO,INJEÇÃO,15/06/2026,1764,,2026/3
51649,UPGRADE,SIMPLO,INJEÇÃO,15/06/2026,401,FORD,2026/3
51644,UPGRADE,SIMPLO,INJEÇÃO,15/06/2026,614,FORD,2026/3
51642,CORREÇÃO,SIMPLO,INJEÇÃO,15/06/2026,1808,FIAT,2026/3
50336,NOVA,SIMPLO,MOTORES - LINHA LEVE,15/06/2026,1420,AUDI/VOLKSWAGEN,2026/3
51638,UPGRADE,SIMPLO,INJEÇÃO,15/06/2026,2262,PEUGEOT,2026/3
51636,UPGRADE,SIMPLO,INJEÇÃO,15/06/2026,630,FORD,2026/3
51601,UPGRADE,SIMPLO,INJEÇÃO,15/06/2026,2057,FIAT/JEEP,2026/3
51583,UPGRADE,SIMPLO,INJEÇÃO,15/06/2026,669,FIAT,2026/3
51566,UPGRADE,SIMPLO,INJEÇÃO,12/06/2026,1176,FIAT,2026/3
51563,UPGRADE,SIMPLO,INJEÇÃO,12/06/2026,1283,FIAT,2026/3
51533,UPGRADE,SIMPLO,INJEÇÃO,12/06/2026,1079,FORD,2026/3
51524,UPGRADE,SIMPLO,INJEÇÃO,12/06/2026,1349,VOLKSWAGEN,2026/3
51521,UPGRADE,SIMPLO,INJEÇÃO,12/06/2026,1696,FIAT,2026/3
51519,UPGRADE,SIMPLO,INJEÇÃO,12/06/2026,1587,CHEVROLET,2026/3
51518,UPGRADE,SIMPLO,INJEÇÃO,12/06/2026,1403,CHEVROLET,2026/3
51517,UPGRADE,SIMPLO,INJEÇÃO,12/06/2026,1429,CHEVROLET,2026/3
51515,UPGRADE,SIMPLO,INJEÇÃO,12/06/2026,1631,FIAT,2026/3
51512,UPGRADE,SIMPLO,INJEÇÃO,12/06/2026,596,CHEVROLET,2026/3
51442,UPGRADE,SIMPLO,INJEÇÃO,12/06/2026,403,HONDA,2026/3
51428,UPGRADE,SIMPLO,INJEÇÃO,12/06/2026,739,HONDA,2026/3
51418,UPGRADE,SIMPLO,INJEÇÃO,12/06/2026,1175,FIAT,2026/3
51405,CORREÇÃO,SIMPLO,INJEÇÃO,12/06/2026,1789,CHEVROLET,2026/3
51402,UPGRADE,SIMPLO,INJEÇÃO,12/06/2026,527,FIAT,2026/3
51364,CORREÇÃO,SIMPLO,INJEÇÃO,11/06/2026,2233,BMW,2026/3
51665,CORREÇÃO,SIMPLO,INJEÇÃO,11/06/2026,1905,CHEVROLET,2026/3
51257,UPGRADE,SIMPLO,INJEÇÃO,11/06/2026,207,BMW,2026/3
51256,UPGRADE,SIMPLO,INJEÇÃO,11/06/2026,192,BMW,2026/3
51234,UPGRADE,SIMPLO,INJEÇÃO,11/06/2026,173,LAND ROVER,2026/3
50657,UPGRADE,SIMPLO,INJEÇÃO,11/06/2026,1722,VOLKSWAGEN,2026/3
50308,UPGRADE,SIMPLO,INJEÇÃO,11/06/2026,1417,VOLKSWAGEN,2026/3
50307,UPGRADE,SIMPLO,INJEÇÃO,11/06/2026,1348,VOLKSWAGEN,2026/3
49979,UPGRADE,SIMPLO,INJEÇÃO,11/06/2026,720,FORD,2026/3
49689,UPGRADE,SIMPLO,INJEÇÃO,11/06/2026,2116,VOLKSWAGEN,2026/3
49241,UPGRADE,SIMPLO,INJEÇÃO,11/06/2026,2026,TOYOTA,2026/3
49071,UPGRADE,SIMPLO,INJEÇÃO,11/06/2026,2258,BMW,2026/3
51657,CORREÇÃO,SIMPLO,INJEÇÃO,11/06/2026,1115,PEUGEOT,2026/3
51647,CORREÇÃO,SIMPLO,MOTORES - LINHA PESADA,10/06/2026,213,,2026/3
51650,CORREÇÃO,SIMPLO,ELECTRA,10/06/2026,37,,2026/3
47709,UPGRADE,SIMPLO,INJEÇÃO,09/06/2026,2157,MERCEDES-BENZ,2026/3
47126,UPGRADE,SIMPLO,INJEÇÃO,09/06/2026,528,VOLKSWAGEN,2026/3
46732,UPGRADE,SIMPLO,INJEÇÃO,09/06/2026,1064,VOLKSWAGEN,2026/3
46694,UPGRADE,SIMPLO,INJEÇÃO,08/06/2026,316,VOLKSWAGEN,2026/3
51317,NOVA,SIMPLO,PICO SCOPE,08/06/2026,869,MERCEDES-BENZ,2026/3
51381,NOVA,SIMPLO,PICO SCOPE,08/06/2026,868,MERCEDES-BENZ,2026/3
51439,NOVA,SIMPLO,PICO SCOPE,08/06/2026,867,RENAULT,2026/3
51377,NOVA,SIMPLO,PICO SCOPE,08/06/2026,866,RENAULT,2026/3
51486,NOVA,SIMPLO,PICO SCOPE,07/06/2026,865,HYUNDAI,2026/3
51487,NOVA,SIMPLO,PICO SCOPE,07/06/2026,864,HYUNDAI,2026/3
51526,NOVA,SIMPLO,PICO SCOPE,07/06/2026,863,CHEVROLET,2026/3
51385,NOVA,SIMPLO,PICO SCOPE,07/06/2026,862,KIA,2026/3
51630,NOVA,SIMPLO,PICO SCOPE,07/06/2026,861,TOYOTA,2026/3
51575,NOVA,SIMPLO,PICO SCOPE,07/06/2026,860,VOLKSWAGEN,2026/3
51556,NOVA,SIMPLO,PICO SCOPE,07/06/2026,859,CHEVROLET,2026/3
46203,NOVA,SIMPLO,MT PRO,07/06/2026,511,MERCEDES-BENZ,2026/3
51380,NOVA,SIMPLO,MT PRO,07/06/2026,510,MERCEDES-BENZ,2026/3
51384,NOVA,SIMPLO,MT PRO,06/06/2026,509,KIA,2026/3
51376,NOVA,SIMPLO,MT PRO,06/06/2026,508,RENAULT,2026/3
51396,NOVA,SIMPLO,MT PRO,06/06/2026,507,CHEVROLET,2026/3
51436,NOVA,SIMPLO,MT PRO,06/06/2026,506,RENAULT,2026/3
51461,NOVA,SIMPLO,MT PRO,06/06/2026,505,HYUNDAI,2026/3
51462,NOVA,SIMPLO,MT PRO,06/06/2026,504,HYUNDAI,2026/3
51492,NOVA,SIMPLO,MT PRO,06/06/2026,503,CHEVROLET,2026/3
51493,NOVA,SIMPLO,MT PRO,06/06/2026,502,CHEVROLET,2026/3
46614,UPGRADE,SIMPLO,INJEÇÃO,05/06/2026,447,VOLKSWAGEN,2026/3
45885,UPGRADE,SIMPLO,INJEÇÃO,05/06/2026,1269,FIAT,2026/3
45788,UPGRADE,SIMPLO,INJEÇÃO,05/06/2026,1207,FIAT,2026/3
45782,UPGRADE,SIMPLO,INJEÇÃO,05/06/2026,1189,FIAT,2026/3
45546,UPGRADE,SIMPLO,INJEÇÃO,05/06/2026,1048,FIAT,2026/3
45521,UPGRADE,SIMPLO,INJEÇÃO,05/06/2026,1047,FIAT,2026/3
51624,CORREÇÃO,SIMPLO,ELECTRA,05/06/2026,169,CHEVROLET,2026/3
45262,UPGRADE,SIMPLO,INJEÇÃO,05/06/2026,674,FIAT,2026/3
45040,UPGRADE,SIMPLO,INJEÇÃO,05/06/2026,418,FIAT,2026/3
44923,UPGRADE,SIMPLO,INJEÇÃO,04/06/2026,159,FIAT,2026/3
44645,UPGRADE,SIMPLO,INJEÇÃO,04/06/2026,1063,VOLKSWAGEN,2026/3
44280,UPGRADE,SIMPLO,INJEÇÃO,04/06/2026,823,FORD,2026/3
43728,UPGRADE,SIMPLO,INJEÇÃO,04/06/2026,586,VOLKSWAGEN,2026/3
43317,UPGRADE,SIMPLO,INJEÇÃO,04/06/2026,1128,VOLKSWAGEN,2026/3
51614,UPGRADE,SIMPLO,ELECTRA,04/06/2026,102,FIAT,2026/3
42844,UPGRADE,SIMPLO,INJEÇÃO,04/06/2026,384,FORD,2026/3
41425,UPGRADE,SIMPLO,INJEÇÃO,04/06/2026,852,FIAT,2026/3
40823,UPGRADE,SIMPLO,INJEÇÃO,04/06/2026,687,VOLKSWAGEN,2026/3
40747,UPGRADE,SIMPLO,INJEÇÃO,03/06/2026,567,VOLKSWAGEN,2026/3
40674,UPGRADE,SIMPLO,INJEÇÃO,03/06/2026,1346,VOLKSWAGEN,2026/3
49103,UPGRADE,ELÉTRICOS,ELETRICOS - AC,03/06/2026,33,MINI,2026/3 H&E
49050,UPGRADE,ELÉTRICOS,ELETRICOS,03/06/2026,33,MINI,2026/3 H&E
51567,UPGRADE,ELÉTRICOS,ELETRICOS - REVISA,03/06/2026,43,,2026/3 H&E
44068,UPGRADE,ELÉTRICOS,ELETRICOS,03/06/2026,49,VOLVO,2026/3 H&E
49105,UPGRADE,HIBRIDOS,H&E,03/06/2026,10,LEXUS,2026/3 H&E
49086,UPGRADE,HIBRIDOS,H&E - ABS,03/06/2026,70,PORSCHE,2026/3 H&E
51599,CORREÇÃO,SIMPLO,INJEÇÃO,03/06/2026,1101,HONDA,2026/3
51598,CORREÇÃO,SIMPLO,INJEÇÃO,03/06/2026,1100,HONDA,2026/3
51597,CORREÇÃO,SIMPLO,INJEÇÃO,03/06/2026,1544,HONDA,2026/3
49967,UPGRADE,HIBRIDOS,ELECTRA,03/06/2026,58,GWM,2026/3 H&E
51362,UPGRADE,HIBRIDOS,H&E - SINCRO,02/06/2026,58,GWM,2026/3 H&E
51311,UPGRADE,HIBRIDOS,H&E,02/06/2026,58,GWM,2026/3 H&E
51274,UPGRADE,SIMPLO,INJEÇÃO,02/06/2026,2103,RENAULT,2026/3
51542,CORREÇÃO,SIMPLO,INJEÇÃO,02/06/2026,820,CHEVROLET,2026/3
51531,UPGRADE,SIMPLO,INJEÇÃO,02/06/2026,1190,CHEVROLET,2026/3
51529,UPGRADE,SIMPLO,INJEÇÃO,02/06/2026,993,CHEVROLET,2026/3
51448,UPGRADE,SIMPLO,INJEÇÃO,02/06/2026,591,CHEVROLET,2026/3
51569,UPGRADE,SIMPLO,DIESEL,02/06/2026,231,MERCEDES-BENZ,2026/3
51415,UPGRADE,SIMPLO,ELECTRA TRUCK,02/06/2026,189,MERCEDES-BENZ,2026/3
51511,CORREÇÃO,SIMPLO,ELECTRA TRUCK,02/06/2026,176,FORD,2026/3
51511,CORREÇÃO,SIMPLO,ELECTRA,02/06/2026,201,FORD,2026/3
51440,NOVA,SIMPLO,CÂMBIO,02/06/2026,306,HYUNDAI,2026/3
51552,UPGRADE,SIMPLO,ELECTRA,02/06/2026,351,MERCEDES-BENZ,2026/3
51534,CORREÇÃO,SIMPLO,ELECTRA,02/06/2026,101,CHEVROLET,2026/3
51446,UPGRADE,SIMPLO,ELECTRA,02/06/2026,169,CHEVROLET,2026/3
51445,UPGRADE,SIMPLO,CÂMBIO,02/06/2026,183,KIA,2026/3
51445,UPGRADE,SIMPLO,ELECTRA,02/06/2026,276,KIA,2026/3
51416,UPGRADE,SIMPLO,ELECTRA,02/06/2026,340,HYUNDAI,2026/3
51126,UPGRADE,SIMPLO,ELECTRA,02/06/2026,179,FIAT,2026/3
47926,UPGRADE,SIMPLO,ELECTRA,02/06/2026,73,HONDA,2026/3
43822,UPGRADE,SIMPLO,ELECTRA,02/06/2026,188,CHEVROLET,2026/3
41590,UPGRADE,SIMPLO,ELECTRA,02/06/2026,64,CHEVROLET,2026/3
23153,UPGRADE,SIMPLO,ELECTRA TRUCK,02/06/2026,123,MITSUBISHI,2026/3
23153,UPGRADE,SIMPLO,ELECTRA,02/06/2026,123,MITSUBISHI,2026/3
50092,UPGRADE,SIMPLO,CLIMA CAR,02/06/2026,1236,MERCEDES-BENZ,2026/3
49073,NOVA,SIMPLO,CLIMA TRUCK,02/06/2026,203,RAM,2026/3
49073,UPGRADE,SIMPLO,CLIMA CAR,02/06/2026,1222,RAM,2026/3
49072,UPGRADE,SIMPLO,CLIMA CAR,02/06/2026,1219,BMW,2026/3
51582,UPGRADE,SIMPLO,ABS/ASR/ESP,01/06/2026,563,VOLKSWAGEN,2026/3
51581,UPGRADE,SIMPLO,ABS/ASR/ESP,01/06/2026,669,VOLKSWAGEN,2026/3
51580,UPGRADE,SIMPLO,ABS/ASR/ESP,01/06/2026,588,VOLKSWAGEN,2026/3
51579,UPGRADE,SIMPLO,ABS/ASR/ESP,01/06/2026,4,FORD/VOLKSVAGEN,2026/3
51578,UPGRADE,SIMPLO,ABS/ASR/ESP,01/06/2026,5,VOLKSWAGEN,2026/3
51577,UPGRADE,SIMPLO,ABS/ASR/ESP,01/06/2026,555,VOLKSWAGEN,2026/3
51573,UPGRADE,SIMPLO,ABS/ASR/ESP,01/06/2026,615,VOLKSWAGEN,2026/3
51572,UPGRADE,SIMPLO,ABS/ASR/ESP,01/06/2026,172,VOLKSWAGEN,2026/3
51571,UPGRADE,SIMPLO,ABS/ASR/ESP,01/06/2026,58,VOLKSWAGEN,2026/3
51570,UPGRADE,SIMPLO,ABS/ASR/ESP,01/06/2026,675,VOLKSWAGEN,2026/3
51568,UPGRADE,SIMPLO,ABS/ASR/ESP,01/06/2026,676,VOLKSWAGEN,2026/3
51554,UPGRADE,SIMPLO,DIESEL,01/06/2026,121,FORD,2026/3
51553,UPGRADE,SIMPLO,DIESEL,01/06/2026,99,TROLLER,2026/3
51429,UPGRADE,SIMPLO,ABS/ASR/ESP,01/06/2026,212,HONDA,2026/3
51427,UPGRADE,SIMPLO,ABS/ASR/ESP,01/06/2026,212,HONDA,2026/3
47631,UPGRADE,SIMPLO,CLIMA TRUCK,29/05/2026,187,MERCEDES-BENZ,2026/3
47383,UPGRADE,SIMPLO,CLIMA CAR,29/05/2026,1084,MERCEDES-BENZ,2026/3
51541,CORREÇÃO,SIMPLO,CLIMA CAR,29/05/2026,881,CHEVROLET,2026/3
51523,UPGRADE,SIMPLO,CLIMA CAR,29/05/2026,1229,FIAT,2026/3
51503,UPGRADE,SIMPLO,CLIMA CAR,29/05/2026,842,MITSUBISHI,2026/3
51457,UPGRADE,SIMPLO,CLIMA CAR,29/05/2026,435,HONDA,2026/3
51456,UPGRADE,SIMPLO,CLIMA CAR,29/05/2026,435,HONDA,2026/3
51451,UPGRADE,SIMPLO,CLIMA CAR,29/05/2026,437,HONDA,2026/3
51438,UPGRADE,SIMPLO,CLIMA CAR,29/05/2026,437,HONDA,2026/3
51280,UPGRADE,SIMPLO,CLIMA CAR,29/05/2026,1242,LAND ROVER,2026/3
47290,UPGRADE,SIMPLO,CLIMA CAR,29/05/2026,1198,LAND ROVER,2026/3
47281,UPGRADE,SIMPLO,CLIMA CAR,29/05/2026,1200,MERCEDES-BENZ,2026/3
47265,UPGRADE,SIMPLO,CLIMA CAR,29/05/2026,1197,LIFAN,2026/3
50097,UPGRADE,SIMPLO,CLIMA TRUCK,29/05/2026,190,DAF,2026/3
49959,UPGRADE,SIMPLO,ABS/ASR/ESP,29/05/2026,1035,SCANIA,2026/3
51513,UPGRADE,SIMPLO,ABS/ASR/ESP,29/05/2026,672,MITSUBISHI,2026/3
51485,UPGRADE,SIMPLO,ABS/ASR/ESP,29/05/2026,783,MITSUBISHI,2026/3
51395,UPGRADE,SIMPLO,ABS/ASR/ESP,29/05/2026,726,FIAT,2026/3
51372,UPGRADE,SIMPLO,ABS/ASR/ESP,29/05/2026,470,MITSUBISHI,2026/3
51355,UPGRADE,SIMPLO,ABS/ASR/ESP,28/05/2026,176,FORD,2026/3
51354,UPGRADE,SIMPLO,ABS/ASR/ESP,28/05/2026,208,FORD,2026/3
51353,UPGRADE,SIMPLO,ABS/ASR/ESP,28/05/2026,360,FORD,2026/3
51350,UPGRADE,SIMPLO,ABS/ASR/ESP,28/05/2026,331,FORD,2026/3
51349,UPGRADE,SIMPLO,ABS/ASR/ESP,28/05/2026,57,FORD,2026/3
51348,UPGRADE,SIMPLO,ABS/ASR/ESP,28/05/2026,757,FORD,2026/3
51347,UPGRADE,SIMPLO,ABS/ASR/ESP,28/05/2026,10,FORD,2026/3
51346,UPGRADE,SIMPLO,ABS/ASR/ESP,28/05/2026,361,FORD,2026/3
51345,UPGRADE,SIMPLO,ABS/ASR/ESP,28/05/2026,63,FORD,2026/3
51344,UPGRADE,SIMPLO,ABS/ASR/ESP,28/05/2026,493,FORD,2026/3
51343,UPGRADE,SIMPLO,ABS/ASR/ESP,28/05/2026,366,FORD,2026/3
51342,UPGRADE,SIMPLO,ABS/ASR/ESP,27/05/2026,362,FORD,2026/3
51329,UPGRADE,SIMPLO,ABS/ASR/ESP,27/05/2026,1054,FIAT,2026/3
51322,UPGRADE,SIMPLO,ABS/ASR/ESP,27/05/2026,746,FORD,2026/3
51321,UPGRADE,SIMPLO,ABS/ASR/ESP,27/05/2026,359,FORD,2026/3
51320,UPGRADE,SIMPLO,ABS/ASR/ESP,27/05/2026,62,FORD,2026/3
51319,UPGRADE,SIMPLO,ABS/ASR/ESP,27/05/2026,178,FORD,2026/3
49070,UPGRADE,SIMPLO,ABS/ASR/ESP,27/05/2026,1030,BMW,2026/3
51010,UPGRADE,SIMPLO,SINCRO - CORREIAS,27/05/2026,1906,CITROEN/PEUGEOT,2026/3
51532,CORREÇÃO,SIMPLO,INJEÇÃO,27/05/2026,1331,CHEVROLET,2026/3
51339,UPGRADE,SIMPLO,INJEÇÃO,27/05/2026,1743,JEEP,2026/3
51338,UPGRADE,SIMPLO,INJEÇÃO,27/05/2026,1690,JEEP,2026/3
51316,CORREÇÃO,SIMPLO,INJEÇÃO,26/05/2026,1079,FORD,2026/3
51239,CORREÇÃO,SIMPLO,INJEÇÃO,26/05/2026,1757,FIAT,2026/3
51199,UPGRADE,SIMPLO,INJEÇÃO,26/05/2026,1617,HONDA,2026/3
51142,UPGRADE,SIMPLO,INJEÇÃO,26/05/2026,1491,HYUNDAI,2026/3
51098,CORREÇÃO,SIMPLO,INJEÇÃO,26/05/2026,773,FIAT,2026/3
51072,UPGRADE,SIMPLO,INJEÇÃO,26/05/2026,740,HONDA,2026/3
50975,UPGRADE,SIMPLO,INJEÇÃO,26/05/2026,1256,VOLKSWAGEN,2026/3
50940,UPGRADE,SIMPLO,INJEÇÃO,26/05/2026,1612,KIA,2026/3
50800,UPGRADE,SIMPLO,INJEÇÃO,26/05/2026,1732,VOLKSWAGEN,2026/3
50487,UPGRADE,SIMPLO,INJEÇÃO,26/05/2026,1525,MITSUBISHI,2026/3
50472,UPGRADE,SIMPLO,INJEÇÃO,26/05/2026,41,FIAT,2026/3
50397,UPGRADE,SIMPLO,INJEÇÃO,26/05/2026,1363,CHEVROLET,2026/3
51530,CORREÇÃO,SIMPLO,INJEÇÃO,25/05/2026,1352,RENAULT,2026/3
51444,CORREÇÃO,SIMPLO,DIESEL,25/05/2026,402,MERCEDES-BENZ,2026/3
51397,UPGRADE,SIMPLO,DIESEL,25/05/2026,318,CITROEN,2026/3
51333,UPGRADE,SIMPLO,DIESEL,25/05/2026,293,JEEP,2026/3
51332,UPGRADE,SIMPLO,DIESEL,25/05/2026,291,JEEP,2026/3
51337,UPGRADE,SIMPLO,CLIMA CAR,21/05/2026,1159,JEEP,2026/3
51336,UPGRADE,SIMPLO,CLIMA CAR,21/05/2026,1159,JEEP,2026/3
51058,UPGRADE,SIMPLO,CLIMA CAR,21/05/2026,695,NISSAN,2026/3
51359,UPGRADE,SIMPLO,CLIMA TRUCK,21/05/2026,102,NISSAN,2026/3
51481,UPGRADE,SIMPLO,CÂMBIO TRUCK,21/05/2026,283,MERCEDES-BENZ,2026/3
51484,CORREÇÃO,SIMPLO,CÂMBIO,21/05/2026,270,,2026/3
51441,UPGRADE,SIMPLO,ABS/ASR/ESP,21/05/2026,775,FIAT,2026/3
51335,UPGRADE,SIMPLO,ABS/ASR/ESP,21/05/2026,818,JEEP,2026/3
26573,NOVA,TRACTOR,INJEÇÃO TRACTOR,21/05/2026,97,MASSEY FERGUSON,2026/3 T
34191,NOVA,TRACTOR,INJEÇÃO TRACTOR,21/05/2026,96,MASSEY FERGUSON,2026/3 T
34229,NOVA,TRACTOR,INJEÇÃO TRACTOR,21/05/2026,95,MASSEY FERGUSON,2026/3 T
51165,NOVA,TRACTOR,INJEÇÃO TRACTOR,21/05/2026,94,JOHN DEERE,2026/3 T
51334,UPGRADE,SIMPLO,ABS/ASR/ESP,21/05/2026,784,JEEP,2026/3
51483,CORREÇÃO,SIMPLO,ELECTRA TRUCK,21/05/2026,205,MERCEDES-BENZ,2026/3
51409,CORREÇÃO,SIMPLO,ELECTRA TRUCK,21/05/2026,140,FORD,2026/3
51325,UPGRADE,SIMPLO,ELECTRA TRUCK,21/05/2026,173,JEEP,2026/3
51318,UPGRADE,SIMPLO,ELECTRA TRUCK,21/05/2026,170,JEEP,2026/3
51187,UPGRADE,SIMPLO,ELECTRA TRUCK,21/05/2026,200,DAF,2026/3
51410,CORREÇÃO,SIMPLO,ELECTRA,21/05/2026,183,FORD,2026/3
51510,CORREÇÃO,SIMPLO,ELECTRA,21/05/2026,190,FORD,2026/3
51330,UPGRADE,SIMPLO,ELECTRA,20/05/2026,199,JEEP,2026/3
51327,UPGRADE,SIMPLO,ELECTRA,20/05/2026,198,JEEP,2026/3
51297,UPGRADE,SIMPLO,ELECTRA,20/05/2026,274,HYUNDAI,2026/3
51215,UPGRADE,SIMPLO,ELECTRA,20/05/2026,159,FORD,2026/3
51500,UPGRADE,SIMPLO,DIESEL,20/05/2026,341,SCANIA,2026/3
51144,UPGRADE,SIMPLO,ELECTRA,20/05/2026,200,JEEP,2026/3
51001,UPGRADE,SIMPLO,ELECTRA,20/05/2026,90,FORD,2026/3
50985,UPGRADE,SIMPLO,ELECTRA,20/05/2026,338,RENAULT,2026/3
50404,UPGRADE,SIMPLO,ELECTRA,20/05/2026,236,CHEVROLET,2026/3
49813,UPGRADE,SIMPLO,ELECTRA,20/05/2026,195,FIAT,2026/3
49715,UPGRADE,SIMPLO,ELECTRA TRUCK,20/05/2026,226,MERCEDES-BENZ TRUCK,2026/3
49715,UPGRADE,SIMPLO,ELECTRA,20/05/2026,303,BMW,2026/3
40423,UPGRADE,SIMPLO,ELECTRA,20/05/2026,168,FORD,2026/3
51496,CORREÇÃO,SIMPLO,LUBRITEC,19/05/2026,3632,,2026/3
51472,UPGRADE,SIMPLO,REVISA CAR,14/05/2026,39,CHEVROLET,2026/3
51413,UPGRADE,SIMPLO,DIESEL,14/05/2026,112,MITSUBISHI,2026/3
51465,UPGRADE,SIMPLO,SINCRO - CORREIAS,14/05/2026,1593,VOLKSWAGEN,2026/3
51450,CORREÇÃO,SIMPLO,INJEÇÃO,12/05/2026,186,FIAT,2026/3
51437,UPGRADE,SIMPLO,DIESEL,12/05/2026,341,SCANIA,2026/3
51407,UPGRADE,SIMPLO,LUBRITEC,08/05/2026,2513,TOYOTA,2026/3
51394,CORREÇÃO,SIMPLO,INJEÇÃO,08/05/2026,1674,CITROEN,2026/3
51357,CORREÇÃO,SIMPLO,INJEÇÃO,08/05/2026,406,CHEVROLET,2026/3
51281,UPGRADE,SIMPLO,CÂMBIO,03/05/2026,270,HYUNDAI,2026/2
51341,UPGRADE,SIMPLO,CÂMBIO,03/05/2026,67,HYUNDAI,2026/2
51341,UPGRADE,SIMPLO,CÂMBIO,03/05/2026,195,HYUNDAI,2026/2
50062,UPGRADE,SIMPLO,CÂMBIO,03/05/2026,230,VOLKSWAGEN,2026/2
36735,UPGRADE,SIMPLO,CÂMBIO,03/05/2026,113,CHEVROLET,2026/2
50929,CORREÇÃO,SIMPLO,CÂMBIO TRUCK,03/05/2026,272,DAF,2026/2
50395,UPGRADE,SIMPLO,CÂMBIO,03/05/2026,68,VOLKSWAGEN,2026/2
50398,UPGRADE,SIMPLO,CÂMBIO TRUCK,03/05/2026,68,VOLKSWAGEN,2026/2
50897,UPGRADE,SIMPLO,CÂMBIO,03/05/2026,48,NISSAN,2026/2
49136,UPGRADE,SIMPLO,CÂMBIO,03/05/2026,246,VOLKSWAGEN,2026/2
49275,UPGRADE,SIMPLO,CÂMBIO TRUCK,03/05/2026,240,RAM,2026/2
49275,UPGRADE,SIMPLO,CÂMBIO,03/05/2026,240,RAM,2026/2
48995,UPGRADE,SIMPLO,CÂMBIO TRUCK,03/05/2026,241,FIAT,2026/2
48995,UPGRADE,SIMPLO,CÂMBIO,03/05/2026,241,FIAT,2026/2
50542,UPGRADE,SIMPLO,CÓDIGO DE FALHAS,03/05/2026,755,IVECO,2026/2
51307,CORREÇÃO,HIBRIDOS,H&E,03/05/2026,58,GWM,2026/2
51260,UPGRADE,HIBRIDOS,REVISA CAR,03/05/2026,9,VOLVO,2026/2
51177,UPGRADE,HIBRIDOS,H&E - ELECTRA,03/05/2026,9,VOLVO,2026/2
51251,UPGRADE,HIBRIDOS,REVISA CAR,03/05/2026,20,VOLVO,2026/2
49985,NOVA,SIMPLO,CÂMBIO,02/05/2026,305,FIAT,2026/2
51243,NOVA,SIMPLO,ABS/ASR/ESP,01/05/2026,1063,FIAT,2026/2
51213,NOVA,SIMPLO,INJEÇÃO,01/05/2026,2290,FIAT,2026/2
50596,NOVA,SIMPLO,DIESEL,01/05/2026,324,VOLKSWAGEN,2026/2
50902,UPGRADE,TRACTOR,CLIMA TRACTOR,30/04/2026,,JOHN DEERE,2026/2 T
51340,CORREÇÃO,SIMPLO,DIESEL,30/04/2026,358,MERCEDES-BENZ,2026/2
51174,UPGRADE,SIMPLO,INJEÇÃO,30/04/2026,84,CHEVROLET,2026/2
59159,UPGRADE,SIMPLO,SCOPE TRUCK (MT PRO),30/04/2026,361,RENAULT,2026/2
59159,UPGRADE,SIMPLO,MT PRO,30/04/2026,361,RENAULT,2026/2
47438,UPGRADE,SIMPLO,MT PRO,30/04/2026,234,TOYOTA,2026/2
51160,UPGRADE,SIMPLO,SCOPE TRUCK (PICO SCOPE),30/04/2026,744,RENAULT,2026/2
51160,UPGRADE,SIMPLO,PICO SCOPE,30/04/2026,744,RENAULT,2026/2
51109,UPGRADE,SIMPLO,PICO SCOPE,30/04/2026,629,TOYOTA,2026/2
51137,CORREÇÃO,SIMPLO,ELECTRA,30/04/2026,185,RENAULT,2026/2
50548,UPGRADE,SIMPLO,ELECTRA,30/04/2026,269,VOLKSWAGEN,2026/2
51315,UPGRADE,SIMPLO,INJEÇÃO,30/04/2026,1765,FIAT,2026/2
51314,UPGRADE,SIMPLO,INJEÇÃO,30/04/2026,1700,FIAT,2026/2
51313,UPGRADE,SIMPLO,ABS/ASR/ESP,30/04/2026,775,FIAT,2026/2
51206,UPGRADE,SIMPLO,ABS/ASR/ESP,30/04/2026,1054,FIAT,2026/2
38849,NOVA,SIMPLO,CÂMBIO,30/04/2026,304,FIAT,2026/2
38849,NOVA,SIMPLO,ELECTRA,30/04/2026,377,FIAT,2026/2
51030,NOVA,SIMPLO,CÂMBIO,30/04/2026,303,TOYOTA,2026/2
51030,NOVA,SIMPLO,ELECTRA,30/04/2026,376,TOYOTA,2026/2
50349,UPGRADE,SIMPLO,PICO SCOPE,30/04/2026,316,MITSUBISHI,2026/2
45962,UPGRADE,SIMPLO,PICO SCOPE,30/04/2026,545,KIA,2026/2
51055,UPGRADE,SIMPLO,SINCRO - CORREIAS,30/04/2026,1844,VOLVO,2026/2
50963,UPGRADE,SIMPLO,SINCRO - CORREIAS,30/04/2026,1976,FIAT/CITROEN/PEUGEOT,2026/2
51293,UPGRADE,SIMPLO,ELECTRA,30/04/2026,148,HYUNDAI,2026/2
51306,CORREÇÃO,SIMPLO,INJEÇÃO,30/04/2026,1079,FORD,2026/2
51034,UPGRADE,SIMPLO,CLIMA TRUCK,30/04/2026,154,VOLKSWAGEN,2026/2
51196,UPGRADE,SIMPLO,CLIMA CAR,30/04/2026,1169,FIAT,2026/2
51178,UPGRADE,SIMPLO,ABS/ASR/ESP,30/04/2026,1052,FIAT,2026/2
49823,NOVA,SIMPLO,ELECTRA TRUCK,30/04/2026,230,GWM,2026/2
49823,NOVA,SIMPLO,ELECTRA,30/04/2026,375,GWM,2026/2
51052,UPGRADE,SIMPLO,MOTORES - LINHA LEVE,29/04/2026,186,CITROEN,2026/2
51310,UPGRADE,SIMPLO,MOTORES - LINHA LEVE,29/04/2026,1468,MITSUBISHI,2026/2
49990,UPGRADE,SIMPLO,INJEÇÃO,29/04/2026,1477,FORD,2026/2
50972,CORREÇÃO,SIMPLO,INJEÇÃO,29/04/2026,2057,FIAT/JEEP,2026/2
49754,NOVA,SIMPLO,ELECTRA TRUCK,29/04/2026,229,VOLVO,2026/2
49754,NOVA,SIMPLO,ELECTRA,29/04/2026,374,VOLVO,2026/2
51050,NOVA,SIMPLO,ELECTRA,29/04/2026,373,KIA,2026/2
46801,NOVA,SIMPLO,CÂMBIO,29/04/2026,302,KIA,2026/2
46801,NOVA,SIMPLO,ELECTRA,29/04/2026,372,KIA,2026/2
24495,NOVA,TRACTOR,CLIMA TRACTOR,29/04/2026,197,JOHN DEERE,2026/2
49881,NOVA,SIMPLO,TORKS - DIREÇÃO,29/04/2026,349,CHEVROLET,2026/2
42852,NOVA,SIMPLO,SINCRO - CORREIAS,29/04/2026,2035,VOLVO,2026/2
14894,NOVA,SIMPLO,SINCRO - CORRENTES,29/04/2026,2034,FORD/VOLKSVAGEN,2026/2
50812,NOVA,SIMPLO,REVISA CAR,29/04/2026,51,CITROEN,2026/2
51287,UPGRADE,SIMPLO,MOTORES - LINHA LEVE,29/04/2026,1217,FORD,2026/2
51213,UPGRADE,SIMPLO,MOTORES - LINHA LEVE,28/04/2026,1527,FIAT/CITROEN/PEUGEOT,2026/2
51300,CORREÇÃO,SIMPLO,DIESEL,28/04/2026,35,,2026/2
50518,UPGRADE,SIMPLO,ABS/ASR/ESP,28/04/2026,585,VOLVO,2026/2
51244,UPGRADE,SIMPLO,DIESEL,28/04/2026,425,,2026/2
51217,UPGRADE,SIMPLO,DIESEL,28/04/2026,365,TOYOTA,2026/2
51249,UPGRADE,SIMPLO,INJEÇÃO,28/04/2026,991,FIAT,2026/2
51226,UPGRADE,SIMPLO,INJEÇÃO,28/04/2026,47,FIAT,2026/2
51262,NOVA,SIMPLO,PICO SCOPE,28/04/2026,858,MERCEDES-BENZ,2026/2
46179,NOVA,SIMPLO,MT PRO,28/04/2026,501,MERCEDES-BENZ,2026/2
51225,UPGRADE,SIMPLO,INJEÇÃO,28/04/2026,48,FIAT,2026/2
51197,UPGRADE,SIMPLO,INJEÇÃO,28/04/2026,1865,BMW,2026/2
46078,UPGRADE,SIMPLO,INJEÇÃO,28/04/2026,1887,,2026/2
44931,UPGRADE,SIMPLO,INJEÇÃO,28/04/2026,106,FIAT,2026/2
44912,UPGRADE,SIMPLO,INJEÇÃO,28/04/2026,117,FIAT,2026/2
44869,UPGRADE,SIMPLO,INJEÇÃO,28/04/2026,90,FIAT,2026/2
51022,NOVA,SIMPLO,ELECTRA,28/04/2026,371,HYUNDAI,2026/2
50630,NOVA,SIMPLO,ELECTRA,28/04/2026,370,VOLKSWAGEN,2026/2
51223,NOVA,SIMPLO,ELECTRA,28/04/2026,369,KIA,2026/2
46808,NOVA,SIMPLO,ELECTRA,28/04/2026,368,KIA,2026/2
49705,NOVA,SIMPLO,ELECTRA,28/04/2026,367,CHEVROLET,2026/2
44254,NOVA,SIMPLO,ELECTRA,28/04/2026,366,HYUNDAI,2026/2
39891,NOVA,SIMPLO,ELECTRA,28/04/2026,365,HONDA,2026/2
33481,NOVA,SIMPLO,ELECTRA,28/04/2026,364,HONDA,2026/2
48088,NOVA,SIMPLO,TORKS - SUSPENSÃO,27/04/2026,348,LAND ROVER,2026/2
48087,NOVA,SIMPLO,TORKS - FREIOS,27/04/2026,348,LAND ROVER,2026/2
48086,NOVA,SIMPLO,TORKS - DIREÇÃO,27/04/2026,348,LAND ROVER,2026/2
50242,NOVA,SIMPLO,CÂMBIO TRUCK,27/04/2026,301,VOLKSWAGEN,2026/2
50631,NOVA,SIMPLO,CÂMBIO,27/04/2026,300,VOLKSWAGEN,2026/2
51279,NOVA,ELÉTRICOS,ELETRICOS - REVISA,27/04/2026,50,VOLVO,2026/2 H&E
51112,UPGRADE,SIMPLO,ELECTRA TRUCK,27/04/2026,17,SCANIA,2026/2
51068,CORREÇÃO,SIMPLO,ELECTRA TRUCK,27/04/2026,158,TOYOTA,2026/2
46796,NOVA,SIMPLO,LOCAR,27/04/2026,1025,VOLKSWAGEN,2026/2
50930,CORREÇÃO,SIMPLO,ELECTRA TRUCK,27/04/2026,219,DAF,2026/2
51181,NOVA,ELÉTRICOS,ELETRICOS - ABS,27/04/2026,49,VOLVO,2026/2 H&E
50859,CORREÇÃO,SIMPLO,ELECTRA TRUCK,27/04/2026,150,FORD,2026/2
51230,NOVA,SIMPLO,REVISA CAR,27/04/2026,50,RAM,2026/2
50086,NOVA,SIMPLO,ELECTRA,27/04/2026,363,TROLLER,2026/2
50086,UPGRADE,SIMPLO,ELECTRA TRUCK,27/04/2026,216,TROLLER,2026/2
50002,UPGRADE,SIMPLO,CÂMBIO TRUCK,27/04/2026,264,VOLKSWAGEN,2026/2
50002,UPGRADE,SIMPLO,ELECTRA TRUCK,27/04/2026,215,VOLKSWAGEN,2026/2
49761,NOVA,HIBRIDOS,H&E - ABS,27/04/2026,88,LAND ROVER,2026/2 H&E
51171,NOVA,HIBRIDOS,H&E - ABS,27/04/2026,87,,2026/2 H&E
51268,NOVA,ELÉTRICOS,ELETRICOS - REVISA,27/04/2026,49,VOLVO,2026/2 H&E
51228,NOVA,SIMPLO,SINCRO - POLY-V,27/04/2026,2033,VOLVO,2026/2
45761,NOVA,SIMPLO,MT PRO,27/04/2026,500,BMW,2026/2
51096,NOVA,SIMPLO,LOCAR,26/04/2026,1024,FIAT,2026/2
50240,NOVA,SIMPLO,CLIMA TRUCK,26/04/2026,202,VOLKSWAGEN,2026/2
50517,NOVA,SIMPLO,CLIMA TRUCK,26/04/2026,201,VOLVO,2026/2
50517,NOVA,SIMPLO,CLIMA CAR,26/04/2026,1243,VOLVO,2026/2
49400,NOVA,SIMPLO,CLIMA CAR,25/04/2026,1242,LAND ROVER,2026/2
50519,NOVA,SIMPLO,CLIMA CAR,25/04/2026,1176,VOLVO,2026/2
50522,NOVA,SIMPLO,CLIMA CAR,25/04/2026,1175,VOLVO,2026/2
49606,NOVA,SIMPLO,INJEÇÃO,25/04/2026,293,MITSUBISHI,2026/2
46599,NOVA,SIMPLO,INJEÇÃO,25/04/2026,207,BMW,2026/2
46598,NOVA,SIMPLO,INJEÇÃO,25/04/2026,192,BMW,2026/2
45597,NOVA,SIMPLO,INJEÇÃO,25/04/2026,182,BMW,2026/2
33718,NOVA,SIMPLO,INJEÇÃO,25/04/2026,181,VOLKSWAGEN,2026/2
49750,NOVA,SIMPLO,DIESEL,25/04/2026,283,CHEVROLET,2026/2
51270,UPGRADE,SIMPLO,MOTORES - LINHA LEVE,24/04/2026,35,FIAT,2026/2
51033,NOVA,SIMPLO,ABS/ASR/ESP,24/04/2026,1062,VOLKSWAGEN,2026/2
50523,NOVA,SIMPLO,ABS/ASR/ESP,24/04/2026,1061,VOLVO,2026/2
50516,NOVA,SIMPLO,ABS/ASR/ESP,24/04/2026,1060,VOLVO,2026/2
49963,UPGRADE,SIMPLO,ELECTRA TRUCK,24/04/2026,220,SCANIA,2026/2
50241,NOVA,SIMPLO,ABS/ASR/ESP,24/04/2026,1059,VOLKSWAGEN,2026/2
49712,NOVA,SIMPLO,ABS/ASR/ESP,24/04/2026,1058,RENAULT,2026/2
33716,NOVA,SIMPLO,ABS/ASR/ESP,24/04/2026,1057,VOLKSWAGEN,2026/2
50238,NOVA,SIMPLO,DIESEL,24/04/2026,228,VOLKSWAGEN,2026/2
49958,UPGRADE,SIMPLO,ELECTRA TRUCK,24/04/2026,299,VOLKSWAGEN,2026/2
49958,UPGRADE,SIMPLO,ELECTRA TRUCK,24/04/2026,214,VOLKSWAGEN,2026/2
51193,NOVA,SIMPLO,REVISA CAR,23/04/2026,49,HYUNDAI,2026/2
49973,NOVA,SIMPLO,INJEÇÃO,23/04/2026,174,CHEVROLET,2026/2
50629,NOVA,SIMPLO,CLIMA CAR,23/04/2026,1174,VOLKSWAGEN,2026/2
49272,NOVA,SIMPLO,DIESEL,23/04/2026,227,LAND ROVER,2026/2
49339,NOVA,SIMPLO,ABS/ASR/ESP,23/04/2026,1056,HYUNDAI,2026/2
50761,NOVA,SIMPLO,DIESEL,23/04/2026,226,AGRALE,2026/2
51245,UPGRADE,SIMPLO,MOTORES - LINHA PESADA,23/04/2026,1518,,2026/2
51113,UPGRADE,SIMPLO,ELECTRA,23/04/2026,102,FIAT,2026/2
51054,UPGRADE,SIMPLO,ELECTRA,23/04/2026,220,VOLKSWAGEN,2026/2
51235,UPGRADE,SIMPLO,ELECTRA,23/04/2026,194,VOLKSWAGEN,2026/2
51027,CORREÇÃO,SIMPLO,ELECTRA,23/04/2026,108,VOLKSWAGEN,2026/2
50943,UPGRADE,SIMPLO,ELECTRA,23/04/2026,219,NISSAN,2026/2
50920,CORREÇÃO,SIMPLO,ELECTRA,23/04/2026,202,TOYOTA,2026/2
50898,UPGRADE,SIMPLO,ELECTRA,23/04/2026,120,NISSAN,2026/2
50891,UPGRADE,SIMPLO,ELECTRA,23/04/2026,120,NISSAN,2026/2
50844,UPGRADE,SIMPLO,ELECTRA,23/04/2026,151,,2026/2
51000,UPGRADE,SIMPLO,ELECTRA,23/04/2026,71,VOLKSWAGEN,2026/2
50842,UPGRADE,SIMPLO,ELECTRA,23/04/2026,71,VOLKSWAGEN,2026/2
51222,NOVA,SIMPLO,DIESEL,23/04/2026,225,AGRALE,2026/2
51221,NOVA,SIMPLO,DIESEL,23/04/2026,224,AGRALE,2026/2
51220,NOVA,SIMPLO,DIESEL,23/04/2026,223,AGRALE,2026/2
51219,NOVA,SIMPLO,DIESEL,23/04/2026,222,AGRALE,2026/2
50901,NOVA,SIMPLO,INJEÇÃO,23/04/2026,173,LAND ROVER,2026/2
50627,NOVA,SIMPLO,INJEÇÃO,23/04/2026,168,VOLKSWAGEN,2026/2
49972,NOVA,SIMPLO,INJEÇÃO,23/04/2026,127,CHEVROLET,2026/2
50628,NOVA,SIMPLO,ABS/ASR/ESP,23/04/2026,1055,VOLKSWAGEN,2026/2
50893,NOVA,SIMPLO,SINCRO - POLY-V,23/04/2026,2032,SCANIA,2026/2
50928,NOVA,SIMPLO,CLIMA CAR,23/04/2026,1173,VOLVO,2026/2
50804,UPGRADE,SIMPLO,ELECTRA,22/04/2026,176,TOYOTA,2026/2
50621,UPGRADE,SIMPLO,ELECTRA,22/04/2026,107,HONDA,2026/2
50132,NOVA,SIMPLO,CÂMBIO,22/04/2026,298,VOLVO,2026/2
50132,UPGRADE,SIMPLO,ELECTRA,22/04/2026,344,VOLVO,2026/2
50017,NOVA,SIMPLO,CÂMBIO,22/04/2026,297,HYUNDAI,2026/2
50017,UPGRADE,SIMPLO,ELECTRA,22/04/2026,340,HYUNDAI,2026/2
50524,NOVA,SIMPLO,CLIMA TRUCK,22/04/2026,200,VOLVO,2026/2
50524,NOVA,SIMPLO,CLIMA CAR,22/04/2026,1172,VOLVO,2026/2
49966,UPGRADE,SIMPLO,ELECTRA,22/04/2026,338,RENAULT,2026/2
49947,NOVA,SIMPLO,CÂMBIO,22/04/2026,296,PEUGEOT,2026/2
49947,UPGRADE,SIMPLO,ELECTRA,22/04/2026,341,PEUGEOT,2026/2
49943,NOVA,SIMPLO,CÂMBIO TRUCK,22/04/2026,295,LAND ROVER,2026/2
49943,NOVA,SIMPLO,CÂMBIO,22/04/2026,295,LAND ROVER,2026/2
49943,NOVA,SIMPLO,ELECTRA TRUCK,22/04/2026,228,LAND ROVER,2026/2
49943,NOVA,SIMPLO,ELECTRA,22/04/2026,362,LAND ROVER,2026/2
51056,NOVA,SIMPLO,SINCRO - POLY-V,22/04/2026,2031,MERCEDES-BENZ TRUCK,2026/2
51150,NOVA,SIMPLO,SINCRO - POLY-V,22/04/2026,2030,SCANIA,2026/2
50803,NOVA,SIMPLO,SINCRO - POLY-V,22/04/2026,2029,FIAT/JEEP,2026/2
51094,NOVA,SIMPLO,DIESEL,22/04/2026,207,IVECO,2026/2
50611,NOVA,SIMPLO,INJEÇÃO,21/04/2026,123,CHEVROLET,2026/2
50129,NOVA,SIMPLO,INJEÇÃO,21/04/2026,113,LAND ROVER,2026/2
39452,NOVA,SIMPLO,INJEÇÃO,21/04/2026,80,BMW,2026/2
51207,NOVA,SIMPLO,PICO SCOPE,21/04/2026,857,MINI,2026/2
51204,NOVA,SIMPLO,PICO SCOPE,21/04/2026,856,FORD,2026/2
51161,NOVA,SIMPLO,PICO SCOPE,21/04/2026,855,BMW,2026/2
49943,NOVA,SIMPLO,CÂMBIO,20/04/2026,294,LAND ROVER,2026/2
49943,UPGRADE,SIMPLO,ELECTRA,20/04/2026,336,LAND ROVER,2026/2
49926,UPGRADE,SIMPLO,ELECTRA TRUCK,20/04/2026,222,LAND ROVER,2026/2
49926,UPGRADE,SIMPLO,ELECTRA,20/04/2026,347,LAND ROVER,2026/2
49113,NOVA,SIMPLO,CÂMBIO,20/04/2026,293,BMW,2026/2
49113,UPGRADE,SIMPLO,ELECTRA,20/04/2026,330,BMW,2026/2
51148,NOVA,SIMPLO,MT PRO,20/04/2026,499,FORD,2026/2
51149,NOVA,SIMPLO,MT PRO,20/04/2026,498,MINI,2026/2
50950,NOVA,SIMPLO,MT PRO,20/04/2026,497,BMW,2026/2
51200,CORREÇÃO,SIMPLO,MOTORES - LINHA LEVE,20/04/2026,1316,RENAULT,2026/2
51173,UPGRADE,SIMPLO,DIESEL,20/04/2026,364,TOYOTA,2026/2
51095,NOVA,SIMPLO,ABS/ASR/ESP,20/04/2026,1054,FIAT,2026/2
47646,NOVA,SIMPLO,ABS/ASR/ESP,20/04/2026,1053,FIAT,2026/2
50345,UPGRADE,SIMPLO,PICO SCOPE,17/04/2026,764,VOLKSWAGEN,2026/2
51189,UPGRADE,SIMPLO,LUBRITEC,17/04/2026,4372,FIAT,2026/2
51183,UPGRADE,SIMPLO,LUBRITEC,17/04/2026,1489,CHEVROLET,2026/2
51167,UPGRADE,SIMPLO,INJEÇÃO,17/04/2026,64,CHEVROLET,2026/2
51191,UPGRADE,SIMPLO,DIESEL,17/04/2026,318,CITROEN,2026/2
51186,CORREÇÃO,SIMPLO,DIESEL,17/04/2026,379,KIA,2026/2
49362,UPGRADE,SIMPLO,ABS/ASR/ESP,17/04/2026,947,HYUNDAI,2026/2
51185,UPGRADE,SIMPLO,CLIMA TRUCK,17/04/2026,113,VOLKSWAGEN,2026/2
51176,UPGRADE,SIMPLO,CLIMA CAR,17/04/2026,738,VOLKSWAGEN,2026/2
51194,NOVA,SIMPLO,CLIMA TRUCK,17/04/2026,199,VOLKSWAGEN,2026/2
51194,NOVA,SIMPLO,CLIMA CAR,17/04/2026,1171,VOLKSWAGEN,2026/2
51192,NOVA,SIMPLO,CLIMA TRUCK,17/04/2026,198,VOLKSWAGEN,2026/2
51192,NOVA,SIMPLO,CLIMA CAR,17/04/2026,1170,VOLKSWAGEN,2026/2
50195,NOVA,SIMPLO,CLIMA TRUCK,17/04/2026,197,VOLKSWAGEN,2026/2
38848,NOVA,SIMPLO,CLIMA CAR,17/04/2026,1169,FIAT,2026/2
34246,NOVA,TRACTOR,ELECTRA TRACTOR,16/04/2026,142,JOHN DEERE,2026/2 T
50234,UPGRADE,SIMPLO,PICO SCOPE,16/04/2026,651,BMW,2026/2
46064,UPGRADE,SIMPLO,MT PRO,16/04/2026,286,BMW,2026/2
51190,CORREÇÃO,SIMPLO,ELECTRA,16/04/2026,129,CITROEN,2026/2
47949,NOVA,SIMPLO,TORKS - SUSPENSÃO,16/04/2026,347,VOLKSWAGEN,2026/2
51111,NOVA,SIMPLO,SCOPE TRUCK (PICO SCOPE),16/04/2026,854,MERCEDES-BENZ,2026/2
51166,NOVA,SIMPLO,SCOPE TRUCK (MT PRO),16/04/2026,496,MERCEDES-BENZ,2026/2
49824,NOVA,SIMPLO,CÂMBIO TRUCK,16/04/2026,292,GWM,2026/2
49824,NOVA,SIMPLO,CÂMBIO,16/04/2026,292,GWM,2026/2
50974,NOVA,SIMPLO,ABS/ASR/ESP,16/04/2026,1052,FIAT,2026/2
49665,NOVA,SIMPLO,ABS/ASR/ESP,16/04/2026,1051,CHEVROLET,2026/2
51170,CORREÇÃO,SIMPLO,DIESEL,15/04/2026,432,VOLVO,2026/2
51169,CORREÇÃO,SIMPLO,DIESEL,15/04/2026,431,VOLVO,2026/2
47658,NOVA,SIMPLO,ELECTRA,15/04/2026,361,VOLKSWAGEN,2026/2
49653,UPGRADE,SIMPLO,DIESEL,15/04/2026,405,MERCEDES-BENZ,2026/2
51172,UPGRADE,SIMPLO,CLIMA TRUCK,15/04/2026,135,VOLKSWAGEN,2026/2
51168,UPGRADE,SIMPLO,CLIMA CAR,15/04/2026,916,VOLKSWAGEN,2026/2
51104,UPGRADE,SIMPLO,CLIMA CAR,15/04/2026,463,FORD,2026/2
50346,UPGRADE,SIMPLO,PICO SCOPE,15/04/2026,796,CHEVROLET,2026/2
49527,NOVA,SIMPLO,CÂMBIO,15/04/2026,291,FIAT,2026/2
49527,NOVA,SIMPLO,ELECTRA,15/04/2026,360,FIAT,2026/2
51138,CORREÇÃO,SIMPLO,SINCRO - CORRENTES,15/04/2026,1990,RENAULT,2026/2
50998,UPGRADE,SIMPLO,SINCRO - CORRENTES,15/04/2026,1970,RENAULT,2026/2
50747,UPGRADE,SIMPLO,SINCRO - POLY-V,15/04/2026,1661,NISSAN,2026/2
51024,NOVA,SIMPLO,ELECTRA,15/04/2026,359,KIA,2026/2
51023,NOVA,SIMPLO,ELECTRA,15/04/2026,358,KIA,2026/2
51018,NOVA,SIMPLO,CÂMBIO,15/04/2026,290,KIA,2026/2
51018,NOVA,SIMPLO,ELECTRA,15/04/2026,357,KIA,2026/2
51158,NOVA,ELÉTRICOS,ELETRICOS - REVISA,15/04/2026,48,MG MOTORS,2026/2 H&E
51151,NOVA,ELÉTRICOS,ELETRICOS - REVISA,15/04/2026,47,MG MOTORS,2026/2 H&E
51163,CORREÇÃO,SIMPLO,ARLA,14/04/2026,20,VOLKSWAGEN,2026/2
51162,CORREÇÃO,SIMPLO,ARLA,14/04/2026,24,IVECO/VOLKSWAGEN,2026/2
50955,UPGRADE,SIMPLO,SINCRO - CORREIAS,14/04/2026,1976,FIAT/CITROEN/PEUGEOT,2026/2
50728,UPGRADE,SIMPLO,SINCRO - CORREIAS,14/04/2026,1806,CHERY,2026/2
51135,CORREÇÃO,TRACTOR,MOTORES TRACTOR,14/04/2026,20089,SCANIA,2026/2 T
51135,CORREÇÃO,SIMPLO,MOTORES - LINHA PESADA,14/04/2026,1236,SCANIA,2026/2
50801,UPGRADE,SIMPLO,MIX - RESETS,14/04/2026,988,MERCEDES-BENZ,2026/2
51099,UPGRADE,SIMPLO,LUBRITEC,14/04/2026,3628,NISSAN,2026/2
51155,CORREÇÃO,SIMPLO,INJEÇÃO,14/04/2026,2284,KIA,2026/2
49821,NOVA,SIMPLO,CLIMA TRUCK,14/04/2026,196,GWM,2026/2
49821,NOVA,SIMPLO,CLIMA CAR,14/04/2026,971,GWM,2026/2
49820,NOVA,SIMPLO,ABS/ASR/ESP,14/04/2026,7,GWM,2026/2
49819,NOVA,SIMPLO,DIESEL,14/04/2026,180,GWM,2026/2
51133,UPGRADE,SIMPLO,INJEÇÃO,14/04/2026,58,FORD,2026/2
51119,UPGRADE,SIMPLO,INJEÇÃO,14/04/2026,1797,VOLKSWAGEN,2026/2
50982,UPGRADE,SIMPLO,INJEÇÃO,14/04/2026,1617,HONDA,2026/2
50995,NOVA,SIMPLO,MOTORES - LINHA LEVE,14/04/2026,834,RENAULT,2026/2
50754,UPGRADE,SIMPLO,INJEÇÃO,14/04/2026,1526,MITSUBISHI,2026/2
43069,UPGRADE,SIMPLO,INJEÇÃO,14/04/2026,1721,VOLKSWAGEN,2026/2
49315,NOVA,SIMPLO,MOTORES - LINHA LEVE,14/04/2026,730,MINI,2026/2
49961,NOVA,SIMPLO,CLIMA TRUCK,14/04/2026,195,LAND ROVER,2026/2
49961,NOVA,SIMPLO,CLIMA CAR,14/04/2026,962,LAND ROVER,2026/2
49717,NOVA,SIMPLO,CLIMA CAR,14/04/2026,870,VOLKSWAGEN,2026/2
51035,NOVA,SIMPLO,PICO SCOPE,14/04/2026,853,FORD,2026/2
50798,NOVA,SIMPLO,MT PRO,14/04/2026,495,FORD,2026/2
50364,NOVA,SIMPLO,LOCAR TRUCK,13/04/2026,1023,DAF,2026/2
50159,NOVA,SIMPLO,LOCAR,13/04/2026,1022,HONDA,2026/2
50136,UPGRADE,SIMPLO,INJEÇÃO,13/04/2026,385,FORD,2026/2
46804,NOVA,SIMPLO,LOCAR,13/04/2026,1021,HONDA,2026/2
49582,UPGRADE,SIMPLO,INJEÇÃO,13/04/2026,2030,FIAT,2026/2
51129,NOVA,SIMPLO,SINCRO - CORRENTES,13/04/2026,2028,NISSAN,2026/2
40966,UPGRADE,SIMPLO,INJEÇÃO,13/04/2026,71,VOLKSWAGEN,2026/2
51152,CORREÇÃO,SIMPLO,INJEÇÃO,13/04/2026,27,MERCEDES-BENZ,2026/2
40565,UPGRADE,SIMPLO,INJEÇÃO,13/04/2026,1182,FORD,2026/2
40085,UPGRADE,SIMPLO,INJEÇÃO,13/04/2026,1767,VOLKSWAGEN,2026/2
39756,UPGRADE,SIMPLO,INJEÇÃO,13/04/2026,1663,FORD,2026/2
51145,CORREÇÃO,SIMPLO,ARLA,13/04/2026,26,FORD,2026/2
51140,UPGRADE,SIMPLO,DIESEL,13/04/2026,392,CHEVROLET,2026/2
50743,NOVA,SIMPLO,SINCRO - CORRENTES,13/04/2026,2027,CHERY,2026/2
51139,UPGRADE,SIMPLO,DIESEL,13/04/2026,430,CHEVROLET,2026/2
50888,UPGRADE,SIMPLO,DIESEL,13/04/2026,336,MITSUBISHI,2026/2
50743,UPGRADE,HIBRIDOS,H&E - SINCRO,13/04/2026,40,CHERY,2026/2 H&E
50743,UPGRADE,HIBRIDOS,H&E - SINCRO,13/04/2026,11,CHERY,2026/2 H&E
50741,NOVA,SIMPLO,SINCRO - CORRENTES,13/04/2026,2026,CHERY,2026/2
51066,NOVA,SIMPLO,SINCRO - CORRENTES,13/04/2026,2025,CHERY,2026/2
50745,NOVA,SIMPLO,SINCRO - CORREIAS,13/04/2026,2024,CHERY,2026/2
47681,UPGRADE,SIMPLO,DIESEL,13/04/2026,335,PEUGEOT,2026/2
44558,UPGRADE,SIMPLO,ABS/ASR/ESP,13/04/2026,697,CHEVROLET,2026/2
50665,UPGRADE,ELÉTRICOS,ELETRICOS - LUBRITEC,13/04/2026,20,BYD,2026/2 H&E
50661,UPGRADE,ELÉTRICOS,ELETRICOS - LUBRITEC,13/04/2026,31,BYD,2026/2 H&E
50690,UPGRADE,ELÉTRICOS,ELETRICOS - REVISA,13/04/2026,34,BYD,2026/2 H&E
50659,UPGRADE,ELÉTRICOS,ELETRICOS - LUBRITEC,13/04/2026,34,BYD,2026/2 H&E
49055,UPGRADE,ELÉTRICOS,ELETRICOS - ABS,13/04/2026,6,FIAT,2026/2 H&E
49078,UPGRADE,ELÉTRICOS,ELETRICOS,13/04/2026,35,CHERY,2026/2 H&E
49054,UPGRADE,ELÉTRICOS,ELETRICOS - ABS,13/04/2026,35,CHERY,2026/2 H&E
49049,UPGRADE,ELÉTRICOS,ELETRICOS - AC,13/04/2026,35,CHERY,2026/2 H&E
47382,UPGRADE,ELÉTRICOS,ELETRICOS,13/04/2026,7,GWM,2026/2 H&E
50648,UPGRADE,HIBRIDOS,H&E - CÓDIGO DE FALHAS,13/04/2026,45,KIA,2026/2 H&E
51057,CORREÇÃO,HIBRIDOS,H&E - AC,13/04/2026,70,PORSCHE,2026/2 H&E
50725,UPGRADE,HIBRIDOS,H&E - LUBRITEC,13/04/2026,38,TOYOTA,2026/2 H&E
50744,UPGRADE,HIBRIDOS,H&E - SINCRO,13/04/2026,40,CHERY,2026/2 H&E
50958,UPGRADE,HIBRIDOS,H&E,13/04/2026,11,CHERY,2026/2 H&E
50744,UPGRADE,HIBRIDOS,H&E - SINCRO,13/04/2026,11,CHERY,2026/2 H&E
49542,UPGRADE,HIBRIDOS,H&E - TORKS,13/04/2026,6,FORD,2026/2 H&E
48992,UPGRADE,HIBRIDOS,H&E - ELECTRA,13/04/2026,63,BYD,2026/2 H&E
47515,UPGRADE,HIBRIDOS,H&E - INJEÇÃO,13/04/2026,63,BYD,2026/2 H&E
51136,NOVA,SIMPLO,SINCRO - POLY-V,12/04/2026,2023,CHERY,2026/2
51132,NOVA,SIMPLO,SINCRO - POLY-V,12/04/2026,2022,CHERY,2026/2
50997,NOVA,SIMPLO,SINCRO - POLY-V,12/04/2026,2021,RENAULT,2026/2
50744,NOVA,SIMPLO,SINCRO - POLY-V,12/04/2026,2020,CHERY,2026/2
49718,NOVA,SIMPLO,ABS/ASR/ESP,12/04/2026,1050,VOLKSWAGEN,2026/2
47000,NOVA,SIMPLO,ABS/ASR/ESP,12/04/2026,1049,PEUGEOT,2026/2
24492,NOVA,TRACTOR,ELECTRA TRACTOR,12/04/2026,141,JOHN DEERE,2026/2 T
49720,NOVA,SIMPLO,CÂMBIO,10/04/2026,289,VOLKSWAGEN,2026/2
49720,NOVA,SIMPLO,ELECTRA,10/04/2026,356,VOLKSWAGEN,2026/2
49299,NOVA,SIMPLO,ELECTRA,10/04/2026,355,MITSUBISHI,2026/2
50651,UPGRADE,HIBRIDOS,LUBRITEC,10/04/2026,42,BYD,2026/2 H&E
48992,UPGRADE,HIBRIDOS,ELECTRA,10/04/2026,42,BYD,2026/2 H&E
47515,UPGRADE,HIBRIDOS,INJEÇÃO,10/04/2026,42,BYD,2026/2 H&E
51114,NOVA,SIMPLO,CÂMBIO TRUCK,10/04/2026,288,SCANIA,2026/2
49542,NOVA,SIMPLO,TORKS - SUSPENSÃO,10/04/2026,346,FORD,2026/2
51063,NOVA,ELÉTRICOS,ELETRICOS - REVISA,10/04/2026,46,CHEVROLET,2026/2 H&E
50662,UPGRADE,HIBRIDOS,H&E - LUBRITEC,10/04/2026,59,BYD,2026/2 H&E
50590,UPGRADE,HIBRIDOS,H&E - REVISA CAR,10/04/2026,59,BYD,2026/2 H&E
47419,UPGRADE,HIBRIDOS,H&E - AC,10/04/2026,59,BYD,2026/2 H&E
47418,UPGRADE,HIBRIDOS,H&E - ABS,10/04/2026,59,BYD,2026/2 H&E
47379,UPGRADE,HIBRIDOS,H&E - ELECTRA,10/04/2026,59,BYD,2026/2 H&E
50115,NOVA,SIMPLO,ARLA,10/04/2026,27,MERCEDES-BENZ,2026/2
50653,UPGRADE,HIBRIDOS,H&E - LUBRITEC,10/04/2026,66,BYD,2026/2 H&E
45269,UPGRADE,HIBRIDOS,H&E - REVISA CAR,10/04/2026,66,BYD,2026/2 H&E
47771,UPGRADE,TRACTOR,INJEÇÃO TRACTOR,10/04/2026,78,MASSEY FERGUSON,2026/2T
50239,NOVA,SIMPLO,ELECTRA TRUCK,10/04/2026,227,VOLKSWAGEN,2026/2
50742,NOVA,SIMPLO,SINCRO - POLY-V,10/04/2026,2019,CHERY,2026/2
42872,NOVA,SIMPLO,SINCRO - CORRENTES,10/04/2026,2018,CHERY,2026/2
51134,NOVA,SIMPLO,REVISA CAR,10/04/2026,45,TOYOTA,2026/2
36251,NOVA,SIMPLO,CÂMBIO,10/04/2026,287,MITSUBISHI,2026/2
36251,NOVA,SIMPLO,ELECTRA,10/04/2026,354,MITSUBISHI,2026/2
36248,NOVA,SIMPLO,ELECTRA,10/04/2026,353,MITSUBISHI,2026/2
16900,NOVA,SIMPLO,CÂMBIO,10/04/2026,286,MITSUBISHI,2026/2
16900,NOVA,SIMPLO,ELECTRA,10/04/2026,352,MITSUBISHI,2026/2
47770,UPGRADE,TRACTOR,INJEÇÃO TRACTOR,10/04/2026,72,MASSEY FERGUSON,2026/2 T
47769,UPGRADE,TRACTOR,INJEÇÃO TRACTOR,10/04/2026,70,VALTRA,2026/2 T
49802,NOVA,SIMPLO,CÂMBIO,09/04/2026,285,CITROEN,2026/2
50822,NOVA,SIMPLO,MT PRO,09/04/2026,494,HONDA,2026/2
49879,UPGRADE,SIMPLO,TORKS TRUCK,09/04/2026,322,SCANIA,2026/2
49853,UPGRADE,SIMPLO,TORKS TRUCK - SUSPENSÃO,09/04/2026,287,MAN,2026/2
49829,UPGRADE,SIMPLO,TORKS TRUCK,09/04/2026,293,VOLVO,2026/2
49808,UPGRADE,SIMPLO,TORKS TRUCK - SUSPENSÃO,09/04/2026,292,VOLVO,2026/2
49790,UPGRADE,SIMPLO,TORKS TRUCK - SUSPENSÃO,09/04/2026,289,SCANIA,2026/2
48721,UPGRADE,SIMPLO,TORKS TRUCK - SUSPENSÃO,09/04/2026,326,RENAULT,2026/2
48721,UPGRADE,SIMPLO,TORKS - SUSPENSÃO,09/04/2026,326,RENAULT,2026/2
49033,UPGRADE,SIMPLO,TORKS - SUSPENSÃO,09/04/2026,228,FIAT,2026/2
49035,UPGRADE,SIMPLO,TORKS - FREIOS,09/04/2026,228,FIAT,2026/2
48728,UPGRADE,SIMPLO,TORKS - SUSPENSÃO,09/04/2026,189,SUBARU,2026/2
48727,UPGRADE,SIMPLO,TORKS - FREIOS,09/04/2026,189,SUBARU,2026/2
48698,UPGRADE,SIMPLO,TORKS - SUSPENSÃO,09/04/2026,270,SUBARU,2026/2
48697,UPGRADE,SIMPLO,TORKS - FREIOS,09/04/2026,270,SUBARU,2026/2
48689,UPGRADE,SIMPLO,TORKS - SUSPENSÃO,09/04/2026,248,SUBARU,2026/2
48688,UPGRADE,SIMPLO,TORKS - FREIOS,09/04/2026,248,SUBARU,2026/2
48679,UPGRADE,SIMPLO,TORKS - SUSPENSÃO,09/04/2026,247,RENAULT,2026/2
48678,UPGRADE,SIMPLO,TORKS - FREIOS,09/04/2026,247,RENAULT,2026/2
48654,UPGRADE,SIMPLO,TORKS - SUSPENSÃO,09/04/2026,250,SUBARU,2026/2
48653,UPGRADE,SIMPLO,TORKS - FREIOS,09/04/2026,250,SUBARU,2026/2
48651,UPGRADE,SIMPLO,TORKS - SUSPENSÃO,09/04/2026,243,SUBARU,2026/2
48650,UPGRADE,SIMPLO,TORKS - FREIOS,09/04/2026,243,SUBARU,2026/2
48639,UPGRADE,SIMPLO,TORKS - SUSPENSÃO,09/04/2026,230,SUZUKI,2026/2
48638,UPGRADE,SIMPLO,TORKS - FREIOS,09/04/2026,230,SUZUKI,2026/2
48635,UPGRADE,SIMPLO,TORKS - FREIOS,09/04/2026,219,SUZUKI,2026/2
48633,UPGRADE,SIMPLO,TORKS - SUSPENSÃO,09/04/2026,262,SUBARU,2026/2
48632,UPGRADE,SIMPLO,TORKS - FREIOS,09/04/2026,262,SUBARU,2026/2
48630,UPGRADE,SIMPLO,TORKS - SUSPENSÃO,09/04/2026,261,SUBARU,2026/2
48629,UPGRADE,SIMPLO,TORKS - FREIOS,09/04/2026,261,SUBARU,2026/2
48115,UPGRADE,SIMPLO,TORKS - SUSPENSÃO,09/04/2026,146,JAGUAR,2026/2
48114,UPGRADE,SIMPLO,TORKS - FREIOS,09/04/2026,146,JAGUAR,2026/2
47853,UPGRADE,SIMPLO,TORKS - SUSPENSÃO,09/04/2026,204,VOLKSWAGEN,2026/2
47855,UPGRADE,SIMPLO,TORKS - FREIOS,09/04/2026,204,VOLKSWAGEN,2026/2
44965,NOVA,TRACTOR,ELECTRA TRACTOR,09/04/2026,140,JOHN DEERE,2026/2 T
51116,NOVA,SIMPLO,PICO SCOPE,09/04/2026,852,HONDA,2026/2
51117,NOVA,SIMPLO,REVISA CAR,09/04/2026,44,TOYOTA,2026/2
49397,NOVA,SIMPLO,CLIMA TRUCK,09/04/2026,194,LAND ROVER,2026/2
49397,NOVA,SIMPLO,CLIMA CAR,09/04/2026,859,LAND ROVER,2026/2
51130,CORREÇÃO,SIMPLO,SINCRO - CORREIAS,08/04/2026,1843,VOLVO,2026/2
50883,CORREÇÃO,SIMPLO,SINCRO - POLY-V,08/04/2026,1996,CHEVROLET,2026/2
50851,UPGRADE,SIMPLO,SINCRO - CORREIAS,08/04/2026,1968,AUDI/VOLKSWAGEN,2026/2
51124,CORREÇÃO,SIMPLO,SINCRO - CORRENTES,08/04/2026,1984,FIAT,2026/2
51097,UPGRADE,SIMPLO,SINCRO - CORRENTES,08/04/2026,1136,MERCEDES-BENZ,2026/2
51002,UPGRADE,SIMPLO,SINCRO - CORRENTES,08/04/2026,1705,NISSAN,2026/2
50558,UPGRADE,SIMPLO,SINCRO - CORRENTES,08/04/2026,1848,RENAULT,2026/2
47583,UPGRADE,SIMPLO,PICO SCOPE,08/04/2026,159,MERCEDES-BENZ,2026/2
47583,UPGRADE,SIMPLO,SCOPE TRUCK (PICO SCOPE),08/04/2026,159,MERCEDES-BENZ,2026/2
50915,NOVA,SIMPLO,PICO SCOPE,08/04/2026,851,HYUNDAI,2026/2
51120,NOVA,SIMPLO,MT PRO,08/04/2026,493,MINI,2026/2
34245,NOVA,TRACTOR,CLIMA TRACTOR,08/04/2026,196,JOHN DEERE,2026/2 T
44964,NOVA,TRACTOR,CLIMA TRACTOR,08/04/2026,195,JOHN DEERE,2026/2 T
44963,NOVA,TRACTOR,INJEÇÃO TRACTOR,08/04/2026,93,JOHN DEERE,2026/2 T
24494,NOVA,TRACTOR,INJEÇÃO TRACTOR,08/04/2026,92,JOHN DEERE,2026/2 T
51062,NOVA,SIMPLO,REVISA CAR,08/04/2026,43,NISSAN,2026/2
49892,NOVA,SIMPLO,TORKS - DIREÇÃO,08/04/2026,345,CHEVROLET,2026/2
50904,UPGRADE,SIMPLO,REVISA CAR,08/04/2026,145,HONDA,2026/2
50640,UPGRADE,SIMPLO,REVISA CAR,08/04/2026,455,HONDA,2026/2
50639,UPGRADE,SIMPLO,REVISA CAR,08/04/2026,172,HONDA,2026/2
50638,UPGRADE,SIMPLO,REVISA CAR,08/04/2026,524,HONDA,2026/2
49888,NOVA,SIMPLO,TORKS - DIREÇÃO,08/04/2026,344,CHEVROLET,2026/2
50637,UPGRADE,SIMPLO,REVISA CAR,08/04/2026,167,HONDA,2026/2
51049,NOVA,SIMPLO,DIESEL,08/04/2026,162,AGRALE,2026/2
50720,NOVA,SIMPLO,DIESEL,08/04/2026,109,AGRALE,2026/2
50707,NOVA,SIMPLO,DIESEL,08/04/2026,108,AGRALE,2026/2
50636,UPGRADE,SIMPLO,REVISA CAR,08/04/2026,166,HONDA,2026/2
50588,UPGRADE,SIMPLO,REVISA CAR,08/04/2026,160,HONDA,2026/2
50587,UPGRADE,SIMPLO,REVISA CAR,08/04/2026,165,HONDA,2026/2
50481,UPGRADE,SIMPLO,REVISA CAR,08/04/2026,158,HONDA,2026/2
50480,UPGRADE,SIMPLO,REVISA CAR,08/04/2026,157,HONDA,2026/2
50479,UPGRADE,SIMPLO,REVISA CAR,08/04/2026,156,HONDA,2026/2
50586,UPGRADE,SIMPLO,REVISA CAR,08/04/2026,164,HONDA,2026/2
50585,UPGRADE,SIMPLO,REVISA CAR,08/04/2026,163,HONDA,2026/2
50584,UPGRADE,SIMPLO,REVISA CAR,08/04/2026,162,HONDA,2026/2
50489,UPGRADE,SIMPLO,REVISA CAR,08/04/2026,159,HONDA,2026/2
50469,UPGRADE,SIMPLO,REVISA CAR,08/04/2026,154,HONDA,2026/2
50416,UPGRADE,SIMPLO,REVISA CAR,08/04/2026,153,HONDA,2026/2
50415,UPGRADE,SIMPLO,REVISA CAR,08/04/2026,152,HONDA,2026/2
50414,UPGRADE,SIMPLO,REVISA CAR,07/04/2026,151,HONDA,2026/2
50413,UPGRADE,SIMPLO,REVISA CAR,07/04/2026,150,HONDA,2026/2
50412,UPGRADE,SIMPLO,REVISA CAR,07/04/2026,147,HONDA,2026/2
50374,UPGRADE,SIMPLO,REVISA CAR,07/04/2026,31,TOYOTA,2026/2
50781,UPGRADE,SIMPLO,PICO SCOPE,07/04/2026,850,MINI,2026/2
50671,UPGRADE,SIMPLO,PICO SCOPE,07/04/2026,321,MINI,2026/2
48717,NOVA,SIMPLO,TORKS - SUSPENSÃO,07/04/2026,343,RENAULT,2026/2
48716,NOVA,SIMPLO,TORKS - FREIOS,07/04/2026,343,RENAULT,2026/2
48656,NOVA,SIMPLO,TORKS - SUSPENSÃO,07/04/2026,342,SUBARU,2026/2
48655,NOVA,SIMPLO,TORKS - FREIOS,07/04/2026,342,SUBARU,2026/2
48640,NOVA,SIMPLO,TORKS - DIREÇÃO,07/04/2026,342,SUBARU,2026/2
50878,NOVA,SIMPLO,TORKS - SUSPENSÃO,07/04/2026,341,FIAT,2026/2
50877,NOVA,SIMPLO,TORKS - FREIOS,07/04/2026,341,FIAT,2026/2
50876,NOVA,SIMPLO,TORKS - DIREÇÃO,07/04/2026,341,FIAT,2026/2
50875,NOVA,SIMPLO,TORKS - SUSPENSÃO,07/04/2026,340,FIAT,2026/2
50874,NOVA,SIMPLO,TORKS - FREIOS,07/04/2026,340,FIAT,2026/2
50873,NOVA,SIMPLO,TORKS - DIREÇÃO,07/04/2026,340,FIAT,2026/2
51084,CORREÇÃO,SIMPLO,PICO SCOPE,07/04/2026,315,LAND ROVER,2026/2
50933,UPGRADE,SIMPLO,PICO SCOPE,07/04/2026,21,CHEVROLET,2026/2
50899,UPGRADE,SIMPLO,PICO SCOPE,07/04/2026,460,HONDA,2026/2
50886,UPGRADE,SIMPLO,PICO SCOPE,07/04/2026,638,CITROEN,2026/2
50847,CORREÇÃO,SIMPLO,PICO SCOPE,07/04/2026,781,FIAT,2026/2
50845,UPGRADE,SIMPLO,PICO SCOPE,07/04/2026,500,FIAT,2026/2
50872,NOVA,SIMPLO,TORKS - SUSPENSÃO,07/04/2026,339,FIAT,2026/2
50871,NOVA,SIMPLO,TORKS - FREIOS,07/04/2026,339,FIAT,2026/2
50870,NOVA,SIMPLO,TORKS - DIREÇÃO,07/04/2026,339,FIAT,2026/2
50830,UPGRADE,SIMPLO,PICO SCOPE,07/04/2026,547,CHEVROLET,2026/2
50866,NOVA,SIMPLO,TORKS - SUSPENSÃO,07/04/2026,338,FIAT,2026/2
50865,NOVA,SIMPLO,TORKS - FREIOS,07/04/2026,338,FIAT,2026/2
50864,NOVA,SIMPLO,TORKS - DIREÇÃO,07/04/2026,338,FIAT,2026/2
51110,CORREÇÃO,SIMPLO,MT PRO,07/04/2026,41,LAND ROVER,2026/2
50846,CORREÇÃO,SIMPLO,MT PRO,07/04/2026,417,FIAT,2026/2
45942,UPGRADE,SIMPLO,MT PRO,07/04/2026,19,CHEVROLET,2026/2
45941,UPGRADE,SIMPLO,MT PRO,07/04/2026,191,HONDA,2026/2
50869,NOVA,SIMPLO,TORKS - SUSPENSÃO,07/04/2026,337,FIAT,2026/2
50868,NOVA,SIMPLO,TORKS - FREIOS,07/04/2026,337,FIAT,2026/2
50867,NOVA,SIMPLO,TORKS - DIREÇÃO,07/04/2026,337,FIAT,2026/2
45940,UPGRADE,SIMPLO,MT PRO,06/04/2026,256,CITROEN,2026/2
45584,UPGRADE,SIMPLO,MT PRO,06/04/2026,77,FIAT,2026/2
45572,UPGRADE,SIMPLO,MT PRO,06/04/2026,117,CHEVROLET,2026/2
50510,UPGRADE,SIMPLO,MOTORES - LINHA PESADA,06/04/2026,1518,MERCEDES-BENZ,2026/2
50410,UPGRADE,TRACTOR,MOTORES TRACTOR,06/04/2026,20089,SCANIA,2026/2 T
50410,UPGRADE,SIMPLO,MOTORES - LINHA PESADA,06/04/2026,1236,SCANIA,2026/2
51115,UPGRADE,SIMPLO,MOTORES - LINHA LEVE,06/04/2026,341,MITSUBISHI,2026/2
51103,UPGRADE,SIMPLO,MOTORES - LINHA LEVE,06/04/2026,1340,FIAT,2026/2
51026,UPGRADE,SIMPLO,MOTORES - LINHA LEVE,06/04/2026,1217,FORD,2026/2
51012,CORREÇÃO,SIMPLO,MOTORES - LINHA LEVE,06/04/2026,1420,,2026/2
50967,UPGRADE,SIMPLO,MOTORES - LINHA LEVE,06/04/2026,1377,RENAULT,2026/2
50843,UPGRADE,SIMPLO,MOTORES - LINHA LEVE,06/04/2026,1507,FORD,2026/2
50841,CORREÇÃO,SIMPLO,MOTORES - LINHA LEVE,06/04/2026,1503,HYUNDAI,2026/2
50815,UPGRADE,SIMPLO,MOTORES - LINHA LEVE,06/04/2026,238,CHEVROLET,2026/2
50733,UPGRADE,SIMPLO,MOTORES - LINHA LEVE,06/04/2026,310,CITROEN/PEUGEOT,2026/2
50634,UPGRADE,SIMPLO,MOTORES - LINHA LEVE,06/04/2026,1424,TOYOTA,2026/2
50633,UPGRADE,SIMPLO,MOTORES - LINHA LEVE,06/04/2026,1288,TOYOTA,2026/2
47264,UPGRADE,SIMPLO,MOTORES - LINHA LEVE,06/04/2026,835,VOLKSWAGEN,2026/2
49902,NOVA,SIMPLO,TORKS TRUCK - DIREÇÃO,04/04/2026,336,CHEVROLET,2026/2
49902,NOVA,SIMPLO,TORKS - DIREÇÃO,04/04/2026,336,CHEVROLET,2026/2
49914,NOVA,SIMPLO,TORKS - DIREÇÃO,04/04/2026,335,CHEVROLET,2026/2
49909,NOVA,SIMPLO,TORKS - DIREÇÃO,04/04/2026,334,CHEVROLET,2026/2
49905,NOVA,SIMPLO,TORKS - DIREÇÃO,04/04/2026,333,CHEVROLET,2026/2
49899,NOVA,SIMPLO,TORKS - DIREÇÃO,04/04/2026,332,CHEVROLET,2026/2
49919,NOVA,SIMPLO,TORKS - DIREÇÃO,04/04/2026,331,CHEVROLET,2026/2
50194,NOVA,SIMPLO,ABS/ASR/ESP,03/04/2026,1048,VOLKSWAGEN,2026/2
49949,NOVA,SIMPLO,ABS/ASR/ESP,03/04/2026,1047,CITROEN,2026/2
46793,NOVA,SIMPLO,ABS/ASR/ESP,03/04/2026,1046,VOLKSWAGEN,2026/2
38974,NOVA,MOTOS,LUBRITEC MOTOS,03/04/2026,384,YAMAHA,2026/2 M
51039,NOVA,SIMPLO,SCOPE TRUCK (PICO SCOPE),03/04/2026,849,SCANIA,2026/2
50917,NOVA,SIMPLO,SCOPE TRUCK (PICO SCOPE),03/04/2026,848,VOLVO,2026/2
50916,NOVA,SIMPLO,SCOPE TRUCK (MT PRO),03/04/2026,492,VOLVO,2026/2
50821,NOVA,SIMPLO,SCOPE TRUCK (MT PRO),03/04/2026,491,SCANIA,2026/2
50919,NOVA,SIMPLO,SCOPE TRUCK (PICO SCOPE),03/04/2026,847,CHEVROLET,2026/2
50919,NOVA,SIMPLO,PICO SCOPE,03/04/2026,847,CHEVROLET,2026/2
51078,NOVA,SIMPLO,SCOPE TRUCK (PICO SCOPE),03/04/2026,846,BMW,2026/2
51078,NOVA,SIMPLO,PICO SCOPE,03/04/2026,846,BMW,2026/2
51089,NOVA,SIMPLO,PICO SCOPE,03/04/2026,845,HYUNDAI,2026/2
51079,NOVA,SIMPLO,PICO SCOPE,03/04/2026,844,VOLKSWAGEN,2026/2
51090,NOVA,SIMPLO,PICO SCOPE,03/04/2026,843,RENAULT,2026/2
51092,NOVA,SIMPLO,PICO SCOPE,03/04/2026,842,BMW,2026/2
50918,NOVA,SIMPLO,SCOPE TRUCK (MT PRO),03/04/2026,490,CHEVROLET,2026/2
50918,NOVA,SIMPLO,MT PRO,03/04/2026,490,CHEVROLET,2026/2
50825,NOVA,SIMPLO,SCOPE TRUCK (MT PRO),03/04/2026,489,BMW,2026/2
50825,NOVA,SIMPLO,MT PRO,03/04/2026,489,BMW,2026/2
51032,UPGRADE,SIMPLO,LUBRITEC,02/04/2026,2958,MITSUBISHI,2026/2
51029,UPGRADE,SIMPLO,LUBRITEC,02/04/2026,2971,MITSUBISHI,2026/2
51021,CORREÇÃO,SIMPLO,LUBRITEC,02/04/2026,5394,CHEVROLET,2026/2
50769,UPGRADE,SIMPLO,LUBRITEC,02/04/2026,3103,,2026/2
50760,CORREÇÃO,SIMPLO,LUBRITEC,02/04/2026,5394,,2026/2
51087,UPGRADE,SIMPLO,LOCAR,02/04/2026,627,FIAT,2026/2
51028,UPGRADE,SIMPLO,LOCAR,02/04/2026,363,FIAT,2026/2
50896,UPGRADE,SIMPLO,LOCAR,02/04/2026,665,NISSAN,2026/2
50641,UPGRADE,SIMPLO,LOCAR,02/04/2026,632,HONDA,2026/2
51036,CORREÇÃO,SIMPLO,INJEÇÃO,02/04/2026,1309,FIAT,2026/2
51009,CORREÇÃO,SIMPLO,INJEÇÃO,02/04/2026,2263,FIAT,2026/2
50817,UPGRADE,SIMPLO,INJEÇÃO,02/04/2026,2113,LAND ROVER,2026/2
51108,CORREÇÃO,SIMPLO,ELECTRA TRUCK,02/04/2026,155,IVECO,2026/2
49646,UPGRADE,SIMPLO,INJEÇÃO,02/04/2026,1636,FORD,2026/2
47109,UPGRADE,SIMPLO,INJEÇÃO,02/04/2026,740,HONDA,2026/2
50945,UPGRADE,SIMPLO,DIESEL,02/04/2026,391,,2026/2
50944,UPGRADE,SIMPLO,DIESEL,02/04/2026,304,SCANIA,2026/2
50925,CORREÇÃO,SIMPLO,DIESEL,02/04/2026,423,FIAT/CITROEN/PEUGEOT,2026/2
50924,CORREÇÃO,SIMPLO,DIESEL,02/04/2026,370,,2026/2
50910,UPGRADE,SIMPLO,DIESEL,02/04/2026,168,VOLKSWAGEN,2026/2
50810,CORREÇÃO,SIMPLO,DIESEL,01/04/2026,167,VOLKSWAGEN,2026/2
51106,CORREÇÃO,SIMPLO,CÂMBIO TRUCK,01/04/2026,209,,2026/2
51105,CORREÇÃO,SIMPLO,MOTORES - LINHA LEVE,01/04/2026,1075,,2026/2
50591,CORREÇÃO,SIMPLO,DIESEL,01/04/2026,400,VOLVO,2026/2
50451,UPGRADE,SIMPLO,DIESEL,01/04/2026,364,TOYOTA,2026/2
49692,UPGRADE,SIMPLO,DIESEL,01/04/2026,361,SCANIA,2026/2
49222,UPGRADE,SIMPLO,DIESEL,01/04/2026,399,VOLKSWAGEN,2026/2
49221,UPGRADE,SIMPLO,DIESEL,01/04/2026,356,VOLKSWAGEN,2026/2
49017,UPGRADE,SIMPLO,DIESEL,01/04/2026,428,BMW,2026/2
51093,UPGRADE,SIMPLO,ABS/ASR/ESP,01/04/2026,14,FIAT,2026/2
51091,UPGRADE,SIMPLO,ABS/ASR/ESP,01/04/2026,492,FIAT,2026/2
51077,UPGRADE,SIMPLO,ABS/ASR/ESP,01/04/2026,491,FIAT,2026/2
42696,UPGRADE,SIMPLO,ABS/ASR/ESP,01/04/2026,917,DAF,2026/2
50927,NOVA,SIMPLO,CLIMA TRUCK,01/04/2026,193,FIAT/CITROEN/PEUGEOT,2026/2
51088,UPGRADE,SIMPLO,CLIMA CAR,01/04/2026,644,FIAT,2026/2
50926,UPGRADE,SIMPLO,CLIMA CAR,01/04/2026,1168,FIAT/CITROEN/PEUGEOT,2026/2
50826,NOVA,SIMPLO,MT PRO,01/04/2026,488,VOLKSWAGEN,2026/2
50824,NOVA,SIMPLO,MT PRO,01/04/2026,487,HYUNDAI,2026/2
50622,NOVA,SIMPLO,MT PRO,01/04/2026,486,CHEVROLET,2026/2
50823,NOVA,SIMPLO,MT PRO,01/04/2026,485,RENAULT,2026/2
51085,UPGRADE,SIMPLO,ELECTRA TRUCK,31/03/2026,200,DAF,2026/2
50905,UPGRADE,SIMPLO,CLIMA CAR,31/03/2026,640,NISSAN,2026/2
51083,CORREÇÃO,SIMPLO,INJEÇÃO,31/03/2026,1823,,2026/2
51082,CORREÇÃO,SIMPLO,MOTORES - LINHA LEVE,31/03/2026,735,,2026/2
50680,UPGRADE,SIMPLO,CLIMA CAR,31/03/2026,758,RENAULT,2026/2
50677,UPGRADE,SIMPLO,CLIMA CAR,31/03/2026,757,RENAULT,2026/2
50219,UPGRADE,SIMPLO,CLIMA CAR,31/03/2026,1241,HONDA,2026/2
49097,UPGRADE,SIMPLO,CLIMA CAR,31/03/2026,1231,PEUGEOT,2026/2
49094,UPGRADE,SIMPLO,CLIMA CAR,31/03/2026,1227,KIA,2026/2
49093,UPGRADE,SIMPLO,CLIMA CAR,31/03/2026,1226,CITROEN,2026/2
49091,UPGRADE,SIMPLO,CLIMA CAR,31/03/2026,1225,RENAULT,2026/2
48944,UPGRADE,SIMPLO,CLIMA CAR,31/03/2026,1218,VOLKSWAGEN,2026/2
48932,UPGRADE,SIMPLO,CLIMA CAR,31/03/2026,1221,JEEP,2026/2
47364,UPGRADE,SIMPLO,CLIMA CAR,31/03/2026,1082,RENAULT,2026/2
51041,UPGRADE,SIMPLO,ABS/ASR/ESP,31/03/2026,20,FIAT,2026/2
51040,UPGRADE,SIMPLO,ABS/ASR/ESP,31/03/2026,69,FIAT,2026/2
51015,UPGRADE,SIMPLO,ABS/ASR/ESP,31/03/2026,490,FIAT,2026/2
51006,UPGRADE,SIMPLO,ABS/ASR/ESP,31/03/2026,728,FIAT,2026/2
51005,UPGRADE,SIMPLO,ABS/ASR/ESP,31/03/2026,67,FIAT,2026/2
51004,UPGRADE,SIMPLO,ABS/ASR/ESP,31/03/2026,60,FIAT,2026/2
51081,UPGRADE,SIMPLO,INJEÇÃO,31/03/2026,1320,CHEVROLET,2026/2
51080,UPGRADE,SIMPLO,INJEÇÃO,31/03/2026,1797,VOLKSWAGEN,2026/2
50689,UPGRADE,SIMPLO,DIESEL,31/03/2026,365,TOYOTA,2026/2
51074,UPGRADE,SIMPLO,INJEÇÃO,30/03/2026,1890,AUDI,2026/2
51075,CORREÇÃO,SIMPLO,ABS/ASR/ESP,30/03/2026,210,MERCEDES-BENZ,2026/2
51073,CORREÇÃO,SIMPLO,ABS/ASR/ESP,30/03/2026,306,MERCEDES-BENZ,2026/2
50988,CORREÇÃO,SIMPLO,ABS/ASR/ESP,30/03/2026,900,FIAT,2026/2
50862,CORREÇÃO,SIMPLO,ABS/ASR/ESP,30/03/2026,1019,VOLKSWAGEN,2026/2
50856,UPGRADE,SIMPLO,ABS/ASR/ESP,30/03/2026,725,FIAT,2026/2
50855,UPGRADE,SIMPLO,ABS/ASR/ESP,30/03/2026,488,FIAT,2026/2
50854,UPGRADE,SIMPLO,ABS/ASR/ESP,30/03/2026,780,FIAT,2026/2
50853,UPGRADE,SIMPLO,ABS/ASR/ESP,30/03/2026,549,FIAT,2026/2
50850,UPGRADE,SIMPLO,ABS/ASR/ESP,30/03/2026,1036,LAND ROVER,2026/2
50794,UPGRADE,SIMPLO,ABS/ASR/ESP,30/03/2026,193,TOYOTA,2026/2
50793,UPGRADE,SIMPLO,ABS/ASR/ESP,30/03/2026,224,TOYOTA,2026/2
50788,UPGRADE,SIMPLO,ABS/ASR/ESP,30/03/2026,511,TOYOTA,2026/2
50778,UPGRADE,SIMPLO,ABS/ASR/ESP,30/03/2026,685,TOYOTA,2026/2
50774,UPGRADE,SIMPLO,ABS/ASR/ESP,30/03/2026,303,NISSAN,2026/2
50702,UPGRADE,SIMPLO,ABS/ASR/ESP,30/03/2026,68,FIAT,2026/2
50701,UPGRADE,SIMPLO,ABS/ASR/ESP,30/03/2026,66,FIAT,2026/2
50700,UPGRADE,SIMPLO,ABS/ASR/ESP,30/03/2026,86,FIAT,2026/2
50675,UPGRADE,SIMPLO,ABS/ASR/ESP,30/03/2026,77,RENAULT,2026/2
50672,UPGRADE,SIMPLO,ABS/ASR/ESP,30/03/2026,510,RENAULT,2026/2
50664,UPGRADE,SIMPLO,ABS/ASR/ESP,30/03/2026,660,RENAULT,2026/2
50644,UPGRADE,SIMPLO,ABS/ASR/ESP,30/03/2026,56,FIAT,2026/2
50643,UPGRADE,SIMPLO,ABS/ASR/ESP,30/03/2026,111,HONDA,2026/2
50618,UPGRADE,SIMPLO,ABS/ASR/ESP,30/03/2026,80,HONDA,2026/2
50617,UPGRADE,SIMPLO,ABS/ASR/ESP,30/03/2026,200,HONDA,2026/2
49092,UPGRADE,SIMPLO,ABS/ASR/ESP,30/03/2026,1031,JEEP,2026/2
49061,UPGRADE,SIMPLO,ABS/ASR/ESP,30/03/2026,1028,BMW,2026/2
48943,UPGRADE,SIMPLO,ABS/ASR/ESP,30/03/2026,1024,VOLKSWAGEN,2026/2
47354,UPGRADE,SIMPLO,ABS/ASR/ESP,30/03/2026,717,CITROEN,2026/2
47282,UPGRADE,SIMPLO,ABS/ASR/ESP,30/03/2026,1009,BMW,2026/2
47282,UPGRADE,SIMPLO,ABS/ASR/ESP,30/03/2026,1008,BMW,2026/2
47232,UPGRADE,SIMPLO,ABS/ASR/ESP,30/03/2026,1000,MERCEDES-BENZ,2026/2
50832,UPGRADE,SIMPLO,INJEÇÃO,30/03/2026,1693,HONDA,2026/2
51067,UPGRADE,SIMPLO,INJEÇÃO,30/03/2026,2029,FIAT,2026/2
51064,UPGRADE,SIMPLO,INJEÇÃO,30/03/2026,1947,CHEVROLET,2026/2
51061,CORREÇÃO,SIMPLO,INJEÇÃO,30/03/2026,1430,FORD,2026/2
51059,CORREÇÃO,SIMPLO,INJEÇÃO,30/03/2026,405,CHEVROLET,2026/2
51031,CORREÇÃO,SIMPLO,INJEÇÃO,30/03/2026,2221,BMW,2026/2
51016,UPGRADE,SIMPLO,INJEÇÃO,30/03/2026,1781,VOLKSWAGEN,2026/2
50986,CORREÇÃO,SIMPLO,INJEÇÃO,27/03/2026,1107,FIAT,2026/2
50981,CORREÇÃO,SIMPLO,INJEÇÃO,27/03/2026,623,CITROEN,2026/2
50980,UPGRADE,SIMPLO,INJEÇÃO,27/03/2026,1698,VOLKSWAGEN,2026/2
50969,UPGRADE,SIMPLO,INJEÇÃO,27/03/2026,715,CHEVROLET,2026/2
50968,UPGRADE,SIMPLO,INJEÇÃO,27/03/2026,714,CHEVROLET,2026/2
50956,UPGRADE,SIMPLO,INJEÇÃO,27/03/2026,1811,FIAT,2026/2
50953,UPGRADE,SIMPLO,INJEÇÃO,27/03/2026,1810,FIAT,2026/2
51069,CORREÇÃO,SIMPLO,LUBRITEC,27/03/2026,1108,VOLKSWAGEN,2026/2
50951,UPGRADE,SIMPLO,INJEÇÃO,27/03/2026,1783,FIAT,2026/2
50949,UPGRADE,SIMPLO,INJEÇÃO,27/03/2026,1765,FIAT,2026/2
50948,UPGRADE,SIMPLO,INJEÇÃO,27/03/2026,1701,FIAT,2026/2
50947,UPGRADE,SIMPLO,INJEÇÃO,27/03/2026,1688,FIAT,2026/2
43966,UPGRADE,SIMPLO,INJEÇÃO,27/03/2026,1336,CHEVROLET,2026/2
43929,UPGRADE,SIMPLO,INJEÇÃO,27/03/2026,1066,CHEVROLET,2026/2
51065,CORREÇÃO,SIMPLO,INJEÇÃO,27/03/2026,53,CHEVROLET,2026/2
50188,NOVA,SIMPLO,LUBRITEC,26/03/2026,5614,VOLKSWAGEN TRUCK,2026/2
51047,NOVA,ELÉTRICOS,REVISA CAR,26/03/2026,45,CHEVROLET,2026/2 H&E
50820,NOVA,SIMPLO,MT PRO,26/03/2026,484,VOLKSWAGEN,2026/2
51038,NOVA,SIMPLO,PICO SCOPE,26/03/2026,841,VOLKSWAGEN,2026/2
51007,NOVA,SIMPLO,PICO SCOPE,26/03/2026,840,FORD,2026/2
50934,UPGRADE,SIMPLO,INJEÇÃO,26/03/2026,1812,FIAT,2026/2
50931,UPGRADE,SIMPLO,INJEÇÃO,26/03/2026,1709,VOLKSWAGEN,2026/2
50921,UPGRADE,SIMPLO,INJEÇÃO,26/03/2026,1697,VOLKSWAGEN,2026/2
50900,CORREÇÃO,SIMPLO,INJEÇÃO,26/03/2026,1852,BMW,2026/2
50863,CORREÇÃO,SIMPLO,INJEÇÃO,26/03/2026,1660,CHEVROLET,2026/2
50714,CORREÇÃO,SIMPLO,INJEÇÃO,26/03/2026,2252,VOLKSWAGEN,2026/2
50712,UPGRADE,SIMPLO,INJEÇÃO,26/03/2026,1068,FIAT,2026/2
50683,UPGRADE,SIMPLO,INJEÇÃO,26/03/2026,1067,FIAT,2026/2
40259,UPGRADE,SIMPLO,INJEÇÃO,26/03/2026,1184,FORD,2026/2
51053,CORREÇÃO,SIMPLO,INJEÇÃO,26/03/2026,27,MERCEDES-BENZ,2026/2
50971,NOVA,ELÉTRICOS,ELETRICOS - LUBRITEC,25/03/2026,44,CHEVROLET,2026/2 H&E
50970,NOVA,ELÉTRICOS,ELETRICOS - REVISA,25/03/2026,44,CHEVROLET,2026/2 H&E
50283,NOVA,TRACTOR,MT PRO TRACTOR,25/03/2026,35,,2026/2 T
51008,NOVA,SIMPLO,PICO SCOPE,25/03/2026,839,TOYOTA,2026/2
50620,UPGRADE,SIMPLO,INJEÇÃO,24/03/2026,1101,HONDA,2026/2
50619,UPGRADE,SIMPLO,INJEÇÃO,24/03/2026,1100,HONDA,2026/2
50486,CORREÇÃO,SIMPLO,INJEÇÃO,24/03/2026,50,CHEVROLET,2026/2
50148,UPGRADE,SIMPLO,INJEÇÃO,24/03/2026,2117,LAND ROVER,2026/2
50104,UPGRADE,SIMPLO,INJEÇÃO,24/03/2026,2288,AUDI,2026/2
47314,UPGRADE,SIMPLO,INJEÇÃO,24/03/2026,2229,BMW,2026/2
43119,UPGRADE,SIMPLO,INJEÇÃO,24/03/2026,1080,FORD,2026/2
38447,UPGRADE,SIMPLO,INJEÇÃO,24/03/2026,1503,PEUGEOT,2026/2
49921,UPGRADE,SIMPLO,INJEÇÃO,24/03/2026,2269,VOLKSWAGEN,2026/2
49648,UPGRADE,SIMPLO,INJEÇÃO,24/03/2026,2124,MERCEDES-BENZ,2026/2
49644,UPGRADE,SIMPLO,INJEÇÃO,24/03/2026,1786,RENAULT,2026/2
49595,UPGRADE,SIMPLO,INJEÇÃO,24/03/2026,935,TOYOTA,2026/2
48982,UPGRADE,SIMPLO,INJEÇÃO,24/03/2026,2254,MITSUBISHI,2026/2
48958,UPGRADE,SIMPLO,INJEÇÃO,24/03/2026,2249,VOLKSWAGEN,2026/2
47839,UPGRADE,SIMPLO,INJEÇÃO,24/03/2026,993,CHEVROLET,2026/2
47844,NOVA,TRACTOR,CODIGO DE FALHAS TRACTOR,24/03/2026,54,JOHN DEERE,2026/2 T
50796,NOVA,SIMPLO,MT PRO,24/03/2026,483,FORD,2026/2
50797,NOVA,SIMPLO,MT PRO,24/03/2026,482,TOYOTA,2026/2
47345,UPGRADE,SIMPLO,INJEÇÃO,23/03/2026,2231,RAM,2026/2
47328,UPGRADE,SIMPLO,INJEÇÃO,23/03/2026,2230,BMW,2026/2
51011,CORREÇÃO,SIMPLO,INJEÇÃO,23/03/2026,1856,JEEP,2026/2
49404,NOVA,SIMPLO,INJEÇÃO,23/03/2026,54,VOLKSWAGEN,2026/2
45116,UPGRADE,SIMPLO,INJEÇÃO,23/03/2026,449,FIAT,2026/2
45114,UPGRADE,SIMPLO,INJEÇÃO,23/03/2026,436,FIAT,2026/2
45106,UPGRADE,SIMPLO,INJEÇÃO,23/03/2026,49,FIAT,2026/2
45032,UPGRADE,SIMPLO,INJEÇÃO,23/03/2026,191,FIAT,2026/2
44970,UPGRADE,SIMPLO,INJEÇÃO,23/03/2026,353,FIAT,2026/2
44952,UPGRADE,SIMPLO,INJEÇÃO,23/03/2026,187,FIAT,2026/2
44887,UPGRADE,SIMPLO,INJEÇÃO,23/03/2026,46,FIAT,2026/2
44870,UPGRADE,SIMPLO,INJEÇÃO,23/03/2026,45,FIAT,2026/2
44842,UPGRADE,SIMPLO,INJEÇÃO,23/03/2026,44,FIAT,2026/2
44837,UPGRADE,SIMPLO,INJEÇÃO,23/03/2026,43,FIAT,2026/2
47001,NOVA,SIMPLO,CÓDIGO DE FALHAS,23/03/2026,766,PEUGEOT,2026/2
44827,UPGRADE,SIMPLO,INJEÇÃO,20/03/2026,42,FIAT,2026/2
44791,UPGRADE,SIMPLO,INJEÇÃO,20/03/2026,1,FIAT,2026/2
44752,UPGRADE,SIMPLO,INJEÇÃO,20/03/2026,1482,CHEVROLET,2026/2
44686,UPGRADE,SIMPLO,INJEÇÃO,20/03/2026,1457,CHEVROLET,2026/2
44626,UPGRADE,SIMPLO,INJEÇÃO,20/03/2026,1133,FORD,2026/2
44610,UPGRADE,SIMPLO,INJEÇÃO,20/03/2026,404,CHEVROLET,2026/2
44359,UPGRADE,SIMPLO,INJEÇÃO,20/03/2026,1190,CHEVROLET,2026/2
51014,CORREÇÃO,SIMPLO,DIESEL,20/03/2026,398,IVECO,2026/2
44146,UPGRADE,SIMPLO,INJEÇÃO,20/03/2026,1394,CHEVROLET,2026/2
40700,UPGRADE,SIMPLO,INJEÇÃO,20/03/2026,1178,FORD,2026/2
40310,UPGRADE,SIMPLO,INJEÇÃO,20/03/2026,1808,FIAT,2026/2
31689,NOVA,TRACTOR,ELECTRA TRACTOR,20/03/2026,138,VALTRA,2026/2 T
34243,NOVA,TRACTOR,ELECTRA TRACTOR,18/03/2026,138,MASSEY FERGUSON,2026/2 T
50966,CORREÇÃO,SIMPLO,TORKS - SUSPENSÃO,18/03/2026,166,HYUNDAI,2026/2
50887,UPGRADE,SIMPLO,TORKS - FREIOS,18/03/2026,50,FIAT,2026/2
48857,UPGRADE,SIMPLO,TORKS - SUSPENSÃO,18/03/2026,267,KIA,2026/2
48856,UPGRADE,SIMPLO,TORKS - FREIOS,18/03/2026,267,KIA,2026/2
48843,UPGRADE,SIMPLO,TORKS - SUSPENSÃO,18/03/2026,266,KIA,2026/2
48842,UPGRADE,SIMPLO,TORKS - FREIOS,18/03/2026,266,KIA,2026/2
48840,UPGRADE,SIMPLO,TORKS - SUSPENSÃO,18/03/2026,276,KIA,2026/2
48839,UPGRADE,SIMPLO,TORKS - FREIOS,18/03/2026,276,KIA,2026/2
50999,CORREÇÃO,SIMPLO,INJEÇÃO,18/03/2026,1430,FORD,2026/2
48837,UPGRADE,SIMPLO,TORKS - SUSPENSÃO,18/03/2026,275,KIA,2026/2
48835,UPGRADE,SIMPLO,TORKS - FREIOS,18/03/2026,275,KIA,2026/2
48808,UPGRADE,SIMPLO,TORKS - SUSPENSÃO,18/03/2026,264,KIA,2026/2
48807,UPGRADE,SIMPLO,TORKS - FREIOS,18/03/2026,264,KIA,2026/2
48097,UPGRADE,SIMPLO,TORKS - SUSPENSÃO,18/03/2026,161,LAND ROVER,2026/2
48096,UPGRADE,SIMPLO,TORKS - FREIOS,18/03/2026,161,LAND ROVER,2026/2
43076,NOVA,TRACTOR,ELECTRA TRACTOR,18/03/2026,137,MASSEY FERGUSON,2026/2 T
34224,NOVA,TRACTOR,ELECTRA TRACTOR,18/03/2026,136,MASSEY FERGUSON,2026/2 T
50984,CORREÇÃO,SIMPLO,INJEÇÃO,17/03/2026,1107,FIAT,2026/2
48800,UPGRADE,SIMPLO,TORKS - SUSPENSÃO,17/03/2026,263,KIA,2026/2
48799,UPGRADE,SIMPLO,TORKS - FREIOS,17/03/2026,263,KIA,2026/2
48795,UPGRADE,SIMPLO,TORKS - SUSPENSÃO,17/03/2026,273,KIA,2026/2
48797,UPGRADE,SIMPLO,TORKS - FREIOS,17/03/2026,273,KIA,2026/2
48794,UPGRADE,SIMPLO,TORKS - SUSPENSÃO,17/03/2026,272,KIA,2026/2
48793,UPGRADE,SIMPLO,TORKS - FREIOS,17/03/2026,272,KIA,2026/2
48720,UPGRADE,SIMPLO,TORKS TRUCK - FREIOS,17/03/2026,326,RENAULT,2026/2
48720,UPGRADE,SIMPLO,TORKS - FREIOS,17/03/2026,326,RENAULT,2026/2
48705,UPGRADE,SIMPLO,TORKS - SUSPENSÃO,17/03/2026,239,RAM,2026/2
48704,UPGRADE,SIMPLO,TORKS - FREIOS,17/03/2026,239,RAM,2026/2
48686,UPGRADE,SIMPLO,TORKS TRUCK - SUSPENSÃO,17/03/2026,188,RENAULT,2026/2
48685,UPGRADE,SIMPLO,TORKS TRUCK - FREIOS,17/03/2026,188,RENAULT,2026/2
48686,UPGRADE,SIMPLO,TORKS - SUSPENSÃO,17/03/2026,188,RENAULT,2026/2
48685,UPGRADE,SIMPLO,TORKS - FREIOS,17/03/2026,188,RENAULT,2026/2
48683,UPGRADE,SIMPLO,TORKS TRUCK - SUSPENSÃO,17/03/2026,187,RENAULT,2026/2
48682,UPGRADE,SIMPLO,TORKS TRUCK - FREIOS,17/03/2026,187,RENAULT,2026/2
48683,UPGRADE,SIMPLO,TORKS - SUSPENSÃO,17/03/2026,187,RENAULT,2026/2
48682,UPGRADE,SIMPLO,TORKS - FREIOS,17/03/2026,187,RENAULT,2026/2
48627,UPGRADE,SIMPLO,TORKS - SUSPENSÃO,17/03/2026,260,SUBARU,2026/2
48626,UPGRADE,SIMPLO,TORKS - FREIOS,17/03/2026,260,SUBARU,2026/2
48136,UPGRADE,SIMPLO,TORKS - SUSPENSÃO,17/03/2026,171,LAND ROVER,2026/2
48135,UPGRADE,SIMPLO,TORKS - FREIOS,17/03/2026,171,LAND ROVER,2026/2
48112,UPGRADE,SIMPLO,TORKS - SUSPENSÃO,17/03/2026,145,JAGUAR,2026/2
48111,UPGRADE,SIMPLO,TORKS - FREIOS,17/03/2026,145,JAGUAR,2026/2
34190,NOVA,TRACTOR,ELECTRA TRACTOR,17/03/2026,135,MASSEY FERGUSON,2026/2 T
50978,UPGRADE,SIMPLO,INJEÇÃO,17/03/2026,1857,TOYOTA,2026/2
50977,UPGRADE,SIMPLO,INJEÇÃO,17/03/2026,1838,TOYOTA,2026/2
26484,NOVA,TRACTOR,ELECTRA TRACTOR,17/03/2026,134,MASSEY FERGUSON,2026/2 T
50976,CORREÇÃO,SIMPLO,REVISA CAR,16/03/2026,575,RENAULT,2026/2
48823,UPGRADE,SIMPLO,TORKS - SUSPENSÃO,16/03/2026,265,KIA,2026/2
48822,UPGRADE,SIMPLO,TORKS - FREIOS,16/03/2026,265,KIA,2026/2
42808,UPGRADE,SIMPLO,INJEÇÃO,16/03/2026,1843,,2026/2
48643,UPGRADE,SIMPLO,TORKS - SUSPENSÃO,16/03/2026,220,SUZUKI,2026/2
48642,UPGRADE,SIMPLO,TORKS - FREIOS,16/03/2026,220,SUZUKI,2026/2
48636,UPGRADE,SIMPLO,TORKS - SUSPENSÃO,16/03/2026,219,SUZUKI,2026/2
48617,UPGRADE,SIMPLO,TORKS - SUSPENSÃO,16/03/2026,201,RENAULT,2026/2
48608,UPGRADE,SIMPLO,TORKS - SUSPENSÃO,16/03/2026,241,HONDA,2026/2
48607,UPGRADE,SIMPLO,TORKS - FREIOS,16/03/2026,241,HONDA,2026/2
48589,UPGRADE,SIMPLO,TORKS - SUSPENSÃO,16/03/2026,139,HONDA,2026/2
48588,UPGRADE,SIMPLO,TORKS - FREIOS,16/03/2026,139,HONDA,2026/2
48586,UPGRADE,SIMPLO,TORKS - SUSPENSÃO,16/03/2026,269,HONDA,2026/2
48585,UPGRADE,SIMPLO,TORKS - FREIOS,16/03/2026,269,HONDA,2026/2
48583,UPGRADE,SIMPLO,TORKS - SUSPENSÃO,16/03/2026,245,HONDA,2026/2
48582,UPGRADE,SIMPLO,TORKS - FREIOS,16/03/2026,245,HONDA,2026/2
50789,NOVA,TRACTOR,SINCRO TRACTOR,16/03/2026,7,,2026/2 T
16475,NOVA,TRACTOR,SINCRO TRACTOR,16/03/2026,6,,2026/2 T
48580,UPGRADE,SIMPLO,TORKS - SUSPENSÃO,16/03/2026,244,HONDA,2026/2
48579,UPGRADE,SIMPLO,TORKS - FREIOS,16/03/2026,244,HONDA,2026/2
48550,UPGRADE,SIMPLO,TORKS - SUSPENSÃO,16/03/2026,254,HONDA,2026/2
48549,UPGRADE,SIMPLO,TORKS - FREIOS,16/03/2026,254,HONDA,2026/2
48547,UPGRADE,SIMPLO,TORKS - SUSPENSÃO,16/03/2026,237,HONDA,2026/2
48546,UPGRADE,SIMPLO,TORKS - FREIOS,16/03/2026,237,HONDA,2026/2
50792,NOVA,SIMPLO,LOCAR TRUCK,16/03/2026,1020,VOLVO,2026/2
50792,NOVA,SIMPLO,LOCAR,16/03/2026,1020,VOLVO,2026/2
48474,UPGRADE,SIMPLO,TORKS - SUSPENSÃO,16/03/2026,134,HYUNDAI,2026/2
48163,UPGRADE,SIMPLO,TORKS - SUSPENSÃO,16/03/2026,174,LAND ROVER,2026/2
48162,UPGRADE,SIMPLO,TORKS - FREIOS,16/03/2026,174,LAND ROVER,2026/2
50965,CORREÇÃO,SIMPLO,TORKS - SUSPENSÃO,16/03/2026,154,HYUNDAI,2026/2
50962,CORREÇÃO,SIMPLO,INJEÇÃO,16/03/2026,527,FIAT,2026/2
50377,NOVA,SIMPLO,MOTORES - LINHA LEVE,16/03/2026,575,CHEVROLET,2026/2
50809,NOVA,SIMPLO,REVISA CAR,16/03/2026,42,CITROEN,2026/2
50143,NOVA,SIMPLO,REVISA CAR,16/03/2026,41,JEEP,2026/2
50373,NOVA,SIMPLO,REVISA CAR,16/03/2026,36,TOYOTA,2026/2
50392,NOVA,SIMPLO,REVISA CAR,16/03/2026,35,TOYOTA,2026/2
43760,UPGRADE,SIMPLO,INJEÇÃO,13/03/2026,591,CHEVROLET,2026/2
43427,UPGRADE,SIMPLO,INJEÇÃO,13/03/2026,1254,CHEVROLET,2026/2
42358,UPGRADE,SIMPLO,INJEÇÃO,13/03/2026,1792,CHEVROLET,2026/2
50333,NOVA,SIMPLO,MOTORES - LINHA LEVE,13/03/2026,186,FIAT/CITROEN/PEUGEOT,2026/2
50960,CORREÇÃO,SIMPLO,MOTORES - LINHA LEVE,13/03/2026,64,FORD,2026/2
50890,UPGRADE,SIMPLO,CLIMA TRUCK,13/03/2026,148,MITSUBISHI,2026/2
50880,CORREÇÃO,SIMPLO,CLIMA CAR,13/03/2026,1064,MITSUBISHI,2026/2
50895,CORREÇÃO,SIMPLO,ELECTRA TRUCK,13/03/2026,18,VOLKSWAGEN,2026/2
42871,NOVA,SIMPLO,SINCRO - CORRENTES,13/03/2026,2017,JAC MOTORS,2026/2
50861,UPGRADE,SIMPLO,ELECTRA TRUCK,13/03/2026,132,MITSUBISHI,2026/2
50959,CORREÇÃO,SIMPLO,DIESEL,13/03/2026,120,FORD,2026/2
8814,NOVA,SIMPLO,SINCRO - CORRENTES,13/03/2026,2016,FORD,2026/2
42812,NOVA,SIMPLO,SINCRO - CORREIAS,13/03/2026,2015,VOLKSWAGEN,2026/2
50818,UPGRADE,SIMPLO,MOTORES - LINHA LEVE,13/03/2026,1274,CITROEN/PEUGEOT,2026/2
50792,NOVA,SIMPLO,LOCAR,13/03/2026,1020,VOLVO,2026/2
50957,UPGRADE,SIMPLO,LUBRITEC,13/03/2026,5663,NISSAN,2026/2
49974,NOVA,SIMPLO,LOCAR,13/03/2026,1019,FIAT,2026/2
50805,UPGRADE,SIMPLO,MOTORES - LINHA LEVE,12/03/2026,1442,FIAT,2026/2
50908,UPGRADE,SIMPLO,DIESEL,12/03/2026,178,IVECO,2026/2
50952,CORREÇÃO,SIMPLO,DIESEL,12/03/2026,421,,2026/2
50688,UPGRADE,SIMPLO,DIESEL,12/03/2026,281,TOYOTA,2026/2
50687,UPGRADE,SIMPLO,DIESEL,12/03/2026,282,TOYOTA,2026/2
50693,NOVA,HIBRIDOS,H&E - REVISA CAR,12/03/2026,86,BYD,2026/2 H&E
50660,NOVA,HIBRIDOS,H&E - LUBRITEC,12/03/2026,86,BYD,2026/2 H&E
50697,NOVA,ELÉTRICOS,ELETRICOS - LUBRITEC,12/03/2026,43,,2026/2 H&E
50698,NOVA,ELÉTRICOS,ELETRICOS - LUBRITEC,12/03/2026,42,,2026/2 H&E
40056,UPGRADE,SIMPLO,INJEÇÃO,12/03/2026,2222,FIAT,2026/2
50704,NOVA,ELÉTRICOS,ELETRICOS - LUBRITEC,12/03/2026,41,,2026/2 H&E
50699,NOVA,ELÉTRICOS,ELETRICOS - LUBRITEC,12/03/2026,40,,2026/2 H&E
50703,NOVA,ELÉTRICOS,ELETRICOS - LUBRITEC,12/03/2026,39,,2026/2 H&E
50705,NOVA,ELÉTRICOS,ELETRICOS - LUBRITEC,12/03/2026,38,,2026/2 H&E
34247,NOVA,TRACTOR,INJEÇÃO TRACTOR,12/03/2026,91,,2026/2 T
33935,NOVA,TRACTOR,INJEÇÃO TRACTOR,12/03/2026,90,,2026/2 T
31690,NOVA,TRACTOR,INJEÇÃO TRACTOR,12/03/2026,89,,2026/2 T
31688,NOVA,TRACTOR,CLIMA TRACTOR,12/03/2026,194,,2026/2 T
34223,NOVA,TRACTOR,CLIMA TRACTOR,12/03/2026,193,,2026/2 T
43078,NOVA,TRACTOR,CLIMA TRACTOR,12/03/2026,192,,2026/2 T
50441,NOVA,TRACTOR,CLIMA TRACTOR,12/03/2026,191,,2026/2 T
26483,NOVA,TRACTOR,CLIMA TRACTOR,12/03/2026,190,,2026/2 T
50753,CORREÇÃO,SIMPLO,ELECTRA TRUCK,12/03/2026,154,IVECO,2026/2
50656,CORREÇÃO,SIMPLO,ELECTRA TRUCK,11/03/2026,20,MERCEDES-BENZ,2026/2
50776,CORREÇÃO,SIMPLO,ABS/ASR/ESP,11/03/2026,904,VOLKSWAGEN,2026/2
50626,UPGRADE,SIMPLO,ABS/ASR/ESP,11/03/2026,1005,MERCEDES-BENZ TRUCK,2026/2
50624,UPGRADE,SIMPLO,CÂMBIO TRUCK,11/03/2026,45,MITSUBISHI,2026/2
50624,UPGRADE,SIMPLO,CÂMBIO,11/03/2026,45,MITSUBISHI,2026/2
50907,CORREÇÃO,SIMPLO,INJEÇÃO,11/03/2026,2203,MINI,2026/2
50727,UPGRADE,SIMPLO,INJEÇÃO,11/03/2026,2201,MINI,2026/2
50604,UPGRADE,SIMPLO,INJEÇÃO,11/03/2026,1557,NISSAN,2026/2
50860,UPGRADE,SIMPLO,ELECTRA,11/03/2026,132,MITSUBISHI,2026/2
50882,NOVA,SIMPLO,SINCRO - POLY-V,11/03/2026,2014,TOYOTA,2026/2
50881,NOVA,SIMPLO,SINCRO - POLY-V,11/03/2026,2013,TOYOTA,2026/2
50790,CORREÇÃO,SIMPLO,ELECTRA,11/03/2026,37,VOLKSWAGEN,2026/2
50756,CORREÇÃO,SIMPLO,ELECTRA,11/03/2026,268,VOLKSWAGEN,2026/2
50625,UPGRADE,SIMPLO,ELECTRA,11/03/2026,197,FIAT,2026/2
50923,UPGRADE,SIMPLO,MOTORES - LINHA LEVE,11/03/2026,523,SUZUKI,2026/2
50600,UPGRADE,SIMPLO,ELECTRA,11/03/2026,192,FIAT,2026/2
50598,UPGRADE,SIMPLO,ELECTRA,11/03/2026,214,TOYOTA,2026/2
43735,NOVA,SIMPLO,SINCRO - POLY-V,11/03/2026,2012,SCANIA,2026/2
49406,NOVA,SIMPLO,SINCRO - POLY-V,11/03/2026,2011,SCANIA,2026/2
50597,UPGRADE,SIMPLO,ELECTRA,10/03/2026,122,FIAT,2026/2
50903,CORREÇÃO,SIMPLO,MOTORES - LINHA PESADA,10/03/2026,1482,,2026/2
50909,CORREÇÃO,SIMPLO,LUBRITEC,10/03/2026,3616,,2026/2
50679,UPGRADE,SIMPLO,DIESEL,10/03/2026,402,MERCEDES-BENZ,2026/2
50570,UPGRADE,SIMPLO,INJEÇÃO,10/03/2026,2102,RENAULT,2026/2
50485,UPGRADE,SIMPLO,INJEÇÃO,10/03/2026,1111,CITROEN,2026/2
50492,UPGRADE,SIMPLO,SINCRO - POLY-V,10/03/2026,993,FORD,2026/2
50003,NOVA,SIMPLO,ELECTRA,10/03/2026,351,MERCEDES-BENZ,2026/2
50003,UPGRADE,SIMPLO,CÂMBIO TRUCK,09/03/2026,196,MERCEDES-BENZ,2026/2
50003,UPGRADE,SIMPLO,CÂMBIO,09/03/2026,196,MERCEDES-BENZ,2026/2
50003,UPGRADE,SIMPLO,ELECTRA TRUCK,09/03/2026,189,MERCEDES-BENZ,2026/2
50433,UPGRADE,SIMPLO,SINCRO - CORRENTES,09/03/2026,1053,HONDA,2026/2
49980,UPGRADE,SIMPLO,SINCRO - CORREIAS,09/03/2026,975,FORD,2026/2
50752,CORREÇÃO,SIMPLO,DIESEL,09/03/2026,200,IVECO,2026/2
50751,CORREÇÃO,SIMPLO,DIESEL,09/03/2026,69,TOYOTA,2026/2
49669,UPGRADE,SIMPLO,DIESEL,09/03/2026,114,RENAULT,2026/2
49476,UPGRADE,SIMPLO,DIESEL,09/03/2026,348,VOLVO,2026/2
47928,UPGRADE,SIMPLO,DIESEL,09/03/2026,411,,2026/2
46385,UPGRADE,SIMPLO,ELECTRA TRUCK,06/03/2026,31,,2026/2
50684,UPGRADE,SIMPLO,ELECTRA TRUCK,06/03/2026,13,,2026/2
50858,CORREÇÃO,SIMPLO,MOTORES - LINHA LEVE,06/03/2026,1343,,2026/2
50857,CORREÇÃO,SIMPLO,MOTORES - LINHA LEVE,06/03/2026,1398,,2026/2
50840,UPGRADE,SIMPLO,ABS/ASR/ESP,06/03/2026,654,FORD,2026/2
50642,NOVA,SIMPLO,CÂMBIO,06/03/2026,284,CITROEN,2026/2
50839,UPGRADE,SIMPLO,ABS/ASR/ESP,06/03/2026,620,FORD,2026/2
50816,NOVA,SIMPLO,LUBRITEC,06/03/2026,3716,TOYOTA,2026/2
50808,NOVA,SIMPLO,LUBRITEC,06/03/2026,3715,FORD,2026/2
50811,NOVA,SIMPLO,LUBRITEC,06/03/2026,3714,CITROEN,2026/2
50211,UPGRADE,SIMPLO,ELECTRA TRUCK,06/03/2026,134,NISSAN,2026/2
50210,UPGRADE,SIMPLO,ELECTRA,06/03/2026,134,NISSAN,2026/2
50813,NOVA,SIMPLO,LUBRITEC,06/03/2026,3713,CITROEN,2026/2
50814,NOVA,SIMPLO,LUBRITEC,06/03/2026,2962,CITROEN,2026/2
50831,NOVA,SIMPLO,LUBRITEC,06/03/2026,2927,CITROEN,2026/2
50834,NOVA,SIMPLO,LUBRITEC,06/03/2026,2926,FORD,2026/2
47194,NOVA,SIMPLO,MT PRO,05/03/2026,481,MERCEDES-BENZ,2026/2
50462,NOVA,SIMPLO,SCOPE TRUCK (PICO SCOPE),05/03/2026,838,INTERNATIONAL,2026/2
50795,NOVA,SIMPLO,PICO SCOPE,05/03/2026,837,CHEVROLET,2026/2
50674,NOVA,SIMPLO,PICO SCOPE,05/03/2026,836,MERCEDES-BENZ,2026/2
50673,NOVA,SIMPLO,PICO SCOPE,05/03/2026,835,VOLKSWAGEN,2026/2
50465,NOVA,SIMPLO,PICO SCOPE,05/03/2026,834,CHEVROLET,2026/2
50668,NOVA,SIMPLO,PICO SCOPE,05/03/2026,833,CHEVROLET,2026/2
50670,NOVA,SIMPLO,PICO SCOPE,05/03/2026,832,MINI,2026/2
50667,NOVA,SIMPLO,PICO SCOPE,05/03/2026,831,AUDI,2026/2
50828,CORREÇÃO,SIMPLO,ELECTRA,04/03/2026,263,CHEVROLET,2026/2
50819,UPGRADE,SIMPLO,LUBRITEC,04/03/2026,3618,NISSAN,2026/2
46182,NOVA,SIMPLO,MT PRO,04/03/2026,480,MINI,2026/2
45999,NOVA,SIMPLO,MT PRO,04/03/2026,479,VOLKSWAGEN,2026/2
45932,NOVA,SIMPLO,MT PRO,04/03/2026,478,AUDI,2026/2
47686,NOVA,SIMPLO,MT PRO,04/03/2026,477,MINI,2026/2
50623,NOVA,SIMPLO,MT PRO,04/03/2026,476,CHEVROLET,2026/2
46165,NOVA,SIMPLO,MT PRO,02/03/2026,475,CHEVROLET,2026/2
50799,CORREÇÃO,SIMPLO,INJEÇÃO,02/03/2026,1338,VOLKSWAGEN,2026/2
50785,UPGRADE,SIMPLO,ELECTRA TRUCK,02/03/2026,170,JEEP,2026/2
50780,UPGRADE,SIMPLO,ELECTRA TRUCK,02/03/2026,173,JEEP,2026/2
50784,UPGRADE,SIMPLO,ELECTRA TRUCK,02/03/2026,175,FIAT,2026/2
50786,UPGRADE,SIMPLO,ELECTRA,27/02/2026,198,JEEP,2026/2
50787,UPGRADE,SIMPLO,ELECTRA,27/02/2026,199,JEEP,2026/2
50779,CORREÇÃO,SIMPLO,LUBRITEC,27/02/2026,1444,IVECO,2026/2
50782,UPGRADE,SIMPLO,ELECTRA,27/02/2026,200,JEEP,2026/2
50783,UPGRADE,SIMPLO,ELECTRA,27/02/2026,223,FIAT,2026/2
46068,NOVA,SIMPLO,MT PRO,27/02/2026,474,CHEVROLET,2026/2
50777,CORREÇÃO,SIMPLO,INJEÇÃO,27/02/2026,1246,CHEVROLET,2026/2
50258,NOVA,TRACTOR,MT PRO TRACTOR,27/02/2026,34,,2026/2 T
50259,NOVA,TRACTOR,MT PRO TRACTOR,27/02/2026,33,,2026/2 T
46311,NOVA,SIMPLO,SINCRO - CORREIAS,27/02/2026,2010,RAM/JEEP,
24064,NOVA,SIMPLO,SINCRO - CORRENTES,26/02/2026,2009,AUDI,2026/2
47575,NOVA,SIMPLO,SINCRO - CORREIAS,26/02/2026,2008,CHEVROLET,2026/2
50276,NOVA,SIMPLO,LUBRITEC,26/02/2026,2925,MITSUBISHI,2026/2
50726,NOVA,SIMPLO,LUBRITEC,26/02/2026,2924,TOYOTA,2026/2
50736,NOVA,SIMPLO,LUBRITEC,26/02/2026,2923,NISSAN,2026/2
50735,NOVA,SIMPLO,LUBRITEC,26/02/2026,2922,NISSAN,2026/2
50561,NOVA,SIMPLO,LUBRITEC,26/02/2026,2921,MERCEDES-BENZ TRUCK,2026/2
50755,UPGRADE,SIMPLO,ELECTRA,26/02/2026,278,FIAT,2026/2
50246,NOVA,SIMPLO,LUBRITEC,26/02/2026,2087,VOLKSWAGEN TRUCK,2026/2
50388,NOVA,SIMPLO,LUBRITEC,26/02/2026,7,SSANGYONG,2026/2
50008,NOVA,SIMPLO,LOCAR TRUCK,26/02/2026,1018,BMW,2026/2
50008,NOVA,SIMPLO,LOCAR,26/02/2026,1018,BMW,2026/2
46923,NOVA,SIMPLO,LOCAR TRUCK,26/02/2026,1017,VOLVO,2026/2
46923,NOVA,SIMPLO,LOCAR,26/02/2026,1017,VOLVO,2026/2
44724,NOVA,SIMPLO,LOCAR TRUCK,26/02/2026,1016,MERCEDES-BENZ,2026/2
50007,NOVA,SIMPLO,LOCAR TRUCK,25/02/2026,1015,CHEVROLET,2026/2
50007,NOVA,SIMPLO,LOCAR,25/02/2026,1015,CHEVROLET,2026/2
50228,NOVA,SIMPLO,LOCAR TRUCK,25/02/2026,1014,MERCEDES-BENZ,2026/2
50228,NOVA,SIMPLO,LOCAR,25/02/2026,1014,MERCEDES-BENZ,2026/2
46462,NOVA,SIMPLO,SINCRO - POLY-V,25/02/2026,2007,RAM,2026/2
49343,NOVA,SIMPLO,SINCRO - POLY-V,25/02/2026,2006,HYUNDAI,2026/2
49372,NOVA,SIMPLO,SINCRO - POLY-V,25/02/2026,2005,SMART,2026/2
49934,NOVA,SIMPLO,SINCRO - POLY-V,25/02/2026,2004,CITROEN,2026/2
49373,NOVA,SIMPLO,SINCRO - CORRENTES,25/02/2026,2003,FORD,2026/2
50718,UPGRADE,SIMPLO,MOTORES - LINHA LEVE,24/02/2026,841,FORD,2026/2
50719,UPGRADE,SIMPLO,MOTORES - LINHA LEVE,24/02/2026,840,HYUNDAI,2026/2
50715,UPGRADE,SIMPLO,LOCAR,24/02/2026,886,FIAT,2026/2
50713,CORREÇÃO,SIMPLO,LUBRITEC,24/02/2026,1611,RENAULT,2026/2
10820,NOVA,SIMPLO,SINCRO - CORRENTES,23/02/2026,2002,CHRYSLER,2026/2
50251,NOVA,SIMPLO,SINCRO - CORRENTES,23/02/2026,2001,HYUNDAI,2026/2
50334,NOVA,SIMPLO,SINCRO - CORRENTES,23/02/2026,2000,HONDA,2026/2
50335,NOVA,SIMPLO,SINCRO - CORRENTES,23/02/2026,1999,HONDA,2026/2
49366,NOVA,SIMPLO,SINCRO - CORRENTES,23/02/2026,1998,HYUNDAI,2026/2
50681,CORREÇÃO,SIMPLO,INJEÇÃO,23/02/2026,1852,BMW,2026/2
50676,CORREÇÃO,SIMPLO,INJEÇÃO,23/02/2026,1833,CHERY,2026/2
50669,UPGRADE,SIMPLO,ABS/ASR/ESP,23/02/2026,899,RENAULT,2026/2
48534,NOVA,SIMPLO,TORKS TRUCK - SUSPENSÃO,23/02/2026,330,FORD,2026/2
48533,NOVA,SIMPLO,TORKS TRUCK - FREIOS,23/02/2026,330,FORD,2026/2
48534,NOVA,SIMPLO,TORKS - SUSPENSÃO,23/02/2026,330,FORD,2026/2
48533,NOVA,SIMPLO,TORKS - FREIOS,23/02/2026,330,FORD,2026/2
48522,NOVA,SIMPLO,TORKS TRUCK - SUSPENSÃO,23/02/2026,329,FORD,2026/2
48521,NOVA,SIMPLO,TORKS TRUCK - FREIOS,23/02/2026,329,FORD,2026/2
48522,NOVA,SIMPLO,TORKS - SUSPENSÃO,23/02/2026,329,FORD,2026/2
48521,NOVA,SIMPLO,TORKS - FREIOS,23/02/2026,329,FORD,2026/2
48497,NOVA,SIMPLO,TORKS - SUSPENSÃO,23/02/2026,328,FORD,2026/2
48496,NOVA,SIMPLO,TORKS - FREIOS,23/02/2026,328,FORD,2026/2
50443,NOVA,SIMPLO,PICO SCOPE,20/02/2026,830,VOLVO,2026/2
50445,NOVA,SIMPLO,PICO SCOPE,20/02/2026,829,BMW,2026/2
50551,UPGRADE,SIMPLO,ELECTRA,20/02/2026,129,CITROEN,2026/2
50464,NOVA,SIMPLO,PICO SCOPE,20/02/2026,828,CHEVROLET,2026/2
50444,NOVA,SIMPLO,PICO SCOPE,20/02/2026,827,AUDI,2026/2
49841,NOVA,SIMPLO,PICO SCOPE,20/02/2026,826,HONDA,2026/2
50666,CORREÇÃO,SIMPLO,TABELA DE TORQUES DAS RODAS,20/02/2026,306,FIAT,2026/2
50448,NOVA,SIMPLO,PICO SCOPE,20/02/2026,825,MITSUBISHI,2026/2
50449,NOVA,SIMPLO,PICO SCOPE,20/02/2026,824,VOLKSWAGEN,2026/2
50431,NOVA,SIMPLO,PICO SCOPE,20/02/2026,823,HYUNDAI,2026/2
50442,NOVA,SIMPLO,PICO SCOPE,20/02/2026,822,MERCEDES-BENZ,2026/2
50450,NOVA,SIMPLO,PICO SCOPE,20/02/2026,821,VOLKSWAGEN,2026/2
50655,CORREÇÃO,SIMPLO,CLIMA CAR,19/02/2026,962,VOLKSWAGEN,2026/2
50652,CORREÇÃO,SIMPLO,CLIMA CAR,19/02/2026,961,VOLKSWAGEN,2026/2
50654,UPGRADE,SIMPLO,ABS/ASR/ESP,19/02/2026,801,FORD,2026/2
50446,NOVA,SIMPLO,PICO SCOPE,19/02/2026,508,BMW,2026/2
46266,NOVA,SIMPLO,SCOPE TRUCK (MT PRO),19/02/2026,473,INTERNATIONAL,2026/2
50607,NOVA,SIMPLO,SCOPE TRUCK (MT PRO),19/02/2026,472,VOLKSWAGEN,2026/2
46066,NOVA,SIMPLO,MT PRO,19/02/2026,471,CHEVROLET,2026/2
46205,NOVA,SIMPLO,MT PRO,19/02/2026,470,BMW,2026/2
47670,NOVA,SIMPLO,MT PRO,19/02/2026,469,MERCEDES-BENZ,2026/2
45994,NOVA,SIMPLO,MT PRO,19/02/2026,468,VOLKSWAGEN,2026/2
45977,NOVA,SIMPLO,MT PRO,19/02/2026,467,VOLKSWAGEN,2026/2
46204,NOVA,SIMPLO,MT PRO,19/02/2026,466,VOLVO,2026/2
45756,NOVA,SIMPLO,MT PRO,18/02/2026,465,AUDI,2026/2
46063,NOVA,SIMPLO,MT PRO,18/02/2026,464,BMW,2026/2
46185,NOVA,SIMPLO,MT PRO,18/02/2026,463,HYUNDAI,2026/2
46183,NOVA,SIMPLO,MT PRO,18/02/2026,462,MITSUBISHI,2026/2
49840,NOVA,SIMPLO,MT PRO,18/02/2026,461,HONDA,2026/2
50592,CORREÇÃO,SIMPLO,INJEÇÃO,18/02/2026,1204,HONDA,2026/2
50642,CORREÇÃO,SIMPLO,ELECTRA,18/02/2026,175,CITROEN,2026/2
50645,UPGRADE,SIMPLO,MOTORES - LINHA LEVE,18/02/2026,879,AUDI,2026/2
49747,UPGRADE,SIMPLO,ELECTRA TRUCK,18/02/2026,12,VOLVO,2026/2
49803,UPGRADE,SIMPLO,CÂMBIO,18/02/2026,203,PEUGEOT,2026/2
49740,UPGRADE,SIMPLO,CÂMBIO,18/02/2026,233,FIAT,2026/2
50538,CORREÇÃO,SIMPLO,CÂMBIO TRUCK,18/02/2026,258,FORD,2026/2
50538,CORREÇÃO,SIMPLO,CÂMBIO,18/02/2026,258,FORD,2026/2
50514,CORREÇÃO,SIMPLO,CÂMBIO,18/02/2026,210,MERCEDES-BENZ,2026/2
50411,CORREÇÃO,SIMPLO,CÂMBIO TRUCK,17/02/2026,271,VOLVO,2026/2
49997,UPGRADE,SIMPLO,CÂMBIO TRUCK,17/02/2026,223,VOLVO,2026/2
49977,UPGRADE,SIMPLO,CÂMBIO TRUCK,17/02/2026,156,MERCEDES-BENZ,2026/2
49977,UPGRADE,SIMPLO,CÂMBIO,17/02/2026,156,MERCEDES-BENZ,2026/2
49978,UPGRADE,SIMPLO,CÂMBIO TRUCK,17/02/2026,149,MERCEDES-BENZ,2026/2
49978,UPGRADE,SIMPLO,CÂMBIO,17/02/2026,149,MERCEDES-BENZ,2026/2
50635,CORREÇÃO,SIMPLO,CLIMA CAR,16/02/2026,1105,CHEVROLET,2026/2
49480,UPGRADE,SIMPLO,CÂMBIO TRUCK,16/02/2026,120,FORD,2026/2
49480,UPGRADE,SIMPLO,CÂMBIO,16/02/2026,120,FORD,2026/2
50539,UPGRADE,SIMPLO,CLIMA CAR,16/02/2026,936,VOLKSWAGEN,2026/2
50211,UPGRADE,SIMPLO,CÂMBIO TRUCK,16/02/2026,49,NISSAN,2026/2
50210,UPGRADE,SIMPLO,CÂMBIO,16/02/2026,49,NISSAN,2026/2
50616,UPGRADE,SIMPLO,CÂMBIO,16/02/2026,187,FIAT,2026/2
50615,UPGRADE,SIMPLO,ELECTRA,16/02/2026,278,FIAT,2026/2
50614,UPGRADE,SIMPLO,CÂMBIO,16/02/2026,239,FIAT,2026/2
50612,UPGRADE,SIMPLO,ELECTRA,16/02/2026,325,FIAT,2026/2
50595,UPGRADE,SIMPLO,MOTORES - LINHA LEVE,16/02/2026,95,VOLKSWAGEN,2026/2
50610,UPGRADE,SIMPLO,CLIMA CAR,16/02/2026,1226,CITROEN,2026/2
50609,CORREÇÃO,SIMPLO,ARLA,16/02/2026,9,MERCEDES-BENZ,2026/2
50608,UPGRADE,SIMPLO,ABS/ASR/ESP,16/02/2026,316,HONDA,2026/2
49179,UPGRADE,SIMPLO,INJEÇÃO,16/02/2026,2208,BMW,2026/2
47555,CORREÇÃO,SIMPLO,LUBRITEC,16/02/2026,1627,RENAULT,2026/2
50594,CORREÇÃO,SIMPLO,ELECTRA TRUCK,16/02/2026,225,RENAULT,2026/2
50391,CORREÇÃO,SIMPLO,CÂMBIO,16/02/2026,239,,2026/2
50545,CORREÇÃO,SIMPLO,ELECTRA TRUCK,16/02/2026,201,FORD,2026/2
50477,CORREÇÃO,SIMPLO,ELECTRA TRUCK,13/02/2026,218,VOLVO,2026/2
50407,CORREÇÃO,SIMPLO,ELECTRA TRUCK,13/02/2026,166,MERCEDES-BENZ,2026/2
50403,CORREÇÃO,SIMPLO,ELECTRA TRUCK,13/02/2026,139,MERCEDES-BENZ,2026/2
50365,UPGRADE,SIMPLO,ELECTRA TRUCK,13/02/2026,175,FIAT,2026/2
50357,UPGRADE,SIMPLO,ELECTRA TRUCK,13/02/2026,183,CHEVROLET,2026/2
50475,CORREÇÃO,SIMPLO,ELECTRA TRUCK,13/02/2026,149,VOLVO,2026/2
50315,UPGRADE,SIMPLO,ELECTRA TRUCK,13/02/2026,149,VOLVO,2026/2
50204,UPGRADE,SIMPLO,ELECTRA TRUCK,13/02/2026,159,NISSAN,2026/2
50012,CORREÇÃO,SIMPLO,ELECTRA,13/02/2026,313,MITSUBISHI,2026/2
50012,CORREÇÃO,SIMPLO,ELECTRA TRUCK,13/02/2026,196,MITSUBISHI,2026/2
50537,CORREÇÃO,SIMPLO,ELECTRA TRUCK,13/02/2026,177,FORD,2026/2
49945,CORREÇÃO,SIMPLO,ELECTRA TRUCK,13/02/2026,177,FORD,2026/2
49847,UPGRADE,SIMPLO,ELECTRA TRUCK,13/02/2026,206,VOLKSWAGEN,2026/2
49770,UPGRADE,SIMPLO,ELECTRA TRUCK,13/02/2026,8,FORD,2026/2
49727,UPGRADE,SIMPLO,ELECTRA TRUCK,13/02/2026,176,FORD,2026/2
49502,UPGRADE,SIMPLO,ELECTRA TRUCK,13/02/2026,194,MERCEDES-BENZ,2026/2
50606,CORREÇÃO,SIMPLO,SCOPE TRUCK (PICO SCOPE),13/02/2026,711,VOLKSWAGEN,2026/2
48783,UPGRADE,SIMPLO,TORKS - SUSPENSÃO,13/02/2026,253,CITROEN,2026/2
49253,UPGRADE,SIMPLO,ELECTRA TRUCK,13/02/2026,203,NISSAN,2026/2
49029,NOVA,SIMPLO,CÂMBIO TRUCK,13/02/2026,283,MERCEDES-BENZ,2026/2
49029,UPGRADE,SIMPLO,ELECTRA TRUCK,13/02/2026,205,MERCEDES-BENZ,2026/2
47055,UPGRADE,SIMPLO,ELECTRA TRUCK,13/02/2026,141,VOLKSWAGEN,2026/2
44073,UPGRADE,SIMPLO,ELECTRA TRUCK,13/02/2026,146,VOLVO,2026/2
49969,UPGRADE,SIMPLO,ELECTRA,12/02/2026,215,FIAT,2026/2
49968,UPGRADE,SIMPLO,ELECTRA,12/02/2026,213,FIAT,2026/2
48780,UPGRADE,SIMPLO,TORKS - SUSPENSÃO,12/02/2026,252,CITROEN,2026/2
48737,UPGRADE,SIMPLO,TORKS - SUSPENSÃO,12/02/2026,251,CITROEN,2026/2
50603,CORREÇÃO,SIMPLO,LUBRITEC,12/02/2026,2615,HONDA,2026/2
50599,CORREÇÃO,SIMPLO,INJEÇÃO,12/02/2026,1947,CHEVROLET,2026/2
50602,UPGRADE,SIMPLO,INJEÇÃO,12/02/2026,1410,HYUNDAI,2026/2
50601,CORREÇÃO,SIMPLO,INJEÇÃO,12/02/2026,2280,HYUNDAI,2026/2
44754,UPGRADE,SIMPLO,INJEÇÃO,12/02/2026,1290,CHEVROLET,2026/2
38759,UPGRADE,SIMPLO,LUBRITEC,12/02/2026,5444,JAGUAR,2026/2
50578,CORREÇÃO,SIMPLO,ELECTRA,12/02/2026,350,RENAULT,2026/2
50541,CORREÇÃO,SIMPLO,ELECTRA,12/02/2026,324,FORD,2026/2
50528,CORREÇÃO,SIMPLO,ELECTRA,12/02/2026,230,FORD,2026/2
50526,CORREÇÃO,SIMPLO,ELECTRA,12/02/2026,306,MERCEDES-BENZ,2026/2
50511,UPGRADE,SIMPLO,ELECTRA,12/02/2026,33,FIAT,2026/2
50478,UPGRADE,SIMPLO,CÂMBIO,12/02/2026,175,VOLKSWAGEN,2026/2
50478,UPGRADE,SIMPLO,ELECTRA,12/02/2026,269,VOLKSWAGEN,2026/2
50470,UPGRADE,SIMPLO,ELECTRA,12/02/2026,268,VOLKSWAGEN,2026/2
48782,UPGRADE,SIMPLO,TORKS - FREIOS,12/02/2026,253,CITROEN,2026/2
48562,UPGRADE,SIMPLO,TORKS - SUSPENSÃO,12/02/2026,238,CITROEN,2026/2
50582,UPGRADE,SIMPLO,LOCAR,12/02/2026,696,FIAT,2026/2
50579,UPGRADE,SIMPLO,LOCAR,12/02/2026,353,FIAT,2026/2
50568,UPGRADE,SIMPLO,INJEÇÃO,12/02/2026,1312,FIAT,2026/2
49130,CORREÇÃO,SIMPLO,INJEÇÃO,12/02/2026,2267,AUDI,2026/2
47256,UPGRADE,SIMPLO,INJEÇÃO,12/02/2026,2212,BMW,2026/2
49062,UPGRADE,SIMPLO,ABS/ASR/ESP,12/02/2026,1029,BMW,2026/2
50418,UPGRADE,SIMPLO,ELECTRA,12/02/2026,220,VOLKSWAGEN,2026/2
50417,UPGRADE,SIMPLO,ELECTRA,12/02/2026,208,VOLKSWAGEN,2026/2
50405,UPGRADE,SIMPLO,ELECTRA,11/02/2026,222,CHEVROLET,2026/2
50401,UPGRADE,SIMPLO,ELECTRA,11/02/2026,289,PEUGEOT,2026/2
50383,CORREÇÃO,SIMPLO,ELECTRA,11/02/2026,325,FIAT,2026/2
50378,UPGRADE,SIMPLO,ELECTRA,11/02/2026,127,FIAT,2026/2
50368,UPGRADE,SIMPLO,ELECTRA,11/02/2026,201,FORD,2026/2
50362,UPGRADE,SIMPLO,ELECTRA,11/02/2026,173,CHEVROLET,2026/2
50361,CORREÇÃO,SIMPLO,ELECTRA,11/02/2026,230,FORD,2026/2
43388,UPGRADE,SIMPLO,CÂMBIO,11/02/2026,178,VOLKSWAGEN,2026/2
43388,UPGRADE,SIMPLO,ELECTRA,11/02/2026,271,VOLKSWAGEN,2026/2
50348,UPGRADE,SIMPLO,CÂMBIO,11/02/2026,198,TOYOTA,2026/2
50348,UPGRADE,SIMPLO,ELECTRA,11/02/2026,292,TOYOTA,2026/2
50339,CORREÇÃO,SIMPLO,ELECTRA,11/02/2026,94,PEUGEOT,2026/2
50192,UPGRADE,SIMPLO,PICO SCOPE,11/02/2026,635,VOLKSWAGEN,2026/2
50338,UPGRADE,SIMPLO,ELECTRA,11/02/2026,208,VOLKSWAGEN,2026/2
50575,CORREÇÃO,SIMPLO,INJEÇÃO,10/02/2026,1256,VOLKSWAGEN,2026/2
48779,UPGRADE,SIMPLO,TORKS - FREIOS,10/02/2026,252,CITROEN,2026/2
43230,CORREÇÃO,SIMPLO,LUBRITEC,10/02/2026,2438,VOLVO TRUCK,2026/2
50009,UPGRADE,SIMPLO,TORKS TRUCK,10/02/2026,297,VOLKSWAGEN,2026/2
48776,UPGRADE,HIBRIDOS,H&E - TORKS,10/02/2026,79,CITROEN,2026/2
48776,UPGRADE,SIMPLO,TORKS - FREIOS,10/02/2026,281,CITROEN,2026/2
48736,UPGRADE,SIMPLO,TORKS - FREIOS,10/02/2026,251,CITROEN,2026/2
48701,UPGRADE,SIMPLO,TORKS - SUSPENSÃO,10/02/2026,274,RAM,2026/2
48700,UPGRADE,SIMPLO,TORKS - FREIOS,10/02/2026,274,RAM,2026/2
50569,UPGRADE,SIMPLO,SINCRO - CORREIAS,10/02/2026,140,FIAT,2026/2
50186,UPGRADE,SIMPLO,MOTORES - LINHA PESADA,10/02/2026,185,,2026/2
49591,UPGRADE,SIMPLO,MOTORES - LINHA LEVE,10/02/2026,1252,HYUNDAI/KIA,2026/2
50567,UPGRADE,SIMPLO,INJEÇÃO,10/02/2026,1266,FIAT,2026/2
50566,UPGRADE,SIMPLO,INJEÇÃO,10/02/2026,1268,FIAT,2026/2
50564,UPGRADE,SIMPLO,INJEÇÃO,10/02/2026,1267,FIAT,2026/2
50563,UPGRADE,SIMPLO,INJEÇÃO,10/02/2026,1307,FIAT,2026/2
50560,CORREÇÃO,SIMPLO,INJEÇÃO,10/02/2026,1754,NISSAN,2026/2
49102,UPGRADE,SIMPLO,INJEÇÃO,10/02/2026,2264,FIAT,2026/2
49060,UPGRADE,SIMPLO,INJEÇÃO,10/02/2026,2256,AUDI,2026/2
46228,UPGRADE,SIMPLO,INJEÇÃO,10/02/2026,1311,FIAT,2026/2
50572,CORREÇÃO,SIMPLO,REVISA CAR,10/02/2026,228,FORD,2026/2
50553,UPGRADE,SIMPLO,DIESEL,10/02/2026,409,FORD,2026/2
50552,UPGRADE,SIMPLO,DIESEL,10/02/2026,372,FORD,2026/2
50101,UPGRADE,SIMPLO,DIESEL,10/02/2026,441,RENAULT,2026/2
48441,UPGRADE,SIMPLO,DIESEL,10/02/2026,384,IVECO,2026/2
50320,CORREÇÃO,SIMPLO,ELECTRA,09/02/2026,240,CHERY,2026/2
50314,UPGRADE,SIMPLO,ELECTRA,09/02/2026,223,FIAT,2026/2
50310,CORREÇÃO,SIMPLO,ELECTRA,09/02/2026,263,CHEVROLET,2026/2
50301,CORREÇÃO,SIMPLO,ELECTRA,09/02/2026,218,FIAT,2026/2
50247,UPGRADE,SIMPLO,ELECTRA,09/02/2026,328,NISSAN,2026/2
50237,UPGRADE,SIMPLO,ELECTRA,09/02/2026,9,FIAT,2026/2
50226,UPGRADE,SIMPLO,ELECTRA,09/02/2026,294,RENAULT,2026/2
50191,UPGRADE,SIMPLO,ELECTRA,09/02/2026,180,MITSUBISHI,2026/2
50187,UPGRADE,SIMPLO,ELECTRA,09/02/2026,269,VOLKSWAGEN,2026/2
50154,CORREÇÃO,SIMPLO,ELECTRA,09/02/2026,127,FIAT,2026/2
50134,UPGRADE,SIMPLO,ELECTRA,09/02/2026,137,VOLKSWAGEN,2026/2
50114,UPGRADE,SIMPLO,ELECTRA,09/02/2026,170,CHEVROLET,2026/2
50085,UPGRADE,SIMPLO,CÂMBIO,09/02/2026,268,BMW,2026/2
50085,UPGRADE,SIMPLO,ELECTRA,09/02/2026,343,BMW,2026/2
50078,UPGRADE,SIMPLO,ELECTRA,09/02/2026,100,FORD,2026/2
50013,CORREÇÃO,SIMPLO,ELECTRA,09/02/2026,262,BMW,2026/2
49975,UPGRADE,SIMPLO,ELECTRA TRUCK,09/02/2026,191,FIAT,2026/2
49975,UPGRADE,SIMPLO,ELECTRA,09/02/2026,288,FIAT,2026/2
49850,UPGRADE,SIMPLO,ELECTRA,09/02/2026,234,FORD,2026/2
49812,UPGRADE,SIMPLO,ELECTRA,09/02/2026,133,PEUGEOT,2026/2
49768,UPGRADE,SIMPLO,ELECTRA,09/02/2026,140,CITROEN,2026/2
49722,UPGRADE,SIMPLO,ELECTRA,09/02/2026,185,RENAULT,2026/2
49627,CORREÇÃO,SIMPLO,ELECTRA,09/02/2026,37,VOLKSWAGEN,2026/2
49518,CORREÇÃO,SIMPLO,ELECTRA,09/02/2026,266,VOLKSWAGEN,2026/2
49493,UPGRADE,SIMPLO,ELECTRA,09/02/2026,158,FORD,2026/2
49433,UPGRADE,SIMPLO,ELECTRA,09/02/2026,32,FIAT,2026/2
49110,NOVA,SIMPLO,CÂMBIO,06/02/2026,282,NISSAN,2026/2
49110,UPGRADE,SIMPLO,ELECTRA,06/02/2026,328,NISSAN,2026/2
49048,NOVA,SIMPLO,CÂMBIO TRUCK,06/02/2026,281,NISSAN,2026/2
49048,NOVA,SIMPLO,CÂMBIO,06/02/2026,281,NISSAN,2026/2
49048,UPGRADE,SIMPLO,ELECTRA,06/02/2026,327,NISSAN,2026/2
46782,UPGRADE,SIMPLO,ELECTRA,06/02/2026,178,CITROEN,2026/2
44854,UPGRADE,SIMPLO,ELECTRA,06/02/2026,147,HYUNDAI,2026/2
42921,CORREÇÃO,SIMPLO,LUBRITEC,06/02/2026,2080,MERCEDES-BENZ TRUCK,2026/2
50557,CORREÇÃO,SIMPLO,INJEÇÃO,06/02/2026,52,CHEVROLET,2026/2
50556,CORREÇÃO,SIMPLO,INJEÇÃO,06/02/2026,532,CHEVROLET,2026/2
50559,UPGRADE,SIMPLO,INJEÇÃO,06/02/2026,405,CHEVROLET,2026/2
50554,UPGRADE,SIMPLO,INJEÇÃO,06/02/2026,1049,FIAT,2026/2
45025,UPGRADE,SIMPLO,INJEÇÃO,06/02/2026,595,CHEVROLET,2026/2
44914,UPGRADE,SIMPLO,INJEÇÃO,06/02/2026,594,CHEVROLET,2026/2
44641,UPGRADE,SIMPLO,INJEÇÃO,06/02/2026,593,CHEVROLET,2026/2
42912,CORREÇÃO,SIMPLO,LUBRITEC,06/02/2026,2088,MERCEDES-BENZ TRUCK,2026/2
42913,CORREÇÃO,SIMPLO,LUBRITEC,06/02/2026,2087,MERCEDES-BENZ TRUCK,2026/2
50550,UPGRADE,SIMPLO,INJEÇÃO,05/02/2026,1045,FIAT,2026/2
50344,UPGRADE,SIMPLO,PICO SCOPE,05/02/2026,517,CITROEN,2026/2
50341,UPGRADE,SIMPLO,PICO SCOPE,05/02/2026,56,JEEP,2026/2
47448,UPGRADE,SIMPLO,MOTORES - LINHA LEVE,05/02/2026,1470,AUDI/VOLKSWAGEN,2026/2
50547,CORREÇÃO,SIMPLO,LOCAR,05/02/2026,924,HONDA,2026/2
50543,UPGRADE,SIMPLO,INJEÇÃO,05/02/2026,1050,FIAT,2026/2
49817,UPGRADE,SIMPLO,TORKS TRUCK,05/02/2026,294,VOLVO,2026/2
48731,UPGRADE,SIMPLO,TORKS - SUSPENSÃO,05/02/2026,240,CHEVROLET,2026/2
48730,UPGRADE,SIMPLO,TORKS - FREIOS,05/02/2026,240,CHEVROLET,2026/2
48561,UPGRADE,SIMPLO,TORKS - FREIOS,05/02/2026,238,CITROEN,2026/2
48476,UPGRADE,SIMPLO,TORKS - FREIOS,05/02/2026,166,HYUNDAI,2026/2
50544,UPGRADE,SIMPLO,CLIMA CAR,04/02/2026,888,KIA,2026/2
48117,UPGRADE,SIMPLO,TORKS - FREIOS,04/02/2026,209,JAGUAR,2026/2
48037,UPGRADE,SIMPLO,TORKS - SUSPENSÃO,04/02/2026,215,AUDI,2026/2
48036,UPGRADE,SIMPLO,TORKS - FREIOS,04/02/2026,215,AUDI,2026/2
47900,UPGRADE,SIMPLO,TORKS - FREIOS,04/02/2026,217,BMW,2026/2
47897,UPGRADE,SIMPLO,TORKS - SUSPENSÃO,04/02/2026,217,BMW,2026/2
47865,UPGRADE,SIMPLO,TORKS - FREIOS,04/02/2026,160,CHEVROLET,2026/2
47863,UPGRADE,SIMPLO,TORKS - SUSPENSÃO,04/02/2026,160,CHEVROLET,2026/2
42936,CORREÇÃO,SIMPLO,LUBRITEC,04/02/2026,2100,MERCEDES-BENZ TRUCK,2026/2
50355,UPGRADE,SIMPLO,SINCRO - CORRENTES,04/02/2026,1135,HYUNDAI/KIA,2026/2
50527,UPGRADE,SIMPLO,MOTORES - LINHA PESADA,04/02/2026,1275,HYUNDAI/KIA,2026/2
50509,UPGRADE,SIMPLO,CLIMA CAR,04/02/2026,207,CHEVROLET,2026/2
50369,UPGRADE,SIMPLO,MT PRO,04/02/2026,165,VOLKSWAGEN,2026/2
50316,UPGRADE,SIMPLO,SINCRO - CORRENTES,04/02/2026,1849,RENAULT,2026/2
50535,UPGRADE,SIMPLO,LUBRITEC,03/02/2026,5573,,2026/2
50534,UPGRADE,SIMPLO,LUBRITEC,03/02/2026,5664,,2026/2
50275,UPGRADE,SIMPLO,SINCRO - CORRENTES,03/02/2026,1835,FORD,2026/2
50274,UPGRADE,SIMPLO,SINCRO - CORRENTES,03/02/2026,1835,FORD,2026/2
45172,UPGRADE,SIMPLO,SINCRO - CORREIAS,03/02/2026,58,HONDA,2026/2
14346,UPGRADE,SIMPLO,SINCRO - CORREIAS,03/02/2026,616,VOLKSWAGEN,2026/2
48559,UPGRADE,ELÉTRICOS,ELETRICOS - TORKS,03/02/2026,37,CITROEN,2026/2 H&E
48559,UPGRADE,SIMPLO,TORKS - SUSPENSÃO,03/02/2026,268,CITROEN,2026/2
50525,UPGRADE,SIMPLO,INJEÇÃO,03/02/2026,1824,CHEVROLET,2026/2
50385,UPGRADE,SIMPLO,PICO SCOPE,03/02/2026,9,CHEVROLET,2026/2
50193,UPGRADE,SIMPLO,PICO SCOPE,03/02/2026,280,VOLKSWAGEN,2026/2
50106,UPGRADE,SIMPLO,PICO SCOPE,03/02/2026,511,NISSAN,2026/2
49986,UPGRADE,SIMPLO,PICO SCOPE,03/02/2026,590,FORD,2026/2
45965,UPGRADE,SIMPLO,PICO SCOPE,03/02/2026,820,FIAT,2026/2
50384,UPGRADE,SIMPLO,MT PRO,02/02/2026,81,CHEVROLET,2026/2
50230,UPGRADE,SIMPLO,MT PRO,02/02/2026,330,RENAULT,2026/2
47688,UPGRADE,SIMPLO,MT PRO,02/02/2026,307,VOLKSWAGEN,2026/2
46154,UPGRADE,SIMPLO,MT PRO,02/02/2026,83,NISSAN,2026/2
45960,UPGRADE,SIMPLO,MT PRO,02/02/2026,32,KIA,2026/2
49951,UPGRADE,SIMPLO,TORKS TRUCK - SUSPENSÃO,02/02/2026,283,IVECO,2026/2
49927,UPGRADE,SIMPLO,TORKS TRUCK,02/02/2026,280,VOLVO,2026/2
49925,UPGRADE,SIMPLO,TORKS TRUCK,02/02/2026,284,IVECO,2026/2
49911,UPGRADE,SIMPLO,TORKS TRUCK - SUSPENSÃO,02/02/2026,285,MERCEDES-BENZ,2026/2
49872,UPGRADE,SIMPLO,TORKS TRUCK - SUSPENSÃO,02/02/2026,323,SCANIA,2026/2
49865,UPGRADE,SIMPLO,TORKS TRUCK - SUSPENSÃO,02/02/2026,291,IVECO,2026/2
48558,UPGRADE,ELÉTRICOS,ELETRICOS - TORKS,02/02/2026,37,CITROEN,2026/2 H&E
48558,UPGRADE,SIMPLO,TORKS - FREIOS,02/02/2026,268,CITROEN,2026/2
50513,UPGRADE,SIMPLO,INJEÇÃO,02/02/2026,822,FIAT,2026/2
50512,UPGRADE,SIMPLO,INJEÇÃO,02/02/2026,793,FIAT,2026/2
45053,UPGRADE,SIMPLO,INJEÇÃO,02/02/2026,380,FIAT,2026/2
44639,UPGRADE,SIMPLO,INJEÇÃO,02/02/2026,539,CHEVROLET,2026/2
44585,UPGRADE,SIMPLO,INJEÇÃO,02/02/2026,538,CHEVROLET,2026/2
44556,UPGRADE,SIMPLO,INJEÇÃO,02/02/2026,378,CHEVROLET,2026/2
44067,UPGRADE,SIMPLO,INJEÇÃO,02/02/2026,285,CHEVROLET,2026/2
43912,UPGRADE,SIMPLO,INJEÇÃO,02/02/2026,532,CHEVROLET,2026/2
50515,CORREÇÃO,SIMPLO,MOTORES - LINHA LEVE,02/02/2026,341,,2026/2
50426,UPGRADE,SIMPLO,DIESEL,02/02/2026,236,VOLVO,2026/2
43912,UPGRADE,SIMPLO,INJEÇÃO,02/02/2026,535,CHEVROLET,2026/2
50545,CORREÇÃO,SIMPLO,MOTORES - LINHA LEVE,02/02/2026,341,,2026/2
50426,UPGRADE,SIMPLO,DIESEL,02/02/2026,236,VOLVO,2026/2
50098,UPGRADE,SIMPLO,DIESEL,02/02/2026,439,LAND ROVER,2026/2
47668,UPGRADE,SIMPLO,DIESEL,02/02/2026,318,CITROEN,2026/2
46947,CORREÇÃO,SIMPLO,MOTORES - LINHA LEVE,02/02/2026,1354,NISSAN,2026/2
50508,UPGRADE,SIMPLO,INJEÇÃO,30/01/2026,1310,,2026/2
50437,UPGRADE,SIMPLO,TORKS - FREIOS,30/01/2026,159,VOLKSWAGEN,2026/2
50281,UPGRADE,HIBRIDOS,H&E - TORKS,30/01/2026,71,TOYOTA,2026/2 H&E
50281,UPGRADE,SIMPLO,TORKS - DIREÇÃO,30/01/2026,71,TOYOTA,2026/2
48817,UPGRADE,SIMPLO,TORKS - SUSPENSÃO,30/01/2026,242,FIAT,2026/2
48816,UPGRADE,SIMPLO,TORKS - FREIOS,30/01/2026,242,FIAT,2026/2
48777,UPGRADE,HIBRIDOS,H&E - TORKS,30/01/2026,79,CITROEN,2026/2 H&E
48777,UPGRADE,SIMPLO,TORKS - SUSPENSÃO,30/01/2026,271,CITROEN,2026/2
48614,UPGRADE,SIMPLO,TORKS - SUSPENSÃO,30/01/2026,184,HONDA,2026/2
48613,UPGRADE,SIMPLO,TORKS - FREIOS,30/01/2026,184,HONDA,2026/2
48531,UPGRADE,SIMPLO,TORKS - SUSPENSÃO,30/01/2026,236,FORD,2026/2
48530,UPGRADE,SIMPLO,TORKS - FREIOS,30/01/2026,236,FORD,2026/2
48336,UPGRADE,SIMPLO,TORKS - FREIOS,30/01/2026,127,VOLKSWAGEN,2026/2
48148,UPGRADE,SIMPLO,TORKS - SUSPENSÃO,30/01/2026,122,LAND ROVER,2026/2
49693,UPGRADE,SIMPLO,SINCRO - CORRENTES,30/01/2026,149,FORD,2026/2
50503,CORREÇÃO,SIMPLO,CLIMA TRUCK,30/01/2026,190,DAF,2026/2
50505,CORREÇÃO,SIMPLO,CLIMA CAR,30/01/2026,1105,CHEVROLET,2026/2
50504,CORREÇÃO,SIMPLO,LUBRITEC,30/01/2026,5394,CHEVROLET,2026/2
50506,CORREÇÃO,SIMPLO,INJEÇÃO,30/01/2026,2251,MITSUBISHI,2026/2
50502,CORREÇÃO,SIMPLO,INJEÇÃO,30/01/2026,2260,MERCEDES-BENZ,2026/2
50496,UPGRADE,SIMPLO,DIESEL,30/01/2026,390,,2026/2
50501,CORREÇÃO,SIMPLO,CLIMA CAR,30/01/2026,975,FIAT/JEEP,2026/2
49443,UPGRADE,SIMPLO,SINCRO - CORRENTES,30/01/2026,1813,HONDA,2026/2
50484,UPGRADE,SIMPLO,SINCRO - CORREIAS,30/01/2026,1829,FORD,2026/2
46979,UPGRADE,SIMPLO,SINCRO - CORREIAS,30/01/2026,1895,,2026/2
47143,CORREÇÃO,SIMPLO,MOTORES - LINHA LEVE,30/01/2026,1316,RENAULT,2026/2
49134,UPGRADE,SIMPLO,INJEÇÃO,30/01/2026,2116,VOLKSWAGEN,2026/2
48964,UPGRADE,SIMPLO,INJEÇÃO,30/01/2026,2251,MITSUBISHI,2026/2
50087,UPGRADE,SIMPLO,DIESEL,30/01/2026,440,MITSUBISHI,2026/2
50499,UPGRADE,SIMPLO,CLIMA CAR,30/01/2026,205,CHEVROLET,2026/2
48994,UPGRADE,SIMPLO,ABS/ASR/ESP,30/01/2026,1027,FIAT/RAM,2026/2
47230,UPGRADE,SIMPLO,ABS/ASR/ESP,30/01/2026,998,MERCEDES-BENZ,2026/2
42934,UPGRADE,SIMPLO,LUBRITEC,29/01/2026,2109,,2026/2
42933,UPGRADE,SIMPLO,LUBRITEC,29/01/2026,2120,,2026/2
42932,UPGRADE,SIMPLO,LUBRITEC,29/01/2026,2121,,2026/2
50497,UPGRADE,SIMPLO,CLIMA CAR,29/01/2026,37,CHEVROLET,2026/2
50494,UPGRADE,SIMPLO,CLIMA CAR,29/01/2026,204,CHEVROLET,2026/2
50488,UPGRADE,SIMPLO,CLIMA CAR,29/01/2026,203,CHEVROLET,2026/2
49120,UPGRADE,HIBRIDOS,H&E - INJEÇÃO,29/01/2026,66,BYD,2026/2 H&E
49119,CORREÇÃO,HIBRIDOS,H&E - ABS,29/01/2026,66,BYD,2026/2 H&E
48869,UPGRADE,HIBRIDOS,H&E - AC,29/01/2026,66,BYD,2026/2 H&E
50498,UPGRADE,SIMPLO,ELECTRA,29/01/2026,268,VOLKSWAGEN,2026/2
48900,UPGRADE,HIBRIDOS,H&E - AC,29/01/2026,63,BYD,2026/2 H&E
48900,UPGRADE,HIBRIDOS,H&E - AC,29/01/2026,42,BYD,2026/2 H&E
48790,UPGRADE,HIBRIDOS,H&E - INJEÇÃO,29/01/2026,85,FIAT,2026/2 H&E
48790,UPGRADE,HIBRIDOS,H&E - INJEÇÃO,29/01/2026,65,FIAT,2026/2 H&E
50111,UPGRADE,ELÉTRICOS,ELETRICOS,29/01/2026,20,BYD,2026/2 H&E
48820,UPGRADE,ELÉTRICOS,ELETRICOS - TORKS,29/01/2026,6,FIAT,2026/2 H&E
48819,UPGRADE,ELÉTRICOS,ELETRICOS - TORKS,29/01/2026,6,FIAT,2026/2 H&E
50367,CORREÇÃO,MOTOS,LUBRITEC MOTOS,29/01/2026,277,YAMAHA,2026/2 M
50483,UPGRADE,SIMPLO,INJEÇÃO,29/01/2026,435,FIAT,2026/2
50493,UPGRADE,SIMPLO,MOTORES - LINHA LEVE,29/01/2026,1076,CHEVROLET,2026/2
50473,CORREÇÃO,SIMPLO,INJEÇÃO,28/01/2026,2134,VOLKSWAGEN,2026/2
50471,CORREÇÃO,SIMPLO,INJEÇÃO,28/01/2026,2133,VOLKSWAGEN,2026/2
50018,UPGRADE,SIMPLO,INJEÇÃO,28/01/2026,1935,NISSAN,2026/2
48931,UPGRADE,SIMPLO,INJEÇÃO,28/01/2026,2260,MERCEDES-BENZ,2026/2
43405,UPGRADE,SIMPLO,INJEÇÃO,28/01/2026,66,CHEVROLET,2026/2
49982,UPGRADE,SIMPLO,ABS/ASR/ESP,28/01/2026,904,VOLKSWAGEN,2026/2
50482,CORREÇÃO,SIMPLO,DIESEL,28/01/2026,200,IVECO,2026/2
50390,UPGRADE,SIMPLO,REVISA CAR,28/01/2026,631,HYUNDAI,2026/2
50389,UPGRADE,SIMPLO,REVISA CAR,28/01/2026,378,HYUNDAI,2026/2
50372,UPGRADE,SIMPLO,REVISA CAR,28/01/2026,353,TOYOTA,2026/2
50371,UPGRADE,SIMPLO,REVISA CAR,28/01/2026,352,TOYOTA,2026/2
50375,UPGRADE,SIMPLO,REVISA CAR,28/01/2026,34,TOYOTA,2026/2
50370,UPGRADE,SIMPLO,REVISA CAR,28/01/2026,27,TOYOTA,2026/2
50342,UPGRADE,SIMPLO,REVISA CAR,28/01/2026,25,TOYOTA,2026/2
50332,UPGRADE,SIMPLO,REVISA CAR,28/01/2026,601,TOYOTA,2026/2
50328,UPGRADE,SIMPLO,REVISA CAR,28/01/2026,357,TOYOTA,2026/2
50327,UPGRADE,SIMPLO,REVISA CAR,28/01/2026,356,TOYOTA,2026/2
50326,UPGRADE,SIMPLO,REVISA CAR,28/01/2026,355,TOYOTA,2026/2
50296,UPGRADE,SIMPLO,REVISA CAR,28/01/2026,354,TOYOTA,2026/2
50331,UPGRADE,SIMPLO,REVISA CAR,28/01/2026,362,TOYOTA,2026/2
50330,UPGRADE,SIMPLO,REVISA CAR,28/01/2026,361,TOYOTA,2026/2
50329,UPGRADE,SIMPLO,REVISA CAR,28/01/2026,360,TOYOTA,2026/2
50363,UPGRADE,SIMPLO,REVISA CAR,28/01/2026,26,TOYOTA,2026/2
50294,UPGRADE,SIMPLO,REVISA CAR,28/01/2026,209,TOYOTA,2026/2
50293,UPGRADE,SIMPLO,REVISA CAR,28/01/2026,208,TOYOTA,2026/2
50292,UPGRADE,SIMPLO,REVISA CAR,28/01/2026,207,TOYOTA,2026/2
50290,UPGRADE,SIMPLO,REVISA CAR,28/01/2026,206,TOYOTA,2026/2
50272,UPGRADE,SIMPLO,REVISA CAR,28/01/2026,668,TOYOTA,2026/2
50271,UPGRADE,SIMPLO,REVISA CAR,28/01/2026,667,TOYOTA,2026/2
50291,UPGRADE,SIMPLO,REVISA CAR,28/01/2026,21,TOYOTA,2026/2
50270,UPGRADE,SIMPLO,REVISA CAR,28/01/2026,666,TOYOTA,2026/2
50269,UPGRADE,SIMPLO,REVISA CAR,28/01/2026,333,TOYOTA,2026/2
50268,UPGRADE,SIMPLO,REVISA CAR,28/01/2026,205,TOYOTA,2026/2
50267,UPGRADE,SIMPLO,REVISA CAR,28/01/2026,204,TOYOTA,2026/2
50236,NOVA,SIMPLO,LUBRITEC,27/01/2026,2919,VOLKSWAGEN TRUCK,2026/2
50233,NOVA,SIMPLO,LUBRITEC,27/01/2026,2918,VOLKSWAGEN TRUCK,2026/2
50266,UPGRADE,SIMPLO,REVISA CAR,27/01/2026,203,TOYOTA,2026/2
50265,UPGRADE,SIMPLO,REVISA CAR,27/01/2026,202,TOYOTA,2026/2
50142,UPGRADE,SIMPLO,REVISA CAR,27/01/2026,187,JEEP,2026/2
50140,UPGRADE,SIMPLO,REVISA CAR,27/01/2026,183,JEEP,2026/2
50139,UPGRADE,SIMPLO,REVISA CAR,27/01/2026,182,JEEP,2026/2
50135,UPGRADE,SIMPLO,REVISA CAR,27/01/2026,180,JEEP,2026/2
50133,UPGRADE,SIMPLO,REVISA CAR,27/01/2026,179,JEEP,2026/2
50131,UPGRADE,SIMPLO,REVISA CAR,27/01/2026,632,JEEP,2026/2
50130,UPGRADE,SIMPLO,REVISA CAR,27/01/2026,177,JEEP,2026/2
50128,UPGRADE,SIMPLO,REVISA CAR,27/01/2026,176,JEEP,2026/2
50127,UPGRADE,SIMPLO,REVISA CAR,27/01/2026,175,JEEP,2026/2
50072,UPGRADE,SIMPLO,REVISA CAR,27/01/2026,605,JEEP,2026/2
50071,UPGRADE,SIMPLO,REVISA CAR,27/01/2026,380,JEEP,2026/2
50093,UPGRADE,SIMPLO,ABS/ASR/ESP,27/01/2026,1044,LAND ROVER,2026/2
50089,UPGRADE,SIMPLO,ABS/ASR/ESP,27/01/2026,1043,LAND ROVER,2026/2
50440,UPGRADE,SIMPLO,LOCAR,27/01/2026,533,VOLKSWAGEN,2026/2
50379,UPGRADE,SIMPLO,LOCAR,27/01/2026,677,FIAT,2026/2
50311,CORREÇÃO,SIMPLO,LOCAR,27/01/2026,927,HYUNDAI,2026/2
50249,UPGRADE,SIMPLO,LOCAR,27/01/2026,860,NISSAN,2026/2
50248,UPGRADE,SIMPLO,LOCAR,27/01/2026,859,NISSAN,2026/2
49474,UPGRADE,SIMPLO,INJEÇÃO,27/01/2026,41,FIAT,2026/2
50467,UPGRADE,SIMPLO,INJEÇÃO,27/01/2026,1524,MITSUBISHI,2026/2
50461,UPGRADE,SIMPLO,INJEÇÃO,27/01/2026,1175,FIAT,2026/2
50460,UPGRADE,SIMPLO,INJEÇÃO,27/01/2026,1338,VOLKSWAGEN,2026/2
49184,UPGRADE,SIMPLO,INJEÇÃO,27/01/2026,1526,MITSUBISHI,2026/2
49181,UPGRADE,SIMPLO,INJEÇÃO,27/01/2026,1841,PEUGEOT,2026/2
49139,UPGRADE,SIMPLO,INJEÇÃO,27/01/2026,1478,FORD,2026/2
45195,UPGRADE,SIMPLO,INJEÇÃO,27/01/2026,527,FIAT,2026/2
47700,UPGRADE,SIMPLO,DIESEL,27/01/2026,420,MITSUBISHI,2026/2
42918,CORREÇÃO,SIMPLO,LUBRITEC,27/01/2026,2082,,2026/2
50454,UPGRADE,SIMPLO,CLIMA CAR,27/01/2026,401,VOLKSWAGEN,2026/2
50453,UPGRADE,SIMPLO,CLIMA CAR,27/01/2026,403,VOLKSWAGEN,2026/2
50091,UPGRADE,SIMPLO,ABS/ASR/ESP,27/01/2026,1045,LAND ROVER,2026/2
50459,UPGRADE,SIMPLO,ABS/ASR/ESP,27/01/2026,780,FIAT,2026/2
49811,UPGRADE,SIMPLO,ABS/ASR/ESP,27/01/2026,479,PEUGEOT,2026/2
50402,UPGRADE,SIMPLO,CLIMA TRUCK,27/01/2026,117,FORD,2026/2
50209,UPGRADE,SIMPLO,CLIMA TRUCK,27/01/2026,125,NISSAN,2026/2
46906,UPGRADE,SIMPLO,CLIMA TRUCK,27/01/2026,149,VOLVO,2026/2
50438,UPGRADE,SIMPLO,CLIMA CAR,27/01/2026,613,CITROEN,2026/2
50428,UPGRADE,SIMPLO,CLIMA CAR,27/01/2026,233,ALFA ROMEO,2026/2
50420,UPGRADE,SIMPLO,CLIMA CAR,27/01/2026,280,ALFA ROMEO,2026/2
50399,UPGRADE,SIMPLO,CLIMA CAR,27/01/2026,281,ALFA ROMEO,2026/2
50382,CORREÇÃO,SIMPLO,CLIMA CAR,27/01/2026,767,CHEVROLET,2026/2
50340,CORREÇÃO,SIMPLO,CLIMA CAR,27/01/2026,1201,VOLKSWAGEN,2026/2
50337,UPGRADE,SIMPLO,CLIMA CAR,26/01/2026,965,VOLKSWAGEN,2026/2
50257,UPGRADE,SIMPLO,CLIMA CAR,26/01/2026,858,NISSAN,2026/2
50255,UPGRADE,SIMPLO,CLIMA CAR,26/01/2026,858,NISSAN,2026/2
50253,UPGRADE,SIMPLO,CLIMA CAR,26/01/2026,873,NISSAN,2026/2
50252,UPGRADE,SIMPLO,CLIMA CAR,26/01/2026,869,NISSAN,2026/2
50250,UPGRADE,SIMPLO,CLIMA CAR,26/01/2026,869,NISSAN,2026/2
50208,UPGRADE,SIMPLO,CLIMA CAR,26/01/2026,850,NISSAN,2026/2
50168,UPGRADE,SIMPLO,CLIMA CAR,26/01/2026,919,VOLKSWAGEN,2026/2
49508,UPGRADE,SIMPLO,CLIMA CAR,26/01/2026,1105,CHEVROLET,2026/2
49101,UPGRADE,SIMPLO,CLIMA CAR,26/01/2026,1228,KIA,2026/2
49099,UPGRADE,SIMPLO,CLIMA CAR,26/01/2026,1230,KIA,2026/2
49098,UPGRADE,SIMPLO,CLIMA TRUCK,26/01/2026,188,FIAT/RAM,2026/2
49098,UPGRADE,SIMPLO,CLIMA CAR,26/01/2026,1232,FIAT/RAM,2026/2
48935,UPGRADE,SIMPLO,CLIMA CAR,26/01/2026,1214,PORSCHE,2026/2
48898,UPGRADE,SIMPLO,CLIMA CAR,26/01/2026,1213,FIAT/PEUGEOT,2026/2
50436,UPGRADE,SIMPLO,INJEÇÃO,26/01/2026,792,FIAT,2026/2
50434,UPGRADE,SIMPLO,INJEÇÃO,26/01/2026,794,FIAT,2026/2
44489,UPGRADE,SIMPLO,INJEÇÃO,26/01/2026,84,CHEVROLET,2026/2
44352,UPGRADE,SIMPLO,INJEÇÃO,26/01/2026,50,CHEVROLET,2026/2
50254,UPGRADE,SIMPLO,ABS/ASR/ESP,26/01/2026,639,VOLKSWAGEN,2026/2
50439,UPGRADE,SIMPLO,ABS/ASR/ESP,26/01/2026,173,VOLKSWAGEN,2026/2
47283,UPGRADE,SIMPLO,ABS/ASR/ESP,26/01/2026,1007,BMW,2026/2
50225,NOVA,SIMPLO,LUBRITEC,26/01/2026,2915,VOLKSWAGEN TRUCK,2026/2
50221,NOVA,SIMPLO,LUBRITEC,26/01/2026,2914,VOLKSWAGEN TRUCK,2026/2
50203,NOVA,SIMPLO,LUBRITEC,26/01/2026,2913,VOLKSWAGEN TRUCK,2026/2
50199,NOVA,SIMPLO,LUBRITEC,26/01/2026,2912,VOLKSWAGEN TRUCK,2026/2
47774,NOVA,SIMPLO,LUBRITEC,26/01/2026,2911,MERCEDES-BENZ,2026/2
45148,NOVA,SIMPLO,LUBRITEC,26/01/2026,146,SSANGYONG,2026/2
50425,UPGRADE,SIMPLO,ABS/ASR/ESP,23/01/2026,163,CITROEN,2026/2
50421,UPGRADE,SIMPLO,ABS/ASR/ESP,23/01/2026,164,CITROEN,2026/2
50394,CORREÇÃO,SIMPLO,ABS/ASR/ESP,23/01/2026,663,FORD,2026/2
50393,CORREÇÃO,SIMPLO,ABS/ASR/ESP,23/01/2026,493,FORD,2026/2
50386,UPGRADE,SIMPLO,ABS/ASR/ESP,23/01/2026,486,CITROEN,2026/2
50381,UPGRADE,SIMPLO,ABS/ASR/ESP,23/01/2026,83,AUDI,2026/2
50380,UPGRADE,SIMPLO,ABS/ASR/ESP,23/01/2026,144,ALFA ROMEO,2026/2
50376,UPGRADE,SIMPLO,ABS/ASR/ESP,23/01/2026,355,FIAT,2026/2
50366,UPGRADE,SIMPLO,ABS/ASR/ESP,23/01/2026,650,AUDI,2026/2
50353,CORREÇÃO,SIMPLO,ABS/ASR/ESP,23/01/2026,866,TOYOTA,2026/2
50351,CORREÇÃO,SIMPLO,ABS/ASR/ESP,23/01/2026,858,TOYOTA,2026/2
50218,UPGRADE,SIMPLO,ABS/ASR/ESP,23/01/2026,640,VOLKSWAGEN,2026/2
50215,UPGRADE,SIMPLO,ABS/ASR/ESP,23/01/2026,694,NISSAN,2026/2
50214,UPGRADE,SIMPLO,ABS/ASR/ESP,23/01/2026,700,NISSAN,2026/2
50212,UPGRADE,SIMPLO,ABS/ASR/ESP,23/01/2026,744,NISSAN,2026/2
50207,UPGRADE,SIMPLO,ABS/ASR/ESP,23/01/2026,667,NISSAN,2026/2
50206,UPGRADE,SIMPLO,ABS/ASR/ESP,23/01/2026,471,NISSAN,2026/2
49844,UPGRADE,SIMPLO,ABS/ASR/ESP,23/01/2026,679,FIAT,2026/2
49743,UPGRADE,SIMPLO,ABS/ASR/ESP,23/01/2026,275,TOYOTA,2026/2
49560,UPGRADE,SIMPLO,ABS/ASR/ESP,23/01/2026,661,RENAULT,2026/2
50435,UPGRADE,SIMPLO,DIESEL,23/01/2026,316,RENAULT,2026/2
50096,UPGRADE,SIMPLO,MOTORES - LINHA PESADA,23/01/2026,1482,VOLVO,2026/2
50423,UPGRADE,SIMPLO,MOTORES - LINHA LEVE,23/01/2026,1477,FIAT/JEEP,2026/2
49866,UPGRADE,SIMPLO,MOTORES - LINHA LEVE,23/01/2026,1342,TOYOTA,2026/2
48084,UPGRADE,SIMPLO,MOTORES - LINHA LEVE,23/01/2026,1527,FIAT/CITROEN/PEUGEOT,2026/2
46978,UPGRADE,SIMPLO,MOTORES - LINHA LEVE,23/01/2026,1302,,2026/2
46925,UPGRADE,SIMPLO,MOTORES - LINHA LEVE,23/01/2026,1217,FORD,2026/2
50279,UPGRADE,SIMPLO,LUBRITEC,23/01/2026,5613,MITSUBISHI,2026/2
50289,CORREÇÃO,SIMPLO,LUBRITEC,23/01/2026,2920,MITSUBISHI,2026/2
50300,CORREÇÃO,SIMPLO,LUBRITEC,23/01/2026,2917,MITSUBISHI,2026/2
50309,UPGRADE,SIMPLO,LUBRITEC,23/01/2026,2916,MITSUBISHI,2026/2
50319,UPGRADE,SIMPLO,LUBRITEC,23/01/2026,2928,MITSUBISHI,2026/2
50325,UPGRADE,SIMPLO,LUBRITEC,22/01/2026,2910,MITSUBISHI,2026/2
50347,UPGRADE,SIMPLO,LUBRITEC,22/01/2026,5615,MITSUBISHI,2026/2
50429,UPGRADE,SIMPLO,INJEÇÃO,22/01/2026,71,FORD/VOLKSVAGEN,2026/2
50354,UPGRADE,SIMPLO,LUBRITEC,22/01/2026,2973,MITSUBISHI,2026/2
50356,UPGRADE,SIMPLO,LUBRITEC,22/01/2026,2974,MITSUBISHI,2026/2
50427,UPGRADE,SIMPLO,LUBRITEC,22/01/2026,5729,FIAT,2026/2
49941,UPGRADE,SIMPLO,LUBRITEC,22/01/2026,5044,,2026/2
50157,CORREÇÃO,SIMPLO,DIESEL,22/01/2026,264,TOYOTA,2026/2
50122,UPGRADE,SIMPLO,DIESEL,22/01/2026,262,NISSAN,2026/2
50004,UPGRADE,SIMPLO,DIESEL,22/01/2026,421,FIAT/CITROEN/PEUGEOT,2026/2
49843,UPGRADE,SIMPLO,DIESEL,22/01/2026,353,MERCEDES-BENZ,2026/2
49704,UPGRADE,SIMPLO,DIESEL,22/01/2026,329,VOLKSWAGEN,2026/2
49506,UPGRADE,SIMPLO,DIESEL,22/01/2026,282,TOYOTA,2026/2
49446,UPGRADE,SIMPLO,DIESEL,22/01/2026,98,MERCEDES-BENZ,2026/2
49320,UPGRADE,SIMPLO,DIESEL,22/01/2026,214,MERCEDES-BENZ,2026/2
49135,UPGRADE,SIMPLO,DIESEL,22/01/2026,431,VOLVO,2026/2
49133,UPGRADE,SIMPLO,DIESEL,22/01/2026,432,VOLVO,2026/2
48993,UPGRADE,SIMPLO,DIESEL,22/01/2026,427,,2026/2
50419,UPGRADE,SIMPLO,INJEÇÃO,22/01/2026,1121,CITROEN,2026/2
50409,UPGRADE,SIMPLO,INJEÇÃO,22/01/2026,1120,PEUGEOT,2026/2
50322,CORREÇÃO,SIMPLO,INJEÇÃO,22/01/2026,1532,RENAULT,2026/2
50321,CORREÇÃO,SIMPLO,INJEÇÃO,22/01/2026,1533,RENAULT,2026/2
50317,UPGRADE,SIMPLO,INJEÇÃO,22/01/2026,1659,CHEVROLET,2026/2
50313,CORREÇÃO,SIMPLO,INJEÇÃO,22/01/2026,2041,CHEVROLET,2026/2
50312,CORREÇÃO,SIMPLO,INJEÇÃO,22/01/2026,1349,VOLKSWAGEN,2026/2
50303,UPGRADE,SIMPLO,INJEÇÃO,22/01/2026,1754,NISSAN,2026/2
50302,CORREÇÃO,SIMPLO,INJEÇÃO,21/01/2026,1569,FIAT,2026/2
50299,CORREÇÃO,SIMPLO,INJEÇÃO,21/01/2026,1069,FORD,2026/2
50284,CORREÇÃO,SIMPLO,INJEÇÃO,21/01/2026,2218,BMW,2026/2
50282,UPGRADE,SIMPLO,INJEÇÃO,21/01/2026,1259,CITROEN/PEUGEOT,2026/2
50278,CORREÇÃO,SIMPLO,INJEÇÃO,21/01/2026,1838,TOYOTA,2026/2
50273,CORREÇÃO,SIMPLO,INJEÇÃO,21/01/2026,1347,VOLKSWAGEN,2026/2
50244,CORREÇÃO,SIMPLO,INJEÇÃO,21/01/2026,1670,NISSAN,2026/2
50227,UPGRADE,SIMPLO,INJEÇÃO,21/01/2026,1558,NISSAN,2026/2
50178,NOVA,SIMPLO,PICO SCOPE,21/01/2026,819,DODGE,2026/2
50177,NOVA,SIMPLO,PICO SCOPE,21/01/2026,818,DODGE,2026/2
50264,NOVA,SIMPLO,PICO SCOPE,21/01/2026,817,RENAULT,2026/2
50243,NOVA,SIMPLO,PICO SCOPE,21/01/2026,816,RENAULT,2026/2
50231,NOVA,SIMPLO,PICO SCOPE,21/01/2026,815,RENAULT,2026/2
50224,UPGRADE,SIMPLO,INJEÇÃO,21/01/2026,1555,NISSAN,2026/2
44996,UPGRADE,SIMPLO,INJEÇÃO,21/01/2026,186,FIAT,2026/2
44075,UPGRADE,SIMPLO,INJEÇÃO,21/01/2026,1444,CHEVROLET,2026/2
43921,UPGRADE,SIMPLO,INJEÇÃO,21/01/2026,531,CHEVROLET,2026/2
50200,NOVA,SIMPLO,PICO SCOPE,21/01/2026,814,FIAT,2026/2
43874,UPGRADE,SIMPLO,INJEÇÃO,21/01/2026,713,CHEVROLET,2026/2
50205,NOVA,SIMPLO,PICO SCOPE,21/01/2026,813,FIAT,2026/2
50220,NOVA,SIMPLO,PICO SCOPE,21/01/2026,812,RENAULT,2026/2
46909,UPGRADE,TRACTOR,MOTORES TRACTOR,21/01/2026,89,SCANIA,2026/2 T
46909,UPGRADE,SIMPLO,MOTORES - LINHA PESADA,21/01/2026,1236,SCANIA,2026/2
50213,NOVA,SIMPLO,PICO SCOPE,21/01/2026,811,FORD,2026/2
50223,UPGRADE,SIMPLO,INJEÇÃO,20/01/2026,1554,NISSAN,2026/2
50201,UPGRADE,SIMPLO,INJEÇÃO,20/01/2026,1564,VOLKSWAGEN,2026/2
50196,CORREÇÃO,SIMPLO,INJEÇÃO,20/01/2026,2117,LAND ROVER,2026/2
50185,CORREÇÃO,SIMPLO,INJEÇÃO,20/01/2026,1865,BMW,2026/2
49303,UPGRADE,SIMPLO,INJEÇÃO,20/01/2026,975,NISSAN,2026/2
49100,UPGRADE,SIMPLO,INJEÇÃO,20/01/2026,2265,kia,2026/2
50180,UPGRADE,SIMPLO,INJEÇÃO,20/01/2026,1638,HYUNDAI,2026/2
50162,CORREÇÃO,SIMPLO,INJEÇÃO,20/01/2026,1268,FIAT,2026/2
50161,UPGRADE,SIMPLO,INJEÇÃO,20/01/2026,1281,VOLKSWAGEN,2026/2
50099,UPGRADE,SIMPLO,INJEÇÃO,20/01/2026,2289,BMW,2026/2
50095,UPGRADE,SIMPLO,INJEÇÃO,20/01/2026,2282,CHEVROLET,2026/2
50216,NOVA,SIMPLO,PICO SCOPE,20/01/2026,810,FORD,2026/2
50094,UPGRADE,SIMPLO,INJEÇÃO,20/01/2026,2284,KIA,2026/2
50088,UPGRADE,SIMPLO,INJEÇÃO,20/01/2026,2283,RENAULT,2026/2
50084,UPGRADE,SIMPLO,INJEÇÃO,20/01/2026,2286,VOLKSWAGEN,2026/2
50082,UPGRADE,SIMPLO,INJEÇÃO,20/01/2026,2287,AUDI,2026/2
50080,UPGRADE,SIMPLO,INJEÇÃO,20/01/2026,2285,CITROEN,2026/2
50015,UPGRADE,SIMPLO,INJEÇÃO,20/01/2026,524,VOLKSWAGEN,2026/2
50014,UPGRADE,SIMPLO,INJEÇÃO,20/01/2026,1666,MERCEDES-BENZ,2026/2
49983,UPGRADE,SIMPLO,INJEÇÃO,20/01/2026,523,VOLKSWAGEN,2026/2
49970,UPGRADE,SIMPLO,INJEÇÃO,20/01/2026,1957,MERCEDES-BENZ,2026/2
49935,UPGRADE,SIMPLO,INJEÇÃO,20/01/2026,1749,FIAT,2026/2
49845,CORREÇÃO,SIMPLO,INJEÇÃO,20/01/2026,1857,TOYOTA,2026/2
49804,UPGRADE,SIMPLO,INJEÇÃO,20/01/2026,545,VOLKSWAGEN,2026/2
50217,NOVA,SIMPLO,PICO SCOPE,20/01/2026,809,RENAULT,2026/2
50350,NOVA,SIMPLO,SCOPE TRUCK (PICO SCOPE),20/01/2026,808,HYUNDAI,2026/2
50350,NOVA,SIMPLO,PICO SCOPE,20/01/2026,808,HYUNDAI,2026/2
49801,UPGRADE,SIMPLO,INJEÇÃO,20/01/2026,1674,CITROEN,2026/2
49767,UPGRADE,SIMPLO,INJEÇÃO,20/01/2026,2122,CHERY,2026/2
49675,UPGRADE,SIMPLO,INJEÇÃO,19/01/2026,2094,RENAULT,2026/2
49674,UPGRADE,SIMPLO,INJEÇÃO,19/01/2026,1901,RENAULT,2026/2
49057,UPGRADE,SIMPLO,INJEÇÃO,19/01/2026,2255,MITSUBISHI,2026/2
49566,UPGRADE,SIMPLO,ABS/ASR/ESP,19/01/2026,496,,2026/2
49673,UPGRADE,SIMPLO,INJEÇÃO,19/01/2026,1750,RENAULT,2026/2
49525,CORREÇÃO,SIMPLO,INJEÇÃO,19/01/2026,2026,TOYOTA,2026/2
49524,CORREÇÃO,SIMPLO,INJEÇÃO,19/01/2026,2091,TOYOTA,2026/2
49522,UPGRADE,SIMPLO,INJEÇÃO,19/01/2026,1565,CHEVROLET,2026/2
49520,UPGRADE,SIMPLO,INJEÇÃO,19/01/2026,1126,RENAULT,2026/2
49516,UPGRADE,SIMPLO,INJEÇÃO,19/01/2026,1658,CHEVROLET,2026/2
49488,UPGRADE,SIMPLO,INJEÇÃO,19/01/2026,1500,MITSUBISHI,2026/2
49479,UPGRADE,SIMPLO,INJEÇÃO,19/01/2026,1751,SMART,2026/2
49437,UPGRADE,SIMPLO,INJEÇÃO,19/01/2026,1257,VOLKSWAGEN,2026/2
49075,UPGRADE,SIMPLO,INJEÇÃO,19/01/2026,2263,FIAT,2026/2
49075,UPGRADE,SIMPLO,INJEÇÃO,19/01/2026,2262,PEUGEOT,2026/2
49075,UPGRADE,SIMPLO,INJEÇÃO,19/01/2026,2261,CITROEN,2026/2
48983,UPGRADE,SIMPLO,INJEÇÃO,19/01/2026,2253,CITROEN,2026/2
48957,UPGRADE,SIMPLO,INJEÇÃO,19/01/2026,2252,VOLKSWAGEN,2026/2
47262,UPGRADE,SIMPLO,INJEÇÃO,19/01/2026,2222,FIAT,2026/2
44211,UPGRADE,SIMPLO,INJEÇÃO,19/01/2026,52,CHEVROLET,2026/2
43458,UPGRADE,SIMPLO,INJEÇÃO,19/01/2026,53,CHEVROLET,2026/2
50222,CORREÇÃO,SIMPLO,INJEÇÃO,19/01/2026,1259,CITROEN/PEUGEOT,2026/2
43431,UPGRADE,SIMPLO,INJEÇÃO,19/01/2026,51,CHEVROLET,2026/2
45260,UPGRADE,SIMPLO,INJEÇÃO,16/01/2026,670,FIAT,2026/2
33514,UPGRADE,SIMPLO,INJEÇÃO,16/01/2026,64,CHEVROLET,2026/2
46810,UPGRADE,SIMPLO,MOTORES - LINHA LEVE,16/01/2026,1299,HONDA,2026/2
50011,NOVA,SIMPLO,SCOPE TRUCK (MT PRO),15/01/2026,460,HYUNDAI,2026/2
50011,NOVA,SIMPLO,MT PRO,15/01/2026,460,HYUNDAI,2026/2
47207,NOVA,SIMPLO,MT PRO,15/01/2026,459,AUDI,2026/2
46152,NOVA,SIMPLO,MT PRO,15/01/2026,458,RENAULT,2026/2
45998,NOVA,SIMPLO,MT PRO,15/01/2026,457,RENAULT,2026/2
45953,NOVA,SIMPLO,MT PRO,15/01/2026,456,FORD,2026/2
50343,CORREÇÃO,SIMPLO,MOTORES - LINHA LEVE,12/01/2026,1280,TOYOTA,2026/2
50306,CORREÇÃO,SIMPLO,CLIMA CAR,08/01/2026,1110,CITROEN,2026/2
50305,UPGRADE,SIMPLO,INJEÇÃO,08/01/2026,1348,VOLKSWAGEN,2026/2
50304,UPGRADE,SIMPLO,INJEÇÃO,08/01/2026,1417,VOLKSWAGEN,2026/2
50298,CORREÇÃO,SIMPLO,DIESEL,07/01/2026,357,VOLKSWAGEN,2026/2
50288,CORREÇÃO,SIMPLO,CLIMA TRUCK,07/01/2026,177,RENAULT,2026/2
50287,CORREÇÃO,SIMPLO,CLIMA TRUCK,07/01/2026,123,RENAULT,2026/2
50297,UPGRADE,SIMPLO,CLIMA CAR,07/01/2026,448,PEUGEOT,2026/2
50286,CORREÇÃO,SIMPLO,CLIMA CAR,07/01/2026,1106,RENAULT,2026/2
50285,CORREÇÃO,SIMPLO,CLIMA CAR,07/01/2026,848,RENAULT,2026/2
50280,CORREÇÃO,SIMPLO,ELECTRA TRUCK,06/01/2026,13,VOLKSWAGEN,2026/2
50277,CORREÇÃO,SIMPLO,INJEÇÃO,06/01/2026,1865,BMW,2026/2
47337,UPGRADE,SIMPLO,CÂMBIO,16/01/2026,48,NISSAN,2026/1
47337,UPGRADE,SIMPLO,CÂMBIO,16/01/2026,127,NISSAN,2026/1
47337,UPGRADE,SIMPLO,CÂMBIO,16/01/2026,128,SUZUKI,2026/1
47337,UPGRADE,SIMPLO,CÂMBIO,16/01/2026,129,SUZUKI,2026/1
47337,UPGRADE,SIMPLO,CÂMBIO,16/01/2026,200,RENAULT,2026/1
47337,UPGRADE,SIMPLO,CÂMBIO,16/01/2026,278,NISSAN,2026/1
47337,NOVA,SIMPLO,CÂMBIO,16/01/2026,279,,2026/1
49084,NOVA,SIMPLO,CÂMBIO TRUCK,16/01/2026,235,,2026/1
49084,UPGRADE,SIMPLO,CÂMBIO,16/01/2026,235,,2026/1
49204,UPGRADE,SIMPLO,CÂMBIO TRUCK,16/01/2026,120,FORD,2026/1
49204,UPGRADE,SIMPLO,CÂMBIO,15/01/2026,120,FORD,2026/1
49204,UPGRADE,SIMPLO,CÂMBIO TRUCK,15/01/2026,66,FORD,2026/1
49204,UPGRADE,SIMPLO,CÂMBIO,15/01/2026,66,FORD,2026/1
48378,UPGRADE,SIMPLO,CÂMBIO,04/01/2026,234,TOYOTA,2026/1
49478,UPGRADE,SIMPLO,CÓDIGO DE FALHAS,04/01/2026,760,VOLVO TRUCK,2026/1
50256,CORREÇÃO,SIMPLO,SINCRO - CORRENTES,04/01/2026,1835,FORD,2026/1
49473,CORREÇÃO,SIMPLO,INJEÇÃO,04/01/2026,1541,CITROEN,2026/1
48953,UPGRADE,ELÉTRICOS,ELETRICOS - CÓDIGO DE FALHAS,03/01/2026,20,BYD,2026/1 H&E
48952,UPGRADE,ELÉTRICOS,ELETRICOS,03/01/2026,20,BYD,2026/1 H&E
48951,UPGRADE,ELÉTRICOS,ELETRICOS - ABS,03/01/2026,20,BYD,2026/1 H&E
48950,UPGRADE,ELÉTRICOS,ELETRICOS - AC,03/01/2026,20,BYD,2026/1 H&E
46822,UPGRADE,ELÉTRICOS,ELETRICOS - CÓDIGO DE FALHAS,03/01/2026,7,GWM,2026/1 H&E
49726,UPGRADE,ELÉTRICOS,ELETRICOS - LUBRITEC,03/01/2026,7,GWM,2026/1 H&E
49929,UPGRADE,HIBRIDOS,H&E - LUBRITEC,03/01/2026,85,FIAT,2026/1 H&E
49928,UPGRADE,HIBRIDOS,H&E - REVISA CAR,03/01/2026,85,FIAT,2026/1 H&E
49106,UPGRADE,HIBRIDOS,H&E - ELECTRA,03/01/2026,85,FIAT,2026/1 H&E
49064,UPGRADE,HIBRIDOS,H&E - AC,03/01/2026,85,FIAT,2026/1 H&E
48834,UPGRADE,HIBRIDOS,H&E - ABS,03/01/2026,85,FIAT,2026/1 H&E
49789,UPGRADE,ELÉTRICOS,ELETRICOS - LOCAR,03/01/2026,5,RENAULT,2026/1 H&E
49376,UPGRADE,ELÉTRICOS,ELETRICOS - LOCAR,03/01/2026,10,,2026/1 H&E
48818,UPGRADE,ELÉTRICOS,ELETRICOS - TORKS,03/01/2026,6,FIAT,2026/1 H&E
49064,UPGRADE,HIBRIDOS,H&E - AC,03/01/2026,65,FIAT,2026/1 H&E
49779,UPGRADE,HIBRIDOS,H&E - LUBRITEC,03/01/2026,65,FIAT,2026/1 H&E
49778,UPGRADE,HIBRIDOS,H&E - REVISA CAR,03/01/2026,65,FIAT,2026/1 H&E
49114,UPGRADE,HIBRIDOS,H&E - ELECTRA,03/01/2026,65,FIAT,2026/1 H&E
48833,UPGRADE,HIBRIDOS,H&E - ABS,03/01/2026,65,FIAT,2026/1 H&E
46832,UPGRADE,HIBRIDOS,H&E - CÓDIGO DE FALHAS,02/01/2026,58,GWM,2026/1 H&E
49957,UPGRADE,HIBRIDOS,H&E - LUBRITEC,02/01/2026,58,GWM,2026/1 H&E
46831,UPGRADE,HIBRIDOS,H&E - ELECTRA,02/01/2026,58,GWM,2026/1 H&E
46830,UPGRADE,HIBRIDOS,H&E - ABS,02/01/2026,58,GWM,2026/1 H&E
46829,UPGRADE,HIBRIDOS,H&E - AC,02/01/2026,58,GWM,2026/1 H&E
46828,UPGRADE,HIBRIDOS,H&E,02/01/2026,58,GWM,2026/1 H&E
46832,UPGRADE,HIBRIDOS,H&E - CÓDIGO DE FALHAS,02/01/2026,23,GWM,2026/1 H&E
49957,UPGRADE,HIBRIDOS,LUBRITEC,02/01/2026,23,GWM,2026/1 H&E
49831,UPGRADE,HIBRIDOS,H&E - ELECTRA,02/01/2026,23,GWM,2026/1 H&E
48830,UPGRADE,HIBRIDOS,H&E - ABS,02/01/2026,23,GWM,2026/1 H&E
46828,UPGRADE,HIBRIDOS,H&E - AC,02/01/2026,23,GWM,2026/1 H&E
46828,UPGRADE,HIBRIDOS,H&E,02/01/2026,23,GWM,2026/1 H&E
50235,NOVA,SIMPLO,CÂMBIO TRUCK,31/12/2025,277,VOLVO,2026/1
49580,UPGRADE,HIBRIDOS,H&E - LOCAR,31/12/2025,7,FORD,2026/1 H&E
49775,CORREÇÃO,HIBRIDOS,H&E - ABS,31/12/2025,72,LAND ROVER,2026/1 H&E
49570,UPGRADE,HIBRIDOS,H&E - LOCAR,31/12/2025,25,AUDI,2026/1 H&E
49753,UPGRADE,HIBRIDOS,H&E - LOCAR,31/12/2025,15,PORSCHE,2026/1 H&E
49085,UPGRADE,HIBRIDOS,H&E - ABS,31/12/2025,15,PORSCHE,2026/1 H&E
49052,UPGRADE,HIBRIDOS,H&E - AC,31/12/2025,15,PORSCHE,2026/1 H&E
49009,UPGRADE,HIBRIDOS,H&E - ELECTRA,31/12/2025,66,,2026/1 H&E
50245,CORREÇÃO,SIMPLO,CÂMBIO,31/12/2025,230,VOLKSWAGEN,2026/1
50245,CORREÇÃO,SIMPLO,ELECTRA,31/12/2025,194,VOLKSWAGEN,2026/1
47517,UPGRADE,HIBRIDOS,H&E - ABS,31/12/2025,63,,2026/1 H&E
47517,UPGRADE,HIBRIDOS,H&E - ABS,31/12/2025,42,,2026/1 H&E
37695,UPGRADE,HIBRIDOS,H&E - ABS,31/12/2025,69,PORSCHE,2026/1 H&E
38224,UPGRADE,MOTOS,ELECTRA,31/12/2025,34,BMW,2026/1 M
50102,CORREÇÃO,SIMPLO,ELECTRA,31/12/2025,333,MITSUBISHI,2026/1
50102,CORREÇÃO,SIMPLO,ELECTRA TRUCK,31/12/2025,198,MITSUBISHI,2026/1
49250,UPGRADE,SIMPLO,ELECTRA TRUCK,31/12/2025,27,VOLVO,2026/1
44079,UPGRADE,SIMPLO,ELECTRA TRUCK,31/12/2025,146,VOLVO,2026/1
49738,NOVA,SIMPLO,CÂMBIO TRUCK,31/12/2025,276,VOLKSWAGEN,2026/1
49738,UPGRADE,SIMPLO,ELECTRA TRUCK,31/12/2025,211,VOLKSWAGEN,2026/1
49122,UPGRADE,SIMPLO,ELECTRA TRUCK,31/12/2025,210,MAN,2026/1
48961,NOVA,SIMPLO,CÂMBIO TRUCK,30/12/2025,275,DAF,2026/1
48961,UPGRADE,SIMPLO,ELECTRA TRUCK,30/12/2025,200,DAF,2026/1
50169,UPGRADE,SIMPLO,ELECTRA TRUCK,30/12/2025,192,TOYOTA,2026/1
50075,UPGRADE,SIMPLO,ELECTRA TRUCK,30/12/2025,184,TOYOTA,2026/1
49962,UPGRADE,SIMPLO,ELECTRA,30/12/2025,327,NISSAN,2026/1
49962,UPGRADE,SIMPLO,ELECTRA TRUCK,30/12/2025,203,NISSAN,2026/1
49960,CORREÇÃO,SIMPLO,ELECTRA TRUCK,30/12/2025,170,JEEP,2026/1
49565,NOVA,SIMPLO,CLIMA CAR,30/12/2025,1241,HONDA,2026/1
49477,UPGRADE,SIMPLO,DIESEL,30/12/2025,400,VOLVO,2026/1
50117,UPGRADE,SIMPLO,ELECTRA,30/12/2025,292,TOYOTA,2026/1
50079,UPGRADE,SIMPLO,ELECTRA,30/12/2025,295,TOYOTA,2026/1
50076,UPGRADE,SIMPLO,ELECTRA,30/12/2025,205,TOYOTA,2026/1
50198,UPGRADE,SIMPLO,TORKS TRUCK,30/12/2025,298,DAF,2026/1
49854,UPGRADE,SIMPLO,TORKS TRUCK,30/12/2025,320,DAF,2026/1
49851,UPGRADE,SIMPLO,TORKS TRUCK,30/12/2025,286,,2026/1
50137,UPGRADE,SIMPLO,REVISA CAR,30/12/2025,628,RENAULT,2026/1
49482,UPGRADE,SIMPLO,REVISA CAR,30/12/2025,624,RENAULT,2026/1
50068,UPGRADE,SIMPLO,REVISA CAR,30/12/2025,201,NISSAN,2026/1
38949,NOVA,TRACTOR,ELECTRA TRACTOR,30/12/2025,133,JOHN DEERE,2026/1
26475,NOVA,TRACTOR,ELECTRA TRACTOR,30/12/2025,132,,2026/1
50067,UPGRADE,SIMPLO,REVISA CAR,29/12/2025,198,NISSAN,2026/1
50065,UPGRADE,SIMPLO,REVISA CAR,29/12/2025,197,NISSAN,2026/1
50066,UPGRADE,SIMPLO,REVISA CAR,29/12/2025,199,NISSAN,2026/1
50146,UPGRADE,SIMPLO,REVISA CAR,29/12/2025,610,NISSAN,2026/1
50064,UPGRADE,SIMPLO,REVISA CAR,29/12/2025,195,NISSAN,2026/1
50063,UPGRADE,SIMPLO,REVISA CAR,29/12/2025,194,NISSAN,2026/1
50060,UPGRADE,SIMPLO,REVISA CAR,29/12/2025,193,NISSAN,2026/1
50059,UPGRADE,SIMPLO,REVISA CAR,29/12/2025,192,NISSAN,2026/1
50057,UPGRADE,SIMPLO,REVISA CAR,29/12/2025,196,NISSAN,2026/1
50056,UPGRADE,SIMPLO,REVISA CAR,29/12/2025,191,NISSAN,2026/1
50054,UPGRADE,SIMPLO,REVISA CAR,29/12/2025,190,NISSAN,2026/1
50053,UPGRADE,SIMPLO,REVISA CAR,29/12/2025,189,NISSAN,2026/1
49785,UPGRADE,SIMPLO,REVISA CAR,29/12/2025,388,RAM,2026/1
49784,UPGRADE,SIMPLO,REVISA CAR,29/12/2025,383,RAM,2026/1
49783,UPGRADE,SIMPLO,REVISA CAR,29/12/2025,387,RAM,2026/1
49782,UPGRADE,SIMPLO,REVISA CAR,29/12/2025,386,RAM,2026/1
49781,UPGRADE,SIMPLO,REVISA CAR,29/12/2025,665,RAM,2026/1
49780,UPGRADE,SIMPLO,REVISA CAR,29/12/2025,385,RAM,2026/1
49702,UPGRADE,SIMPLO,REVISA CAR,29/12/2025,244,HYUNDAI,2026/1
49701,UPGRADE,SIMPLO,REVISA CAR,29/12/2025,616,HYUNDAI,2026/1
49700,UPGRADE,SIMPLO,REVISA CAR,29/12/2025,14,HYUNDAI,2026/1
49699,UPGRADE,SIMPLO,REVISA CAR,29/12/2025,256,HYUNDAI,2026/1
49678,UPGRADE,SIMPLO,REVISA CAR,29/12/2025,258,HYUNDAI,2026/1
49677,UPGRADE,SIMPLO,REVISA CAR,29/12/2025,38,HYUNDAI,2026/1
49676,UPGRADE,SIMPLO,REVISA CAR,29/12/2025,265,HYUNDAI,2026/1
49659,UPGRADE,SIMPLO,REVISA CAR,29/12/2025,657,HYUNDAI,2026/1
49658,UPGRADE,SIMPLO,REVISA CAR,29/12/2025,382,HYUNDAI,2026/1
49635,UPGRADE,SIMPLO,REVISA CAR,29/12/2025,48,HYUNDAI,2026/1
49634,UPGRADE,SIMPLO,REVISA CAR,29/12/2025,47,HYUNDAI,2026/1
49633,UPGRADE,SIMPLO,REVISA CAR,29/12/2025,381,HYUNDAI,2026/1
49632,UPGRADE,SIMPLO,REVISA CAR,29/12/2025,257,HYUNDAI,2026/1
49631,UPGRADE,SIMPLO,REVISA CAR,29/12/2025,627,HYUNDAI,2026/1
49630,UPGRADE,SIMPLO,REVISA CAR,29/12/2025,13,HYUNDAI,2026/1
49629,UPGRADE,SIMPLO,REVISA CAR,29/12/2025,200,HYUNDAI,2026/1
49466,CORREÇÃO,SIMPLO,REVISA CAR,29/12/2025,271,VOLKSWAGEN,2026/1
50189,UPGRADE,SIMPLO,SINCRO - POLY-V,29/12/2025,1942,CITROEN/FIAT/JEEP/PEUGEOT,2026/1
44749,CORREÇÃO,SIMPLO,SINCRO - CORREIAS,29/12/2025,979,RENAULT,2026/1
41684,UPGRADE,SIMPLO,DIESEL,29/12/2025,233,DODGE,2026/1
49825,NOVA,SIMPLO,CÓDIGO DE FALHAS,29/12/2025,765,GWM,2026/1
49368,NOVA,SIMPLO,CÓDIGO DE FALHAS,29/12/2025,764,HYUNDAI,2026/1
49358,NOVA,SIMPLO,CÓDIGO DE FALHAS,29/12/2025,763,HYUNDAI,2026/1
49358,NOVA,SIMPLO,CÓDIGO DE FALHAS,29/12/2025,762,HYUNDAI,2026/1
49628,UPGRADE,SIMPLO,REVISA CAR,29/12/2025,255,HYUNDAI,2026/1
49624,UPGRADE,SIMPLO,REVISA CAR,29/12/2025,614,CHEVROLET,2026/1
49601,UPGRADE,SIMPLO,REVISA CAR,29/12/2025,479,CHEVROLET,2026/1
49588,UPGRADE,SIMPLO,REVISA CAR,29/12/2025,267,CHEVROLET,2026/1
49587,UPGRADE,SIMPLO,REVISA CAR,29/12/2025,268,CHEVROLET,2026/1
49586,UPGRADE,SIMPLO,REVISA CAR,29/12/2025,269,CHEVROLET,2026/1
49585,UPGRADE,SIMPLO,REVISA CAR,29/12/2025,478,CHEVROLET,2026/1
49584,UPGRADE,SIMPLO,REVISA CAR,29/12/2025,528,CHEVROLET,2026/1
49557,UPGRADE,SIMPLO,REVISA CAR,29/12/2025,477,CHEVROLET,2026/1
49556,UPGRADE,SIMPLO,REVISA CAR,29/12/2025,57,CHEVROLET,2026/1
49555,UPGRADE,SIMPLO,REVISA CAR,29/12/2025,56,CHEVROLET,2026/1
49554,UPGRADE,SIMPLO,REVISA CAR,29/12/2025,615,CHEVROLET,2026/1
49553,UPGRADE,SIMPLO,REVISA CAR,29/12/2025,488,CHEVROLET,2026/1
49535,UPGRADE,SIMPLO,REVISA CAR,29/12/2025,46,CHEVROLET,2026/1
49534,UPGRADE,SIMPLO,REVISA CAR,29/12/2025,40,CHEVROLET,2026/1
49533,UPGRADE,SIMPLO,REVISA CAR,29/12/2025,39,CHEVROLET,2026/1
49532,UPGRADE,SIMPLO,REVISA CAR,29/12/2025,37,CHEVROLET,2026/1
49495,UPGRADE,SIMPLO,REVISA CAR,29/12/2025,30,CHEVROLET,2026/1
49494,UPGRADE,SIMPLO,REVISA CAR,29/12/2025,29,CHEVROLET,2026/1
49491,UPGRADE,SIMPLO,REVISA CAR,29/12/2025,33,CHEVROLET,2026/1
49490,UPGRADE,SIMPLO,REVISA CAR,29/12/2025,32,CHEVROLET,2026/1
49485,UPGRADE,SIMPLO,REVISA CAR,29/12/2025,28,CHEVROLET,2026/1
49465,CORREÇÃO,SIMPLO,REVISA CAR,29/12/2025,284,VOLKSWAGEN,2026/1
49464,CORREÇÃO,SIMPLO,REVISA CAR,29/12/2025,278,VOLKSWAGEN,2026/1
49463,CORREÇÃO,SIMPLO,REVISA CAR,29/12/2025,277,VOLKSWAGEN,2026/1
49462,CORREÇÃO,SIMPLO,REVISA CAR,29/12/2025,270,VOLKSWAGEN,2026/1
49461,CORREÇÃO,SIMPLO,REVISA CAR,29/12/2025,272,VOLKSWAGEN,2026/1
49460,CORREÇÃO,SIMPLO,REVISA CAR,29/12/2025,310,VOLKSWAGEN,2026/1
49459,CORREÇÃO,SIMPLO,REVISA CAR,29/12/2025,544,VOLKSWAGEN,2026/1
49458,CORREÇÃO,SIMPLO,REVISA CAR,29/12/2025,318,VOLKSWAGEN,2026/1
49457,CORREÇÃO,SIMPLO,REVISA CAR,29/12/2025,543,VOLKSWAGEN,2026/1
49456,CORREÇÃO,SIMPLO,REVISA CAR,29/12/2025,344,VOLKSWAGEN,2026/1
49455,CORREÇÃO,SIMPLO,REVISA CAR,29/12/2025,331,VOLKSWAGEN,2026/1
49024,NOVA,SIMPLO,CÓDIGO DE FALHAS,27/12/2025,761,NISSAN,2026/1
49454,CORREÇÃO,SIMPLO,REVISA CAR,26/12/2025,274,VOLKSWAGEN,2026/1
49453,CORREÇÃO,SIMPLO,REVISA CAR,26/12/2025,273,VOLKSWAGEN,2026/1
49452,CORREÇÃO,SIMPLO,REVISA CAR,26/12/2025,319,VOLKSWAGEN,2026/1
49993,UPGRADE,SIMPLO,REVISA CAR,26/12/2025,420,AUDI,2026/1
49991,UPGRADE,SIMPLO,REVISA CAR,26/12/2025,67,AUDI,2026/1
48873,UPGRADE,SIMPLO,REVISA CAR,26/12/2025,330,VOLKSWAGEN,2026/1
49440,UPGRADE,SIMPLO,REVISA CAR,26/12/2025,20,CHEVROLET,2026/1
49439,UPGRADE,SIMPLO,REVISA CAR,26/12/2025,19,CHEVROLET,2026/1
49438,UPGRADE,SIMPLO,REVISA CAR,26/12/2025,18,CHEVROLET,2026/1
49436,UPGRADE,SIMPLO,REVISA CAR,26/12/2025,12,CHEVROLET,2026/1
49425,UPGRADE,SIMPLO,REVISA CAR,26/12/2025,24,CHEVROLET,2026/1
49424,UPGRADE,SIMPLO,REVISA CAR,26/12/2025,481,CHEVROLET,2026/1
49423,UPGRADE,SIMPLO,REVISA CAR,26/12/2025,23,CHEVROLET,2026/1
49422,UPGRADE,SIMPLO,REVISA CAR,26/12/2025,22,CHEVROLET,2026/1
49403,NOVA,SIMPLO,CLIMA CAR,26/12/2025,1240,LAND ROVER,2026/1
49394,NOVA,SIMPLO,CLIMA TRUCK,26/12/2025,192,LAND ROVER,2026/1
49394,NOVA,SIMPLO,CLIMA CAR,26/12/2025,1239,LAND ROVER,2026/1
49386,NOVA,SIMPLO,CLIMA TRUCK,26/12/2025,191,LAND ROVER,2026/1
49386,NOVA,SIMPLO,CLIMA CAR,26/12/2025,1238,LAND ROVER,2026/1
46307,NOVA,SIMPLO,CLIMA CAR,25/12/2025,1237,RAM/JEEP,2026/1
44979,NOVA,SIMPLO,CLIMA CAR,25/12/2025,1236,MERCEDES-BENZ,2026/1
36507,NOVA,MOTOS,ELECTRA MOTOS,25/12/2025,75,SUZUKI,2026/1 M
36393,NOVA,TRACTOR,INJEÇÃO TRACTOR,25/12/2025,88,JOHN DEERE,2026/1 T
50124,NOVA,SIMPLO,LUBRITEC,25/12/2025,3712,RENAULT,2026/1
50069,NOVA,SIMPLO,REVISA CAR,25/12/2025,17,NISSAN,2026/1
50061,NOVA,SIMPLO,REVISA CAR,25/12/2025,11,NISSAN,2026/1
50055,NOVA,SIMPLO,REVISA CAR,25/12/2025,9,NISSAN,2026/1
49417,UPGRADE,SIMPLO,REVISA CAR,24/12/2025,16,CHEVROLET,2026/1
49416,UPGRADE,SIMPLO,REVISA CAR,24/12/2025,15,CHEVROLET,2026/1
49413,UPGRADE,SIMPLO,REVISA CAR,24/12/2025,10,CHEVROLET,2026/1
49390,UPGRADE,SIMPLO,REVISA CAR,24/12/2025,8,CHEVROLET,2026/1
49389,UPGRADE,SIMPLO,REVISA CAR,24/12/2025,7,CHEVROLET,2026/1
49388,UPGRADE,SIMPLO,REVISA CAR,24/12/2025,6,CHEVROLET,2026/1
49387,UPGRADE,SIMPLO,REVISA CAR,24/12/2025,5,CHEVROLET,2026/1
48887,NOVA,SIMPLO,TORKS TRUCK,24/12/2025,327,SCANIA,2026/1
44311,NOVA,SIMPLO,CLIMA TRUCK,24/12/2025,190,DAF,2026/1
49952,NOVA,SIMPLO,ARLA,24/12/2025,26,FORD,2026/1
48719,NOVA,SIMPLO,TORKS TRUCK,24/12/2025,326,RENAULT,2026/1
48719,NOVA,SIMPLO,TORKS - DIREÇÃO,24/12/2025,326,RENAULT,2026/1
49988,NOVA,SIMPLO,ELECTRA TRUCK,24/12/2025,226,MERCEDES-BENZ,
40299,NOVA,SIMPLO,ELECTRA TRUCK,24/12/2025,225,RENAULT,2026/1
40299,NOVA,SIMPLO,ELECTRA,24/12/2025,350,RENAULT,2026/1
49988,NOVA,SIMPLO,CÂMBIO TRUCK,24/12/2025,209,MERCEDES-BENZ,2026/1
49988,UPGRADE,SIMPLO,CÂMBIO,24/12/2025,209,MERCEDES-BENZ,2026/1
49988,UPGRADE,SIMPLO,ELECTRA,24/12/2025,303,MERCEDES-BENZ,2026/1
49827,UPGRADE,SIMPLO,ELECTRA,23/12/2025,148,HYUNDAI,2026/1
49383,UPGRADE,SIMPLO,REVISA CAR,23/12/2025,482,CHEVROLET,2026/1
49380,UPGRADE,SIMPLO,REVISA CAR,23/12/2025,55,CHEVROLET,2026/1
49378,UPGRADE,SIMPLO,REVISA CAR,23/12/2025,54,CHEVROLET,2026/1
49377,UPGRADE,SIMPLO,REVISA CAR,23/12/2025,4,CHEVROLET,2026/1
49371,UPGRADE,SIMPLO,REVISA CAR,23/12/2025,3,CHEVROLET,2026/1
50138,UPGRADE,SIMPLO,REVISA CAR,23/12/2025,181,JEEP,2026/1
50126,UPGRADE,SIMPLO,REVISA CAR,23/12/2025,174,JEEP,2026/1
50070,UPGRADE,SIMPLO,REVISA CAR,23/12/2025,379,JEEP,2026/1
50077,UPGRADE,SIMPLO,REVISA CAR,23/12/2025,598,CITROEN,2026/1
50073,UPGRADE,SIMPLO,REVISA CAR,23/12/2025,587,PEUGEOT,2026/1
50058,UPGRADE,SIMPLO,REVISA CAR,23/12/2025,68,CITROEN,2026/1
48985,UPGRADE,SIMPLO,REVISA CAR,23/12/2025,659,FIAT,2026/1
48984,UPGRADE,SIMPLO,REVISA CAR,23/12/2025,586,FIAT,2026/1
50190,CORREÇÃO,SIMPLO,INJEÇÃO,23/12/2025,1430,,2026/1
49384,NOVA,SIMPLO,ELECTRA TRUCK,23/12/2025,224,LAND ROVER,2026/1
49384,NOVA,SIMPLO,ELECTRA,23/12/2025,349,LAND ROVER,2026/1
50109,NOVA,SIMPLO,ELECTRA TRUCK,23/12/2025,223,VOLVO,2026/1
50109,NOVA,SIMPLO,ELECTRA,23/12/2025,348,VOLVO,2026/1
49392,NOVA,SIMPLO,CÂMBIO TRUCK,23/12/2025,274,LAND ROVER,2026/1
49392,NOVA,SIMPLO,CÂMBIO,23/12/2025,274,LAND ROVER,2026/1
49392,NOVA,SIMPLO,ELECTRA TRUCK,23/12/2025,222,LAND ROVER,2026/1
49392,NOVA,SIMPLO,ELECTRA,23/12/2025,347,LAND ROVER,2026/1
49398,NOVA,SIMPLO,CÂMBIO TRUCK,23/12/2025,273,LAND ROVER,2026/1
49398,NOVA,SIMPLO,CÂMBIO,23/12/2025,273,LAND ROVER,2026/1
49398,NOVA,SIMPLO,ELECTRA TRUCK,23/12/2025,221,LAND ROVER,2026/1
49398,NOVA,SIMPLO,ELECTRA,23/12/2025,346,LAND ROVER,2026/1
49956,CORREÇÃO,SIMPLO,ELECTRA,22/12/2025,198,JEEP,2026/1
49512,NOVA,SIMPLO,ELECTRA,22/12/2025,345,VOLVO,2026/1
49755,NOVA,SIMPLO,ELECTRA,22/12/2025,344,VOLVO,2026/1
48911,NOVA,SIMPLO,TORKS TRUCK,22/12/2025,325,MERCEDES-BENZ,2026/1
48926,NOVA,SIMPLO,TORKS TRUCK,22/12/2025,324,VOLVO,2026/1
50182,UPGRADE,SIMPLO,ELECTRA,22/12/2025,215,FIAT,2026/1
50181,CORREÇÃO,SIMPLO,INJEÇÃO,22/12/2025,1812,FIAT,2026/1
49271,UPGRADE,SIMPLO,PICO SCOPE,22/12/2025,546,KIA,2026/1
50176,UPGRADE,SIMPLO,LOCAR TRUCK,22/12/2025,915,TOYOTA,2026/1
50175,UPGRADE,SIMPLO,LOCAR,22/12/2025,915,TOYOTA,2026/1
50166,CORREÇÃO,SIMPLO,LUBRITEC,22/12/2025,4507,HYUNDAI,2026/1
50158,UPGRADE,SIMPLO,SINCRO - CORREIAS,22/12/2025,844,CITROEN/PEUGEOT,2026/1
49177,UPGRADE,SIMPLO,INJEÇÃO,22/12/2025,1589,HONDA,2026/1
43219,UPGRADE,SIMPLO,MOTORES - LINHA LEVE,22/12/2025,696,CITROEN/PEUGEOT,2026/1
45902,NOVA,SIMPLO,MT PRO,22/12/2025,455,RENAULT,2026/1
46070,NOVA,SIMPLO,MT PRO,22/12/2025,454,FIAT,2026/1
45950,NOVA,SIMPLO,MT PRO,22/12/2025,453,FIAT,2026/1
45976,NOVA,SIMPLO,MT PRO,22/12/2025,452,RENAULT,2026/1
46118,NOVA,SIMPLO,MT PRO,22/12/2025,451,FORD,2026/1
38789,NOVA,MOTOS,INJEÇÃO MOTOS,22/12/2025,72,HONDA,2026/1 M
39022,NOVA,MOTOS,INJEÇÃO MOTOS,22/12/2025,71,DUCATI,2026/1 M
36403,NOVA,MOTOS,INJEÇÃO MOTOS,22/12/2025,70,KAWASAKI,2026/1 M
39380,NOVA,MOTOS,INJEÇÃO MOTOS,22/12/2025,69,DUCATI,2026/1 M
38141,NOVA,MOTOS,INJEÇÃO MOTOS,22/12/2025,68,KAWASAKI,2026/1 M
36709,NOVA,MOTOS,INJEÇÃO MOTOS,22/12/2025,67,SUZUKI,2026/1 M
38954,NOVA,MOTOS,ELECTRA MOTOS,22/12/2025,74,DUCATI,2026/1 M
39023,NOVA,MOTOS,ELECTRA MOTOS,22/12/2025,73,DUCATI,2026/1 M
39381,NOVA,MOTOS,ELECTRA MOTOS,22/12/2025,72,DUCATI,2026/1 M
38140,NOVA,MOTOS,ELECTRA MOTOS,22/12/2025,71,KAWASAKI,2026/1 M
36470,NOVA,MOTOS,ELECTRA MOTOS,22/12/2025,70,SUZUKI,2026/1 M
36436,NOVA,MOTOS,ELECTRA MOTOS,22/12/2025,69,SUZUKI,2026/1 M
36404,NOVA,MOTOS,ELECTRA MOTOS,22/12/2025,68,KAWASAKI,2026/1 M
36313,NOVA,MOTOS,ELECTRA MOTOS,22/12/2025,67,KAWASAKI,2026/1 M
50164,UPGRADE,SIMPLO,CLIMA CAR,19/12/2025,765,VOLKSWAGEN,2026/1
49432,UPGRADE,SIMPLO,ELECTRA,19/12/2025,239,VOLKSWAGEN,2026/1
49431,UPGRADE,SIMPLO,ELECTRA,19/12/2025,189,RENAULT,2026/1
49208,UPGRADE,SIMPLO,CÂMBIO,19/12/2025,227,AUDI,2026/1
49208,UPGRADE,SIMPLO,ELECTRA,19/12/2025,317,AUDI,2026/1
50163,UPGRADE,SIMPLO,CLIMA CAR,19/12/2025,919,VOLKSWAGEN,2026/1
47219,NOVA,SIMPLO,ELECTRA TRUCK,19/12/2025,220,SCANIA,2026/1
49116,UPGRADE,SIMPLO,ELECTRA,19/12/2025,331,VOLKSWAGEN,2026/1
44313,NOVA,SIMPLO,CÂMBIO TRUCK,19/12/2025,272,DAF,2026/1
44313,NOVA,SIMPLO,ELECTRA TRUCK,19/12/2025,219,DAF,2026/1
42851,NOVA,SIMPLO,CÂMBIO TRUCK,19/12/2025,271,VOLVO,2026/1
42851,NOVA,SIMPLO,ELECTRA TRUCK,19/12/2025,218,VOLVO,2026/1
49018,NOVA,SIMPLO,CÂMBIO,19/12/2025,270,HYUNDAI,2026/1
49018,UPGRADE,SIMPLO,ELECTRA,19/12/2025,329,HYUNDAI,2026/1
38932,NOVA,MOTOS,INJEÇÃO MOTOS,19/12/2025,66,DUCATI,2026/1 M
36014,NOVA,MOTOS,INJEÇÃO MOTOS,19/12/2025,65,YAMAHA,2026/1 M
38157,NOVA,MOTOS,ELECTRA MOTOS,19/12/2025,66,HARLEY DAVIDSON,2026/1 M
36040,NOVA,MOTOS,ELECTRA MOTOS,19/12/2025,65,HONDA,2026/1 M
36015,NOVA,MOTOS,ELECTRA MOTOS,19/12/2025,64,YAMAHA,2026/1 M
35705,NOVA,MOTOS,ELECTRA MOTOS,19/12/2025,63,HONDA,2026/1 M
35441,NOVA,MOTOS,ELECTRA MOTOS,19/12/2025,62,HONDA,2026/1 M
48979,UPGRADE,SIMPLO,CÂMBIO,19/12/2025,239,FIAT,2026/1
48979,UPGRADE,SIMPLO,ELECTRA,19/12/2025,325,FIAT,2026/1
48889,NOVA,SIMPLO,TORKS TRUCK,19/12/2025,323,SCANIA,2026/1
47326,UPGRADE,SIMPLO,ELECTRA,18/12/2025,315,MITSUBISHI,2026/1
47307,NOVA,SIMPLO,CÂMBIO,18/12/2025,269,AUDI,2026/1
47307,UPGRADE,SIMPLO,ELECTRA,18/12/2025,308,AUDI,2026/1
48888,NOVA,SIMPLO,TORKS TRUCK,18/12/2025,322,SCANIA,2026/1
48883,NOVA,SIMPLO,TORKS TRUCK,18/12/2025,321,DAF,2026/1
48881,NOVA,SIMPLO,TORKS TRUCK,18/12/2025,320,DAF,2026/1
50121,CORREÇÃO,SIMPLO,PICO SCOPE,18/12/2025,701,BMW,2026/1
50120,CORREÇÃO,SIMPLO,MT PRO,18/12/2025,358,BMW,2026/1
50107,UPGRADE,SIMPLO,CLIMA CAR,18/12/2025,144,CHEVROLET,2026/1
49836,CORREÇÃO,SIMPLO,DIESEL,18/12/2025,366,SCANIA,2026/1
49651,UPGRADE,SIMPLO,SCOPE TRUCK (PICO SCOPE),18/12/2025,725,MERCEDES-BENZ,2026/1
47127,UPGRADE,SIMPLO,MOTORES - LINHA LEVE,18/12/2025,1076,CHEVROLET,2026/1
43425,NOVA,SIMPLO,SINCRO - POLY-V,18/12/2025,1997,HYUNDAI,2026/1
49626,NOVA,SIMPLO,SINCRO - POLY-V,18/12/2025,1996,CHEVROLET,2026/1
49487,NOVA,SIMPLO,SINCRO - POLY-V,18/12/2025,1995,LAND ROVER/JAGUAR,2026/1
35704,NOVA,MOTOS,INJEÇÃO MOTOS,18/12/2025,64,HONDA,2026/1 M
35868,NOVA,MOTOS,INJEÇÃO MOTOS,18/12/2025,63,HONDA,2026/1 M
35363,NOVA,MOTOS,INJEÇÃO MOTOS,18/12/2025,62,HONDA,2026/1 M
35365,NOVA,MOTOS,INJEÇÃO MOTOS,18/12/2025,61,HONDA,2026/1 M
49489,NOVA,SIMPLO,CÂMBIO,17/12/2025,268,BMW,2026/1
49489,NOVA,SIMPLO,ELECTRA,17/12/2025,343,BMW,2026/1
47377,NOVA,SIMPLO,CÂMBIO,17/12/2025,267,CITROEN,2026/1
47377,UPGRADE,SIMPLO,ELECTRA,17/12/2025,322,CITROEN,2026/1
40473,NOVA,SIMPLO,CÂMBIO,17/12/2025,266,RENAULT,2026/1
40473,UPGRADE,SIMPLO,ELECTRA,17/12/2025,261,RENAULT,2026/1
50110,CORREÇÃO,SIMPLO,LUBRITEC,17/12/2025,3722,NISSAN,2026/1
47504,UPGRADE,SIMPLO,DIESEL,17/12/2025,376,IVECO,2026/1
43577,UPGRADE,SIMPLO,INJEÇÃO,17/12/2025,820,CHEVROLET,2026/1
47477,NOVA,SIMPLO,INJEÇÃO,17/12/2025,2289,BMW,2026/1
37393,NOVA,SIMPLO,INJEÇÃO,17/12/2025,2288,AUDI,2026/1
46934,NOVA,SIMPLO,CÂMBIO TRUCK,17/12/2025,265,MITSUBISHI,2026/1
46934,NOVA,SIMPLO,CÂMBIO,17/12/2025,265,MITSUBISHI,2026/1
46934,NOVA,SIMPLO,ELECTRA,17/12/2025,342,MITSUBISHI,2026/1
46934,NOVA,SIMPLO,ELECTRA TRUCK,17/12/2025,217,MITSUBISHI,2026/1
46944,NOVA,SIMPLO,ELECTRA TRUCK,17/12/2025,216,TROLLER,2026/1
49598,NOVA,SIMPLO,DIESEL,17/12/2025,441,RENAULT,2026/1
49505,NOVA,SIMPLO,DIESEL,17/12/2025,440,MITSUBISHI,2026/1
49442,NOVA,SIMPLO,DIESEL,17/12/2025,439,LAND ROVER,2026/1
50105,UPGRADE,SIMPLO,LUBRITEC,16/12/2025,3722,NISSAN,2026/1
50103,CORREÇÃO,SIMPLO,INJEÇÃO,16/12/2025,1660,CHEVROLET,2026/1
50001,UPGRADE,SIMPLO,LOCAR,16/12/2025,547,CHEVROLET,2026/1
49995,UPGRADE,SIMPLO,LOCAR,16/12/2025,309,CHEVROLET,2026/1
49916,UPGRADE,SIMPLO,CÂMBIO,16/12/2025,18,CHEVROLET,2026/1
49915,UPGRADE,SIMPLO,CÂMBIO,16/12/2025,16,CHEVROLET,2026/1
37376,NOVA,SIMPLO,INJEÇÃO,16/12/2025,2287,AUDI,2026/1
43023,NOVA,SIMPLO,INJEÇÃO,16/12/2025,2286,VOLKSWAGEN,2026/1
43145,NOVA,SIMPLO,INJEÇÃO,16/12/2025,2285,CITROEN,2026/1
46797,NOVA,SIMPLO,INJEÇÃO,16/12/2025,2284,KIA,2026/1
49710,NOVA,SIMPLO,INJEÇÃO,16/12/2025,2283,RENAULT,2026/1
49664,NOVA,SIMPLO,INJEÇÃO,16/12/2025,2282,CHEVROLET,2026/1
49910,UPGRADE,SIMPLO,CÂMBIO,16/12/2025,165,,2026/1
49906,UPGRADE,SIMPLO,CÂMBIO,16/12/2025,110,,2026/1
49889,UPGRADE,SIMPLO,CÂMBIO,16/12/2025,190,,2026/1
49828,NOVA,SIMPLO,ABS/ASR/ESP,16/12/2025,1045,,2026/1
49833,NOVA,SIMPLO,ABS/ASR/ESP,16/12/2025,1044,,2026/1
49399,NOVA,SIMPLO,ABS/ASR/ESP,16/12/2025,1043,,2026/1
32895,NOVA,SIMPLO,ABS/ASR/ESP,16/12/2025,1042,,2026/1
49714,UPGRADE,SIMPLO,CÂMBIO,16/12/2025,132,,2026/1
50023,CORREÇÃO,SIMPLO,PICO SCOPE,16/12/2025,794,,2026/1
47505,UPGRADE,SIMPLO,MOTORES - LINHA PESADA,16/12/2025,1482,,2026/1
49971,UPGRADE,SIMPLO,PICO SCOPE,16/12/2025,51,,2026/1
50020,UPGRADE,SIMPLO,CLIMA CAR,16/12/2025,536,,2026/1
50010,UPGRADE,SIMPLO,CLIMA CAR,16/12/2025,544,,2026/1
49868,UPGRADE,SIMPLO,CLIMA CAR,16/12/2025,752,,2026/1
49835,UPGRADE,SIMPLO,CLIMA CAR,16/12/2025,606,,2026/1
49758,UPGRADE,SIMPLO,SINCRO - POLY-V,16/12/2025,986,,2026/1
50024,CORREÇÃO,SIMPLO,INJEÇÃO,16/12/2025,1265,,2026/1
49848,UPGRADE,SIMPLO,INJEÇÃO,16/12/2025,1312,,2026/1
48891,CORREÇÃO,SIMPLO,INJEÇÃO,16/12/2025,2247,,2026/1
38950,NOVA,TRACTOR,CLIMA TRACTOR,16/12/2025,189,,2026/1 T
26474,NOVA,TRACTOR,CLIMA TRACTOR,16/12/2025,188,,2026/1 T
16852,NOVA,TRACTOR,INJEÇÃO TRACTOR,16/12/2025,87,,2026/1 T
50050,NOVA,HIBRIDOS,H&E,16/12/2025,84B,,2026/1 H&E
50050,NOVA,HIBRIDOS,H&E - AC,16/12/2025,84A,,2026/1 H&E
49774,NOVA,HIBRIDOS,H&E,15/12/2025,83B,,2026/1 H&E
49774,NOVA,HIBRIDOS,H&E - ABS,15/12/2025,83A,,2026/1 H&E
49773,NOVA,HIBRIDOS,H&E,15/12/2025,82B,,2026/1 H&E
49773,NOVA,HIBRIDOS,H&E - ABS,15/12/2025,82A,,2026/1 H&E
49861,NOVA,SIMPLO,LUBRITEC,15/12/2025,5798,,2026/1
24140,NOVA,SIMPLO,INJEÇÃO,15/12/2025,2281,,2026/1
49723,UPGRADE,SIMPLO,MOTORES - LINHA LEVE,15/12/2025,1302,,2026/1
49815,UPGRADE,SIMPLO,ABS/ASR/ESP,15/12/2025,613,,2026/1
49855,NOVA,SIMPLO,INJEÇÃO,15/12/2025,2280,,2026/1
49787,NOVA,SIMPLO,INJEÇÃO,15/12/2025,2279,,2026/1
49799,UPGRADE,SIMPLO,ABS/ASR/ESP,15/12/2025,715,,2026/1
49798,UPGRADE,SIMPLO,ABS/ASR/ESP,15/12/2025,732,,2026/1
49797,UPGRADE,SIMPLO,ABS/ASR/ESP,15/12/2025,687,,2026/1
49796,UPGRADE,SIMPLO,ABS/ASR/ESP,15/12/2025,553,,2026/1
49360,NOVA,SIMPLO,INJEÇÃO,15/12/2025,2278,,2026/1
49337,NOVA,SIMPLO,INJEÇÃO,15/12/2025,2277,,2026/1
49795,UPGRADE,SIMPLO,ABS/ASR/ESP,15/12/2025,552,,2026/1
49793,UPGRADE,SIMPLO,ABS/ASR/ESP,15/12/2025,498,,2026/1
49792,UPGRADE,SIMPLO,ABS/ASR/ESP,15/12/2025,369,,2026/1
49791,UPGRADE,SIMPLO,ABS/ASR/ESP,15/12/2025,671,,2026/1
49115,UPGRADE,SIMPLO,ABS/ASR/ESP,15/12/2025,1032,,2026/1
46312,NOVA,SIMPLO,SINCRO - POLY-V,15/12/2025,1994,,2026/1
49367,NOVA,SIMPLO,SINCRO - POLY-V,15/12/2025,1993,,2026/1
50045,NOVA,SIMPLO,TABELA DE TORQUES DAS RODAS,15/12/2025,319,,2026/1
50044,NOVA,SIMPLO,TABELA DE TORQUES DAS RODAS,15/12/2025,318,,2026/1
48974,UPGRADE,SIMPLO,ABS/ASR/ESP,15/12/2025,1025,,2026/1
48937,UPGRADE,SIMPLO,ABS/ASR/ESP,15/12/2025,1021,,2026/1
48895,UPGRADE,SIMPLO,ABS/ASR/ESP,15/12/2025,1020,,2026/1
50043,NOVA,SIMPLO,TABELA DE TORQUES DAS RODAS,15/12/2025,317,,2026/1
50042,NOVA,SIMPLO,TABELA DE TORQUES DAS RODAS,15/12/2025,316,,2026/1
50041,NOVA,SIMPLO,TABELA DE TORQUES DAS RODAS,15/12/2025,315,,2026/1
50035,NOVA,SIMPLO,TABELA DE TORQUES DAS RODAS,15/12/2025,314,,2026/1
50049,CORREÇÃO,SIMPLO,LUBRITEC,15/12/2025,4512,,2026/1
50047,CORREÇÃO,SIMPLO,CÂMBIO,15/12/2025,189,,2026/1
50046,CORREÇÃO,SIMPLO,CÂMBIO,15/12/2025,186,,2026/1
50048,CORREÇÃO,SIMPLO,LUBRITEC,15/12/2025,4513,,2026/1
49984,CORREÇÃO,SIMPLO,LUBRITEC,15/12/2025,5298,,2026/1
50040,NOVA,SIMPLO,TABELA DE TORQUES DAS RODAS,15/12/2025,313,,2026/1
50039,NOVA,SIMPLO,TABELA DE TORQUES DAS RODAS,15/12/2025,312,,2026/1
50021,CORREÇÃO,SIMPLO,LUBRITEC,15/12/2025,49,,2026/1
50038,NOVA,SIMPLO,TABELA DE TORQUES DAS RODAS,15/12/2025,311,,2026/1
50036,NOVA,SIMPLO,TABELA DE TORQUES DAS RODAS,15/12/2025,310,,2026/1
50034,NOVA,SIMPLO,TABELA DE TORQUES DAS RODAS,15/12/2025,309,,2026/1
50032,NOVA,SIMPLO,TABELA DE TORQUES DAS RODAS,15/12/2025,308,,2026/1
50031,NOVA,SIMPLO,TABELA DE TORQUES DAS RODAS,15/12/2025,307,,2026/1
50030,NOVA,SIMPLO,TABELA DE TORQUES DAS RODAS,15/12/2025,306,,2026/1
50029,NOVA,SIMPLO,TABELA DE TORQUES DAS RODAS,15/12/2025,305,,2026/1
50028,NOVA,SIMPLO,TABELA DE TORQUES DAS RODAS,15/12/2025,304,,2026/1
50027,NOVA,SIMPLO,TABELA DE TORQUES DAS RODAS,15/12/2025,303,,2026/1
50026,NOVA,SIMPLO,TABELA DE TORQUES DAS RODAS,15/12/2025,302,,2026/1
50025,NOVA,SIMPLO,TABELA DE TORQUES DAS RODAS,15/12/2025,301,,2026/1
50022,NOVA,SIMPLO,TABELA DE TORQUES DAS RODAS,15/12/2025,300,,2026/1
40045,NOVA,SIMPLO,CÂMBIO TRUCK,14/12/2025,264A,,2026/1
40045,NOVA,SIMPLO,ELECTRA TRUCK,14/12/2025,215,,2026/1
46564,NOVA,SIMPLO,SINCRO - CORRENTES,14/12/2025,1992,,2026/1
44802,NOVA,SIMPLO,SINCRO - CORRENTES,14/12/2025,1991,,2026/1
43793,NOVA,SIMPLO,SINCRO - CORRENTES,14/12/2025,1990,,2026/1
47540,NOVA,TRACTOR,INJEÇÃO TRACTOR,14/12/2025,86,,2026/1 T
49965,NOVA,TRACTOR,MT PRO TRACTOR,14/12/2025,32,,2026/1 T
49964,NOVA,TRACTOR,MT PRO TRACTOR,14/12/2025,31,,2026/1 T
46115,NOVA,SIMPLO,MT PRO,14/12/2025,450,,2026/1
46113,NOVA,SIMPLO,MT PRO,14/12/2025,449,,2026/1
45956,NOVA,SIMPLO,MT PRO,14/12/2025,448,,2026/1
49737,NOVA,SIMPLO,ELECTRA TRUCK,13/12/2025,214,,2026/1
40040,NOVA,SIMPLO,CÂMBIO TRUCK,13/12/2025,263A,,2026/1
40040,NOVA,SIMPLO,ELECTRA TRUCK,13/12/2025,213,,2026/1
39446,NOVA,SIMPLO,ELECTRA TRUCK,13/12/2025,212,,2026/1
46998,NOVA,SIMPLO,ELECTRA,13/12/2025,341,,2026/1
49839,NOVA,SIMPLO,ELECTRA,13/12/2025,340,,2026/1
39643,NOVA,SIMPLO,ELECTRA,13/12/2025,339,,2026/1
39955,NOVA,SIMPLO,ELECTRA,13/12/2025,338,,2026/1
41152,NOVA,SIMPLO,CÂMBIO,13/12/2025,262A,,2026/1
41152,NOVA,SIMPLO,ELECTRA,13/12/2025,337,,2026/1
48882,NOVA,SIMPLO,TORKS TRUCK,12/12/2025,299,,2026/1
48880,NOVA,SIMPLO,TORKS TRUCK,12/12/2025,298,,2026/1
48831,UPGRADE,SIMPLO,TORKS - SUSPENSÃO,12/12/2025,194,,2026/1
48830,UPGRADE,SIMPLO,TORKS - FREIOS,12/12/2025,194,,2026/1
48826,UPGRADE,SIMPLO,TORKS - SUSPENSÃO,12/12/2025,192,,2026/1
48825,UPGRADE,SIMPLO,TORKS - FREIOS,12/12/2025,192,,2026/1
24143,NOVA,SIMPLO,INJEÇÃO,12/12/2025,2276,,2026/1
23527,NOVA,SIMPLO,INJEÇÃO,12/12/2025,2275,,2026/1
44312,NOVA,SIMPLO,ABS/ASR/ESP,12/12/2025,1041,,2026/1
46869,NOVA,SIMPLO,DIESEL,12/12/2025,438,,2026/1
37384,NOVA,SIMPLO,DIESEL,12/12/2025,437,,2026/1
47971,UPGRADE,SIMPLO,TORKS - SUSPENSÃO,12/12/2025,218,,2026/1
49667,UPGRADE,SIMPLO,SINCRO - CORREIAS,12/12/2025,18,,2026/1
49298,UPGRADE,SIMPLO,SINCRO - POLY-V,12/12/2025,237,,2026/1
47956,UPGRADE,SIMPLO,SINCRO - POLY-V,12/12/2025,673,,2026/1
47835,UPGRADE,SIMPLO,SINCRO - POLY-V,12/12/2025,817,,2026/1
49939,UPGRADE,SIMPLO,SINCRO - CORRENTES,12/12/2025,1712,,2026/1
47478,UPGRADE,SIMPLO,SINCRO - CORRENTES,12/12/2025,1712,,2026/1
49291,NOVA,SIMPLO,TORKS TRUCK,12/12/2025,297,,2026/1
49290,NOVA,SIMPLO,TORKS TRUCK,12/12/2025,296,,2026/1
49289,NOVA,SIMPLO,TORKS TRUCK,12/12/2025,295,,2026/1
48925,NOVA,SIMPLO,TORKS TRUCK,12/12/2025,294,,2026/1
46990,CORREÇÃO,SIMPLO,SINCRO - CORRENTES,11/12/2025,1835,,2026/1
49994,UPGRADE,SIMPLO,INJEÇÃO,11/12/2025,1058,,2026/1
49987,UPGRADE,SIMPLO,INJEÇÃO,11/12/2025,1057,,2026/1
43349,UPGRADE,SIMPLO,INJEÇÃO,11/12/2025,188,,2026/1
48928,NOVA,SIMPLO,TORKS TRUCK,11/12/2025,293,,2026/1
48924,NOVA,SIMPLO,TORKS TRUCK,11/12/2025,292,,2026/1
48915,NOVA,SIMPLO,TORKS TRUCK,11/12/2025,291,,2026/1
48913,NOVA,SIMPLO,TORKS TRUCK,11/12/2025,290,,2026/1
48890,NOVA,SIMPLO,TORKS TRUCK,11/12/2025,289,,2026/1
48878,NOVA,SIMPLO,TORKS TRUCK,11/12/2025,288,,2026/1
23797,NOVA,SIMPLO,INJEÇÃO,11/12/2025,2274,,2026/1
49871,CORREÇÃO,SIMPLO,DIESEL,11/12/2025,292,,2026/1
49772,UPGRADE,SIMPLO,DIESEL,11/12/2025,341,,2026/1
49822,NOVA,SIMPLO,DIESEL,11/12/2025,436,,2026/1
49484,NOVA,SIMPLO,REVISA CAR,11/12/2025,75,,2026/1
49483,NOVA,SIMPLO,REVISA CAR,11/12/2025,74,,2026/1
49498,NOVA,SIMPLO,REVISA CAR,11/12/2025,73,,2026/1
49625,NOVA,SIMPLO,REVISA CAR,11/12/2025,72,,2026/1
49703,NOVA,SIMPLO,REVISA CAR,11/12/2025,71,,2026/1
49001,NOVA,SIMPLO,INJEÇÃO,11/12/2025,2273,,2026/1
24149,NOVA,SIMPLO,INJEÇÃO,11/12/2025,2272,,2026/1
24129,NOVA,SIMPLO,INJEÇÃO,11/12/2025,2271,,2026/1
49010,NOVA,SIMPLO,INJEÇÃO,11/12/2025,2270,,2026/1
36841,NOVA,SIMPLO,DIESEL,11/12/2025,435,,2026/1
34939,NOVA,SIMPLO,DIESEL,11/12/2025,434,,2026/1
49760,NOVA,SIMPLO,ABS/ASR/ESP,11/12/2025,1040,,2026/1
49759,NOVA,SIMPLO,ABS/ASR/ESP,11/12/2025,1039,,2026/1
49240,UPGRADE,SIMPLO,DIESEL,10/12/2025,121,,2026/1
47599,NOVA,SIMPLO,SINCRO - POLY-V,10/12/2025,1989,,2026/1
48884,NOVA,SIMPLO,TORKS TRUCK,10/12/2025,287,,2026/1
48885,NOVA,SIMPLO,TORKS TRUCK,10/12/2025,286,,2026/1
48879,NOVA,SIMPLO,TORKS TRUCK,10/12/2025,285,,2026/1
48914,NOVA,SIMPLO,TORKS TRUCK,10/12/2025,284,,2026/1
47727,UPGRADE,SIMPLO,DIESEL,10/12/2025,402,,2026/1
47725,UPGRADE,SIMPLO,DIESEL,10/12/2025,414,,2026/1
47331,UPGRADE,SIMPLO,DIESEL,10/12/2025,423,,2026/1
49852,UPGRADE,SIMPLO,PICO SCOPE,10/12/2025,746,,2026/1
49874,UPGRADE,SIMPLO,PICO SCOPE,10/12/2025,655,,2026/1
49806,UPGRADE,SIMPLO,PICO SCOPE,10/12/2025,62,,2026/1
49741,UPGRADE,SIMPLO,PICO SCOPE,10/12/2025,498,,2026/1
49708,UPGRADE,SIMPLO,PICO SCOPE,10/12/2025,132,,2026/1
49657,UPGRADE,SIMPLO,PICO SCOPE,10/12/2025,807,,2026/1
48912,NOVA,SIMPLO,TORKS TRUCK,10/12/2025,283,,2026/1
48874,NOVA,SIMPLO,TORKS TRUCK,10/12/2025,282,,2026/1
48875,NOVA,SIMPLO,TORKS TRUCK,10/12/2025,281,,2026/1
48921,NOVA,SIMPLO,TORKS TRUCK,10/12/2025,280,,2026/1
48927,NOVA,SIMPLO,TORKS TRUCK,10/12/2025,279,,2026/1
48877,NOVA,SIMPLO,TORKS TRUCK,10/12/2025,278,,2026/1
48876,NOVA,SIMPLO,TORKS TRUCK,10/12/2025,277,,2026/1
49393,NOVA,SIMPLO,ABS/ASR/ESP,09/12/2025,1038,,2026/1
49396,NOVA,SIMPLO,ABS/ASR/ESP,09/12/2025,1037,,2026/1
47723,NOVA,SIMPLO,SCOPE TRUCK (MT PRO),09/12/2025,447,,2026/1
47680,NOVA,SIMPLO,SCOPE TRUCK (MT PRO),09/12/2025,446,,2026/1
47680,NOVA,SIMPLO,MT PRO,09/12/2025,446,,2026/1
49349,UPGRADE,SIMPLO,SCOPE TRUCK (PICO SCOPE),09/12/2025,352,,2026/1
49349,UPGRADE,SIMPLO,PICO SCOPE,09/12/2025,352,,2026/1
47075,UPGRADE,SIMPLO,SCOPE TRUCK (PICO SCOPE),09/12/2025,718,,2026/1
47075,UPGRADE,SIMPLO,PICO SCOPE,09/12/2025,718,,2026/1
49267,UPGRADE,SIMPLO,SCOPE TRUCK (MT PRO),09/12/2025,14,,2026/1
49267,UPGRADE,SIMPLO,MT PRO,09/12/2025,14,,2026/1
47683,UPGRADE,SIMPLO,MT PRO,09/12/2025,354,,2026/1
46184,UPGRADE,SIMPLO,MT PRO,09/12/2025,196,,2026/1
46167,UPGRADE,SIMPLO,MT PRO,09/12/2025,308,,2026/1
45929,UPGRADE,SIMPLO,MT PRO,09/12/2025,445,,2026/1
43381,UPGRADE,SIMPLO,INJEÇÃO,09/12/2025,406,,2026/1
49757,UPGRADE,SIMPLO,SINCRO - CORRENTES,09/12/2025,1807,,2026/1
46378,CORREÇÃO,SIMPLO,SINCRO - CORRENTES,09/12/2025,1805,,2026/1
49637,UPGRADE,SIMPLO,SINCRO - CORREIAS,09/12/2025,1906,,2026/1
49381,UPGRADE,SIMPLO,SINCRO - CORREIAS,09/12/2025,1944,,2026/1
43232,UPGRADE,SIMPLO,SINCRO - CORREIAS,08/12/2025,1906,,2026/1
45037,UPGRADE,SIMPLO,INJEÇÃO,08/12/2025,1141,,2026/1
48838,NOVA,SIMPLO,TORKS - DIREÇÃO,08/12/2025,276,,2026/1
48832,NOVA,SIMPLO,TORKS - DIREÇÃO,08/12/2025,275,,2026/1
48699,NOVA,SIMPLO,TORKS - DIREÇÃO,08/12/2025,274,,2026/1
49940,UPGRADE,SIMPLO,INJEÇÃO,08/12/2025,66,,2026/1
49878,CORREÇÃO,SIMPLO,INJEÇÃO,08/12/2025,2197,,2026/1
49809,CORREÇÃO,SIMPLO,INJEÇÃO,08/12/2025,1660,,2026/1
49800,CORREÇÃO,SIMPLO,INJEÇÃO,08/12/2025,1042,,2026/1
49752,UPGRADE,SIMPLO,INJEÇÃO,08/12/2025,1572,,2026/1
49679,NOVA,SIMPLO,REVISA CAR,08/12/2025,66,,2026/1
49733,NOVA,SIMPLO,REVISA CAR,08/12/2025,65,,2026/1
49729,NOVA,SIMPLO,LUBRITEC,08/12/2025,5797,,2026/1
49981,CORREÇÃO,SIMPLO,LUBRITEC,08/12/2025,1300,,2026/1
49709,UPGRADE,SIMPLO,INJEÇÃO,08/12/2025,116,,2026/1
47077,UPGRADE,SIMPLO,INJEÇÃO,08/12/2025,2143,,2026/1
49716,NOVA,SIMPLO,INJEÇÃO,08/12/2025,2269,,2026/1
46321,NOVA,SIMPLO,INJEÇÃO,08/12/2025,2268,,2026/1
46465,UPGRADE,SIMPLO,INJEÇÃO,08/12/2025,450,,2026/1
44325,UPGRADE,SIMPLO,INJEÇÃO,08/12/2025,1363,,2026/1
43162,UPGRADE,SIMPLO,INJEÇÃO,08/12/2025,623,,2026/1
23316,NOVA,SIMPLO,INJEÇÃO,08/12/2025,2250,,2026/1
49859,NOVA,SIMPLO,LUBRITEC,08/12/2025,3676,,2026/1
49877,UPGRADE,SIMPLO,LUBRITEC,08/12/2025,2411,,2026/1
49867,UPGRADE,SIMPLO,LUBRITEC,08/12/2025,2409,,2026/1
49849,UPGRADE,SIMPLO,LUBRITEC,08/12/2025,2406,,2026/1
49837,UPGRADE,SIMPLO,LUBRITEC,08/12/2025,2397,,2026/1
49814,UPGRADE,SIMPLO,LUBRITEC,08/12/2025,2394,,2026/1
49863,NOVA,SIMPLO,LUBRITEC,08/12/2025,3675,,2026/1
49805,UPGRADE,SIMPLO,LUBRITEC,05/12/2025,2375,,2026/1
49786,UPGRADE,SIMPLO,LUBRITEC,05/12/2025,2407,,2026/1
49776,UPGRADE,SIMPLO,LUBRITEC,05/12/2025,2402,,2026/1
49751,UPGRADE,SIMPLO,LUBRITEC,05/12/2025,2392,,2026/1
49745,UPGRADE,SIMPLO,LUBRITEC,05/12/2025,2371,,2026/1
48811,UPGRADE,SIMPLO,TORKS - SUSPENSÃO,05/12/2025,191,,2026/1
48810,UPGRADE,SIMPLO,TORKS - FREIOS,05/12/2025,191,,2026/1
48504,UPGRADE,SIMPLO,TORKS - SUSPENSÃO,05/12/2025,167,,2026/1
48503,UPGRADE,SIMPLO,TORKS - FREIOS,05/12/2025,167,,2026/1
48500,UPGRADE,SIMPLO,TORKS - SUSPENSÃO,05/12/2025,227,,2026/1
48499,UPGRADE,SIMPLO,TORKS - FREIOS,05/12/2025,227,,2026/1
48494,UPGRADE,SIMPLO,TORKS - SUSPENSÃO,05/12/2025,179,,2026/1
48493,UPGRADE,SIMPLO,TORKS - FREIOS,05/12/2025,179,,2026/1
48491,UPGRADE,SIMPLO,TORKS - SUSPENSÃO,05/12/2025,176,,2026/1
48490,UPGRADE,SIMPLO,TORKS - FREIOS,05/12/2025,176,,2026/1
48487,UPGRADE,SIMPLO,TORKS - SUSPENSÃO,05/12/2025,156,,2026/1
48486,UPGRADE,SIMPLO,TORKS - FREIOS,05/12/2025,156,,2026/1
48462,UPGRADE,SIMPLO,TORKS - SUSPENSÃO,05/12/2025,200,,2026/1
48458,UPGRADE,SIMPLO,TORKS - SUSPENSÃO,05/12/2025,173,,2026/1
48457,UPGRADE,SIMPLO,TORKS - FREIOS,05/12/2025,173,,2026/1
39588,NOVA,SIMPLO,ELECTRA TRUCK,04/12/2025,211,,2026/1
49395,NOVA,SIMPLO,ELECTRA,04/12/2025,336,,2026/1
49401,NOVA,SIMPLO,ELECTRA,04/12/2025,335,,2026/1
49873,NOVA,SIMPLO,CÂMBIO TRUCK,04/12/2025,261,,2026/1
49873,NOVA,SIMPLO,CÂMBIO,04/12/2025,261,,2026/1
49385,NOVA,SIMPLO,ABS/ASR/ESP,04/12/2025,1036,,2026/1
49618,NOVA,SIMPLO,ABS/ASR/ESP,04/12/2025,1035,,2026/1
49876,NOVA,SIMPLO,PICO SCOPE,04/12/2025,806,,2026/1
49875,NOVA,SIMPLO,MT PRO,04/12/2025,444,,2026/1
49863,NOVA,SIMPLO,LUBRITEC,04/12/2025,3675,,2026/1
49862,NOVA,SIMPLO,LUBRITEC,04/12/2025,3674,,2026/1
49946,UPGRADE,SIMPLO,ELECTRA,03/12/2025,177,,2026/1
49937,CORREÇÃO,SIMPLO,INJEÇÃO,02/12/2025,1256,,2026/1
46172,NOVA,SIMPLO,MT PRO,02/12/2025,443,,2026/1
49391,NOVA,SIMPLO,ARLA,28/11/2025,25,,2026/1
49860,NOVA,SIMPLO,LUBRITEC,28/11/2025,3673,,2026/1
49858,NOVA,SIMPLO,LUBRITEC,28/11/2025,4377,,2026/1
49730,NOVA,SIMPLO,LUBRITEC,27/11/2025,2980,,2026/1
49734,NOVA,SIMPLO,REVISA CAR,27/11/2025,64,,2026/1
49842,CORREÇÃO,SIMPLO,LUBRITEC,26/11/2025,916,,2026/1
49810,UPGRADE,SIMPLO,LUBRITEC,25/11/2025,2979,,2026/1
47872,NOVA,SIMPLO,LOCAR,25/11/2025,1013,,2026/1
44814,NOVA,SIMPLO,SINCRO - CORRENTES,25/11/2025,1988,,2026/1
49344,NOVA,SIMPLO,SINCRO - CORRENTES,25/11/2025,1987,,2026/1
49307,NOVA,SIMPLO,SINCRO - CORRENTES,25/11/2025,1986,,2026/1
45954,NOVA,SIMPLO,MT PRO,25/11/2025,442,,2026/1
49807,UPGRADE,SIMPLO,MOTORES - LINHA LEVE,24/11/2025,815,,2026/1
47155,NOVA,SIMPLO,PICO SCOPE,24/11/2025,805,,2026/1
49739,NOVA,SIMPLO,PICO SCOPE,24/11/2025,804,,2026/1
49794,NOVA,SIMPLO,PICO SCOPE,24/11/2025,803,,2026/1
46175,NOVA,SIMPLO,MT PRO,24/11/2025,441,,2026/1
49735,NOVA,HIBRIDOS,H&E - REVISA CAR,21/11/2025,81B,,2026/1 H&E
49731,NOVA,HIBRIDOS,H&E - LUBRITEC,21/11/2025,81A,,2026/1 H&E
49732,NOVA,HIBRIDOS,H&E - REVISA CAR,21/11/2025,80B,,2026/1 H&E
49728,NOVA,HIBRIDOS,H&E - LUBRITEC,21/11/2025,80A,,2026/1 H&E
49602,NOVA,SIMPLO,LUBRITEC,21/11/2025,874,,2026/1
49355,NOVA,SIMPLO,REVISA CAR,21/11/2025,63,,2026/1
49090,NOVA,SIMPLO,REVISA CAR,21/11/2025,62,,2026/1
49724,NOVA,SIMPLO,PICO SCOPE,19/11/2025,802,,2026/1
49622,NOVA,SIMPLO,PICO SCOPE,19/11/2025,801,,2026/1
47154,NOVA,SIMPLO,MT PRO,19/11/2025,440,,2026/1
49749,CORREÇÃO,SIMPLO,DIESEL,18/11/2025,301,,2026/1
49748,CORREÇÃO,SIMPLO,DIESEL,18/11/2025,300,,2026/1
49746,UPGRADE,SIMPLO,ELECTRA TRUCK,18/11/2025,17,,2026/1
45975,NOVA,SIMPLO,MT PRO,18/11/2025,439,,2026/1
45933,NOVA,SIMPLO,MT PRO,18/11/2025,438,,2026/1
49744,CORREÇÃO,SIMPLO,MOTORES - LINHA PESADA,18/11/2025,1498,,2026/1
49744,CORREÇÃO,SIMPLO,MOTORES - LINHA LEVE,18/11/2025,1498,,2026/1
48796,NOVA,SIMPLO,TORKS - DIREÇÃO,18/11/2025,273A,,2026/1
48792,NOVA,SIMPLO,TORKS - DIREÇÃO,18/11/2025,272A,,2026/1
48775,NOVA,HIBRIDOS,H&E - TORKS,18/11/2025,79A,,2026/1 H&E
48775,NOVA,SIMPLO,TORKS - DIREÇÃO,18/11/2025,271A,,2026/1
48696,NOVA,SIMPLO,TORKS - DIREÇÃO,18/11/2025,270A,,2026/1
48584,NOVA,SIMPLO,TORKS - DIREÇÃO,18/11/2025,269A,,2026/1
48557,NOVA,ELÉTRICOS,ELETRICOS - TORKS,18/11/2025,37A,,2026/1 H&E
48557,NOVA,SIMPLO,TORKS - DIREÇÃO,18/11/2025,268A,,2026/1
48855,NOVA,SIMPLO,TORKS - DIREÇÃO,17/11/2025,267A,,2026/1
48841,NOVA,SIMPLO,TORKS - DIREÇÃO,17/11/2025,266A,,2026/1
48821,NOVA,SIMPLO,TORKS - DIREÇÃO,17/11/2025,265A,,2026/1
48806,NOVA,SIMPLO,TORKS - DIREÇÃO,17/11/2025,264A,,2026/1
48798,NOVA,SIMPLO,TORKS - DIREÇÃO,17/11/2025,263A,,2026/1
48631,NOVA,SIMPLO,TORKS - DIREÇÃO,17/11/2025,262A,,2026/1
48628,NOVA,SIMPLO,TORKS - DIREÇÃO,17/11/2025,261A,,2026/1
48625,NOVA,SIMPLO,TORKS - DIREÇÃO,17/11/2025,260A,,2026/1
48675,NOVA,SIMPLO,TORKS - SUSPENSÃO,17/11/2025,259C,,2026/1
48674,NOVA,SIMPLO,TORKS - FREIOS,17/11/2025,259B,,2026/1
48673,NOVA,SIMPLO,TORKS - DIREÇÃO,17/11/2025,259A,,2026/1
48920,NOVA,SIMPLO,TORKS TRUCK,17/11/2025,258,,2026/1
48916,NOVA,SIMPLO,TORKS TRUCK,17/11/2025,257,,2026/1
48886,NOVA,SIMPLO,TORKS TRUCK,17/11/2025,256,,2026/1
48659,NOVA,SIMPLO,TORKS - SUSPENSÃO,16/11/2025,255C,,2026/1
48658,NOVA,SIMPLO,TORKS - FREIOS,16/11/2025,255B,,2026/1
48657,NOVA,SIMPLO,TORKS - DIREÇÃO,16/11/2025,255A,,2026/1
48548,NOVA,SIMPLO,TORKS - DIREÇÃO,16/11/2025,254A,,2026/1
48118,UPGRADE,SIMPLO,TORKS - SUSPENSÃO,14/11/2025,209,,2026/1
49719,UPGRADE,SIMPLO,LUBRITEC,14/11/2025,5561,,2026/1
49352,UPGRADE,SIMPLO,REVISA CAR,14/11/2025,370,,2026/1
49331,UPGRADE,SIMPLO,REVISA CAR,14/11/2025,127,,2026/1
49330,UPGRADE,SIMPLO,REVISA CAR,14/11/2025,126,,2026/1
49297,UPGRADE,SIMPLO,REVISA CAR,14/11/2025,122,,2026/1
49296,UPGRADE,SIMPLO,REVISA CAR,14/11/2025,121,,2026/1
49295,UPGRADE,SIMPLO,REVISA CAR,14/11/2025,120,,2026/1
49294,UPGRADE,SIMPLO,REVISA CAR,14/11/2025,119,,2026/1
49293,UPGRADE,SIMPLO,REVISA CAR,14/11/2025,607,,2026/1
49258,UPGRADE,SIMPLO,REVISA CAR,14/11/2025,118,,2026/1
49257,UPGRADE,SIMPLO,REVISA CAR,14/11/2025,117,,2026/1
49256,UPGRADE,SIMPLO,REVISA CAR,14/11/2025,116,,2026/1
49255,UPGRADE,SIMPLO,REVISA CAR,14/11/2025,115,,2026/1
49254,UPGRADE,SIMPLO,REVISA CAR,14/11/2025,114,,2026/1
49207,UPGRADE,SIMPLO,REVISA CAR,14/11/2025,84,,2026/1
49206,UPGRADE,SIMPLO,REVISA CAR,14/11/2025,83,,2026/1
49205,UPGRADE,SIMPLO,REVISA CAR,14/11/2025,82,,2026/1
49190,UPGRADE,SIMPLO,REVISA CAR,14/11/2025,104,,2026/1
49189,UPGRADE,SIMPLO,REVISA CAR,14/11/2025,103,,2026/1
49188,UPGRADE,SIMPLO,REVISA CAR,14/11/2025,102,,2026/1
49162,UPGRADE,SIMPLO,REVISA CAR,13/11/2025,91,,2026/1
49161,UPGRADE,SIMPLO,REVISA CAR,13/11/2025,90,,2026/1
49160,UPGRADE,SIMPLO,REVISA CAR,13/11/2025,89,,2026/1
49155,UPGRADE,SIMPLO,REVISA CAR,13/11/2025,142,,2026/1
49154,UPGRADE,SIMPLO,REVISA CAR,13/11/2025,371,,2026/1
49146,UPGRADE,SIMPLO,REVISA CAR,13/11/2025,61,,2026/1
49145,UPGRADE,SIMPLO,REVISA CAR,13/11/2025,60,,2026/1
49144,UPGRADE,SIMPLO,REVISA CAR,13/11/2025,141,,2026/1
49143,UPGRADE,SIMPLO,REVISA CAR,13/11/2025,140,,2026/1
49032,UPGRADE,SIMPLO,REVISA CAR,13/11/2025,80,,2026/1
48967,UPGRADE,SIMPLO,REVISA CAR,13/11/2025,59,,2026/1
48966,UPGRADE,SIMPLO,REVISA CAR,13/11/2025,58,,2026/1
49707,CORREÇÃO,SIMPLO,LUBRITEC,13/11/2025,873,,2026/1
49706,CORREÇÃO,SIMPLO,LUBRITEC,13/11/2025,4515,,2026/1
49609,UPGRADE,SIMPLO,PICO SCOPE,12/11/2025,508,,2026/1
45927,UPGRADE,SIMPLO,MT PRO,12/11/2025,81,,2026/1
49687,CORREÇÃO,SIMPLO,INJEÇÃO,12/11/2025,1319,,2026/1
49594,UPGRADE,SIMPLO,PICO SCOPE,12/11/2025,594,,2026/1
49579,UPGRADE,SIMPLO,PICO SCOPE,12/11/2025,125,,2026/1
49694,CORREÇÃO,SIMPLO,LUBRITEC,11/11/2025,4910,,2026/1
49685,CORREÇÃO,SIMPLO,PICO SCOPE,11/11/2025,800,,2026/1
36824,NOVA,SIMPLO,CLIMA TRUCK,11/11/2025,189,,2026/1
49521,NOVA,SIMPLO,PICO SCOPE,11/11/2025,799,,2026/1
49668,NOVA,SIMPLO,PICO SCOPE,11/11/2025,798,,2026/1
48545,NOVA,SIMPLO,TORKS - DIREÇÃO,11/11/2025,237A,,2026/1
49686,UPGRADE,SIMPLO,ELECTRA,11/11/2025,149,,2026/1
49680,UPGRADE,SIMPLO,CLIMA CAR,11/11/2025,731,,2026/1
45973,UPGRADE,SIMPLO,MT PRO,11/11/2025,437,,2026/1
49656,CORREÇÃO,SIMPLO,ELECTRA TRUCK,11/11/2025,183,,2026/1
49655,CORREÇÃO,SIMPLO,ELECTRA,11/11/2025,173,,2026/1
49681,CORREÇÃO,SIMPLO,LUBRITEC,11/11/2025,2557,,2026/1
49672,UPGRADE,SIMPLO,ABS/ASR/ESP,11/11/2025,891,,2026/1
49636,UPGRADE,SIMPLO,MOTORES - LINHA LEVE,11/11/2025,1383,,2026/1
46017,NOVA,SIMPLO,MT PRO,11/11/2025,436,,2026/1
48781,NOVA,SIMPLO,TORKS - DIREÇÃO,10/11/2025,253A,,2026/1
48778,NOVA,SIMPLO,TORKS - DIREÇÃO,10/11/2025,252A,,2026/1
48735,NOVA,SIMPLO,TORKS - DIREÇÃO,10/11/2025,251A,,2026/1
48652,NOVA,SIMPLO,TORKS - DIREÇÃO,10/11/2025,250A,,2026/1
48690,NOVA,SIMPLO,TORKS - DIREÇÃO,10/11/2025,249A,,2026/1
49671,UPGRADE,SIMPLO,ABS/ASR/ESP,10/11/2025,489,,2026/1
49670,UPGRADE,SIMPLO,ABS/ASR/ESP,10/11/2025,488,,2026/1
49662,UPGRADE,SIMPLO,ABS/ASR/ESP,10/11/2025,775,,2026/1
48687,NOVA,SIMPLO,TORKS - DIREÇÃO,10/11/2025,248A,,2026/1
48677,NOVA,SIMPLO,TORKS - DIREÇÃO,10/11/2025,247A,,2026/1
49654,UPGRADE,SIMPLO,ABS/ASR/ESP,10/11/2025,625,,2026/1
48513,NOVA,SIMPLO,TORKS - SUSPENSÃO,10/11/2025,246C,,2026/1
48512,NOVA,SIMPLO,TORKS - FREIOS,10/11/2025,246B,,2026/1
48511,NOVA,SIMPLO,TORKS - DIREÇÃO,10/11/2025,246A,,2026/1
49663,UPGRADE,SIMPLO,CLIMA CAR,10/11/2025,925,,2026/1
49621,UPGRADE,SIMPLO,CLIMA CAR,10/11/2025,755,,2026/1
49612,UPGRADE,SIMPLO,MOTORES - LINHA PESADA,10/11/2025,146,,2026/1
48741,UPGRADE,SIMPLO,TORKS - SUSPENSÃO,10/11/2025,143,,2026/1
48739,UPGRADE,SIMPLO,TORKS - FREIOS,10/11/2025,143,,2026/1
48734,UPGRADE,SIMPLO,TORKS - SUSPENSÃO,10/11/2025,142,,2026/1
48733,UPGRADE,SIMPLO,TORKS - FREIOS,10/11/2025,142,,2026/1
48391,UPGRADE,SIMPLO,TORKS - SUSPENSÃO,10/11/2025,164,,2026/1
48390,UPGRADE,SIMPLO,TORKS - FREIOS,10/11/2025,164,,2026/1
48388,UPGRADE,SIMPLO,TORKS - SUSPENSÃO,10/11/2025,163,,2026/1
48387,UPGRADE,SIMPLO,TORKS - FREIOS,10/11/2025,163,,2026/1
48384,UPGRADE,SIMPLO,TORKS - SUSPENSÃO,10/11/2025,162,,2026/1
48383,UPGRADE,SIMPLO,TORKS - FREIOS,10/11/2025,162,,2026/1
47804,UPGRADE,SIMPLO,TORKS - SUSPENSÃO,10/11/2025,159,,2026/1
47806,UPGRADE,SIMPLO,TORKS - FREIOS,10/11/2025,159,,2026/1
47690,UPGRADE,SIMPLO,MT PRO,10/11/2025,46,,2026/1
49661,CORREÇÃO,SIMPLO,INJEÇÃO,10/11/2025,2149,,2026/1
49174,UPGRADE,SIMPLO,INJEÇÃO,10/11/2025,1423,,2026/1
47667,UPGRADE,SIMPLO,INJEÇÃO,10/11/2025,2118,,2026/1
48581,NOVA,SIMPLO,TORKS - DIREÇÃO,10/11/2025,245A,,2026/1
48578,NOVA,SIMPLO,TORKS - DIREÇÃO,10/11/2025,244A,,2026/1
48649,NOVA,SIMPLO,TORKS - DIREÇÃO,10/11/2025,243A,,2026/1
48815,NOVA,SIMPLO,TORKS - DIREÇÃO,10/11/2025,242A,,2026/1
48606,NOVA,SIMPLO,TORKS - DIREÇÃO,10/11/2025,241A,,2026/1
48729,NOVA,SIMPLO,TORKS - DIREÇÃO,09/11/2025,240A,,2026/1
48703,NOVA,SIMPLO,TORKS - DIREÇÃO,09/11/2025,239A,,2026/1
48560,NOVA,SIMPLO,TORKS - DIREÇÃO,09/11/2025,238A,,2026/1
48545,NOVA,SIMPLO,TORKS - DIREÇÃO,09/11/2025,237A,,2026/1
48529,NOVA,SIMPLO,TORKS - DIREÇÃO,09/11/2025,236A,,2026/1
49089,UPGRADE,SIMPLO,REVISA CAR,07/11/2025,376,,2026/1
49080,UPGRADE,SIMPLO,REVISA CAR,07/11/2025,367,,2026/1
49015,UPGRADE,SIMPLO,REVISA CAR,07/11/2025,94,,2026/1
49014,UPGRADE,SIMPLO,REVISA CAR,07/11/2025,93,,2026/1
48987,UPGRADE,SIMPLO,REVISA CAR,07/11/2025,143,,2026/1
49660,UPGRADE,SIMPLO,LUBRITEC,07/11/2025,2940,,2026/1
48978,UPGRADE,SIMPLO,REVISA CAR,07/11/2025,87,,2026/1
48977,UPGRADE,SIMPLO,REVISA CAR,07/11/2025,86,,2026/1
48962,UPGRADE,SIMPLO,REVISA CAR,07/11/2025,138,,2026/1
48960,UPGRADE,SIMPLO,REVISA CAR,07/11/2025,137,,2026/1
48969,UPGRADE,SIMPLO,REVISA CAR,07/11/2025,69,,2026/1
48970,UPGRADE,SIMPLO,REVISA CAR,06/11/2025,70,,2026/1
49652,CORREÇÃO,SIMPLO,INJEÇÃO,06/11/2025,1115,,2026/1
49650,CORREÇÃO,SIMPLO,INJEÇÃO,06/11/2025,1634,,2026/1
47623,UPGRADE,SIMPLO,SCOPE TRUCK (MT PRO),06/11/2025,241,,2026/1
47623,UPGRADE,SIMPLO,MT PRO,06/11/2025,241,,2026/1
49641,CORREÇÃO,SIMPLO,DIESEL,06/11/2025,380,,2026/1
49640,CORREÇÃO,SIMPLO,DIESEL,06/11/2025,346,,2026/1
49639,CORREÇÃO,SIMPLO,DIESEL,06/11/2025,392,,2026/1
49645,CORREÇÃO,SIMPLO,LUBRITEC,06/11/2025,4881,,2026/1
47663,UPGRADE,SIMPLO,INJEÇÃO,05/11/2025,1962,,2026/1
49613,UPGRADE,SIMPLO,MOTORES - LINHA LEVE,05/11/2025,882,,2026/1
49192,NOVA,SIMPLO,CÂMBIO TRUCK,04/11/2025,260,,2026/1
49192,UPGRADE,SIMPLO,ELECTRA TRUCK,04/11/2025,209,,2026/1
48941,UPGRADE,SIMPLO,CÂMBIO TRUCK,04/11/2025,243,,2026/1
48941,UPGRADE,SIMPLO,ELECTRA TRUCK,04/11/2025,202,,2026/1
47845,UPGRADE,SIMPLO,MT PRO,04/11/2025,179,,2026/1
47301,UPGRADE,SIMPLO,CÂMBIO TRUCK,04/11/2025,226,,2026/1
47301,UPGRADE,SIMPLO,CÂMBIO,04/11/2025,226,,2026/1
47301,UPGRADE,SIMPLO,ELECTRA TRUCK,04/11/2025,196,,2026/1
47301,UPGRADE,SIMPLO,ELECTRA,04/11/2025,313,,2026/1
49168,CORREÇÃO,SIMPLO,ELECTRA,03/11/2025,218,,2026/1
49002,CORREÇÃO,SIMPLO,ELECTRA,03/11/2025,208,,2026/1
49348,UPGRADE,SIMPLO,SCOPE TRUCK (PICO SCOPE),03/11/2025,610,,2026/1
49348,UPGRADE,SIMPLO,PICO SCOPE,03/11/2025,610,,2026/1
49278,UPGRADE,SIMPLO,PICO SCOPE,03/11/2025,416,,2026/1
49564,UPGRADE,SIMPLO,MOTORES - LINHA LEVE,03/11/2025,310,,2026/1
48662,UPGRADE,SIMPLO,TORKS - SUSPENSÃO,03/11/2025,225,,2026/1
48661,UPGRADE,SIMPLO,TORKS - FREIOS,03/11/2025,225,,2026/1
47923,UPGRADE,SIMPLO,TORKS - SUSPENSÃO,03/11/2025,169,,2026/1
47925,UPGRADE,SIMPLO,TORKS - FREIOS,03/11/2025,169,,2026/1
49620,UPGRADE,SIMPLO,ABS/ASR/ESP,03/11/2025,415,,2026/1
47242,UPGRADE,SIMPLO,ABS/ASR/ESP,03/11/2025,1006,,2026/1
46379,UPGRADE,SIMPLO,MT PRO,03/11/2025,76,,2026/1
49619,CORREÇÃO,SIMPLO,INJEÇÃO,03/11/2025,1416,,2026/1
49623,CORREÇÃO,SIMPLO,INJEÇÃO,03/11/2025,2255,,2026/1
39924,UPGRADE,SIMPLO,DIESEL,03/11/2025,35,,2026/1
49617,CORREÇÃO,SIMPLO,INJEÇÃO,31/10/2025,1708,,2026/1
49616,CORREÇÃO,SIMPLO,INJEÇÃO,31/10/2025,1907,,2026/1
49614,CORREÇÃO,SIMPLO,MOTORES - LINHA PESADA,31/10/2025,1319,,2026/1
49614,CORREÇÃO,SIMPLO,MOTORES - LINHA LEVE,31/10/2025,1319,,2026/1
49583,UPGRADE,SIMPLO,PICO SCOPE,31/10/2025,797,,2026/1
49608,CORREÇÃO,SIMPLO,ELECTRA,31/10/2025,293,,2026/1
49610,UPGRADE,SIMPLO,INJEÇÃO,31/10/2025,1419,,2026/1
48981,UPGRADE,SIMPLO,DIESEL,31/10/2025,425,,2026/1
49600,UPGRADE,SIMPLO,ELECTRA,31/10/2025,109,,2026/1
49604,CORREÇÃO,SIMPLO,ELECTRA,31/10/2025,21,,2026/1
49605,UPGRADE,SIMPLO,CLIMA CAR,31/10/2025,560,,2026/1
49215,UPGRADE,SIMPLO,CÂMBIO TRUCK,31/10/2025,250,,2026/1
49215,UPGRADE,SIMPLO,CÂMBIO,31/10/2025,250,,2026/1
49215,UPGRADE,SIMPLO,ELECTRA,31/10/2025,333,,2026/1
49215,UPGRADE,SIMPLO,ELECTRA TRUCK,31/10/2025,198,,2026/1
49603,CORREÇÃO,SIMPLO,INJEÇÃO,30/10/2025,1059,,2026/1
49127,NOVA,SIMPLO,CÂMBIO TRUCK,30/10/2025,259,,2026/1
49127,UPGRADE,SIMPLO,ELECTRA TRUCK,30/10/2025,208,,2026/1
49575,UPGRADE,SIMPLO,ELECTRA TRUCK,30/10/2025,179,,2026/1
48711,UPGRADE,SIMPLO,TORKS - SUSPENSÃO,30/10/2025,222,,2026/1
48710,UPGRADE,SIMPLO,TORKS - FREIOS,30/10/2025,222,,2026/1
48708,UPGRADE,SIMPLO,TORKS - SUSPENSÃO,30/10/2025,221,,2026/1
48707,UPGRADE,SIMPLO,TORKS - FREIOS,30/10/2025,221,,2026/1
48666,UPGRADE,SIMPLO,TORKS - SUSPENSÃO,30/10/2025,202,,2026/1
48665,UPGRADE,SIMPLO,TORKS - FREIOS,30/10/2025,202,,2026/1
49599,UPGRADE,SIMPLO,LOCAR,30/10/2025,635,,2026/1
47005,UPGRADE,SIMPLO,INJEÇÃO,30/10/2025,1213,,2026/1
47369,UPGRADE,SIMPLO,ELECTRA,30/10/2025,319,,2026/1
49596,UPGRADE,SIMPLO,CLIMA CAR,30/10/2025,924,,2026/1
49128,UPGRADE,SIMPLO,ABS/ASR/ESP,30/10/2025,1033,,2026/1
48997,UPGRADE,HIBRIDOS,H&E - ELECTRA,30/10/2025,68,,2026/1 H&E
49551,UPGRADE,SIMPLO,MOTORES - LINHA LEVE,29/10/2025,1342,,2026/1
49597,CORREÇÃO,SIMPLO,INJEÇÃO,29/10/2025,1057,,2026/1
47431,UPGRADE,HIBRIDOS,H&E - INJEÇÃO,29/10/2025,59,,2026/1 H&E
49572,CORREÇÃO,TRACTOR,ELECTRA TRACTOR,29/10/2025,16,,2026/1 T
46552,UPGRADE,SIMPLO,INJEÇÃO,29/10/2025,1183,,2026/1
49428,UPGRADE,SIMPLO,CÂMBIO,29/10/2025,168,,2026/1
49428,UPGRADE,SIMPLO,ELECTRA,29/10/2025,259,,2026/1
49577,UPGRADE,SIMPLO,ELECTRA,29/10/2025,101,,2026/1
49540,UPGRADE,SIMPLO,ELECTRA,29/10/2025,218,,2026/1
49523,UPGRADE,SIMPLO,ELECTRA,29/10/2025,205,,2026/1
49357,UPGRADE,SIMPLO,ELECTRA TRUCK,29/10/2025,92,,2026/1
49357,UPGRADE,SIMPLO,ELECTRA,29/10/2025,92,,2026/1
48725,UPGRADE,SIMPLO,TORKS - SUSPENSÃO,29/10/2025,223,,2026/1
48724,UPGRADE,SIMPLO,TORKS - FREIOS,29/10/2025,223,,2026/1
48971,NOVA,SIMPLO,CÂMBIO TRUCK,29/10/2025,258,,2026/1
48971,NOVA,SIMPLO,CÂMBIO,29/10/2025,258,,2026/1
48971,UPGRADE,SIMPLO,ELECTRA TRUCK,29/10/2025,201,,2026/1
48971,UPGRADE,SIMPLO,ELECTRA,29/10/2025,324,,2026/1
47378,NOVA,SIMPLO,CÂMBIO,28/10/2025,257,,2026/1
47378,UPGRADE,SIMPLO,ELECTRA,28/10/2025,321,,2026/1
49329,UPGRADE,SIMPLO,PICO SCOPE,28/10/2025,796,,2026/1
49317,UPGRADE,SIMPLO,PICO SCOPE,28/10/2025,16,,2026/1
49590,CORREÇÃO,SIMPLO,MIX - AIRBAG,28/10/2025,433,,2026/1
49590,CORREÇÃO,SIMPLO,MIX - IMOBILIZADOR,28/10/2025,433,,2026/1
49549,UPGRADE,SIMPLO,MOTORES - LINHA LEVE,28/10/2025,84,,2026/1
49541,UPGRADE,SIMPLO,MOTORES - LINHA LEVE,28/10/2025,83,,2026/1
49589,CORREÇÃO,SIMPLO,INJEÇÃO,28/10/2025,88,,2026/1
47312,UPGRADE,SIMPLO,INJEÇÃO,28/10/2025,1313,,2026/1
46788,UPGRADE,SIMPLO,INJEÇÃO,28/10/2025,2030,,2026/1
49322,NOVA,TRACTOR,MT PRO TRACTOR,28/10/2025,30,,2026/1 T
49581,NOVA,SIMPLO,LUBRITEC,28/10/2025,2654,,2026/1
49552,NOVA,SIMPLO,SINCRO - POLY-V,28/10/2025,1985,,2026/1
47195,NOVA,SIMPLO,PICO SCOPE,28/10/2025,795,,2026/1
48669,UPGRADE,SIMPLO,TORKS - SUSPENSÃO,27/10/2025,49,,2026/1
48668,UPGRADE,SIMPLO,TORKS - FREIOS,27/10/2025,49,,2026/1
48868,UPGRADE,SIMPLO,TORKS - SUSPENSÃO,27/10/2025,197,,2026/1
48867,UPGRADE,SIMPLO,TORKS - FREIOS,27/10/2025,197,,2026/1
48860,UPGRADE,SIMPLO,TORKS - SUSPENSÃO,27/10/2025,198,,2026/1
48859,UPGRADE,SIMPLO,TORKS - FREIOS,27/10/2025,198,,2026/1
48853,UPGRADE,SIMPLO,TORKS - SUSPENSÃO,27/10/2025,224,,2026/1
48852,UPGRADE,SIMPLO,TORKS - FREIOS,27/10/2025,224,,2026/1
45677,UPGRADE,SIMPLO,INJEÇÃO,27/10/2025,1853,,2026/1
49414,CORREÇÃO,SIMPLO,ABS/ASR/ESP,27/10/2025,903,,2026/1
47746,UPGRADE,SIMPLO,DIESEL,27/10/2025,341,,2026/1
49409,UPGRADE,SIMPLO,SCOPE TRUCK (PICO SCOPE),27/10/2025,737,,2026/1
49409,UPGRADE,SIMPLO,PICO SCOPE,27/10/2025,737,,2026/1
46056,UPGRADE,SIMPLO,MT PRO,27/10/2025,435,,2026/1
49548,UPGRADE,SIMPLO,LOCAR,27/10/2025,956,,2026/1
49548,UPGRADE,SIMPLO,LOCAR TRUCK,27/10/2025,956,,2026/1
49574,CORREÇÃO,SIMPLO,LUBRITEC,27/10/2025,2100,,2026/1
49545,UPGRADE,SIMPLO,MOTORES - LINHA LEVE,27/10/2025,222,,2026/1
49504,UPGRADE,SIMPLO,MOTORES - LINHA LEVE,27/10/2025,1398,,2026/1
49573,UPGRADE,SIMPLO,CLIMA TRUCK,27/10/2025,142,,2026/1
49412,CORREÇÃO,SIMPLO,CLIMA TRUCK,27/10/2025,123,,2026/1
49411,CORREÇÃO,SIMPLO,CLIMA CAR,27/10/2025,848,,2026/1
49576,UPGRADE,SIMPLO,CLIMA CAR,27/10/2025,683,,2026/1
49569,UPGRADE,SIMPLO,CLIMA CAR,27/10/2025,202,,2026/1
37139,UPGRADE,SIMPLO,CLIMA CAR,27/10/2025,882,,2026/1
49550,UPGRADE,SIMPLO,ABS/ASR/ESP,24/10/2025,845,,2026/1
49547,UPGRADE,SIMPLO,ABS/ASR/ESP,24/10/2025,623,,2026/1
49539,UPGRADE,SIMPLO,ABS/ASR/ESP,24/10/2025,610,,2026/1
49578,CORREÇÃO,SIMPLO,MOTORES - LINHA LEVE,24/10/2025,64,,2026/1
49531,UPGRADE,SIMPLO,ABS/ASR/ESP,24/10/2025,550,,2026/1
49530,UPGRADE,SIMPLO,ABS/ASR/ESP,24/10/2025,614,,2026/1
49529,UPGRADE,SIMPLO,ABS/ASR/ESP,24/10/2025,697,,2026/1
49528,UPGRADE,SIMPLO,ABS/ASR/ESP,24/10/2025,566,,2026/1
49526,UPGRADE,SIMPLO,ABS/ASR/ESP,24/10/2025,783,,2026/1
48980,UPGRADE,SIMPLO,ABS/ASR/ESP,24/10/2025,1026,,2026/1
49559,UPGRADE,SIMPLO,INJEÇÃO,23/10/2025,1656,,2026/1
47209,UPGRADE,SIMPLO,DIESEL,23/10/2025,132,,2026/1
45860,CORREÇÃO,SIMPLO,DIESEL,23/10/2025,70,,2026/1
40370,UPGRADE,SIMPLO,DIESEL,23/10/2025,237,,2026/1
49558,UPGRADE,SIMPLO,LOCAR,23/10/2025,674,,2026/1
44465,UPGRADE,SIMPLO,LOCAR,23/10/2025,875,,2026/1
49158,UPGRADE,SIMPLO,PICO SCOPE,23/10/2025,794,,2026/1
40307,UPGRADE,SIMPLO,DIESEL,22/10/2025,179,,2026/1
49519,UPGRADE,SIMPLO,ABS/ASR/ESP,21/10/2025,564,,2026/1
49517,UPGRADE,SIMPLO,ABS/ASR/ESP,21/10/2025,95,,2026/1
49513,UPGRADE,SIMPLO,ABS/ASR/ESP,21/10/2025,90,,2026/1
49503,UPGRADE,SIMPLO,ABS/ASR/ESP,21/10/2025,686,,2026/1
49074,UPGRADE,SIMPLO,ABS/ASR/ESP,21/10/2025,1034,,2026/1
49345,UPGRADE,SIMPLO,DIESEL,21/10/2025,43,,2026/1
49059,UPGRADE,SIMPLO,DIESEL,21/10/2025,430,,2026/1
49016,UPGRADE,SIMPLO,DIESEL,21/10/2025,429,,2026/1
48942,UPGRADE,SIMPLO,DIESEL,21/10/2025,433,,2026/1
49415,UPGRADE,SIMPLO,PICO SCOPE,21/10/2025,494,,2026/1
47684,UPGRADE,SIMPLO,PICO SCOPE,21/10/2025,46,,2026/1
47365,UPGRADE,SIMPLO,CLIMA CAR,20/10/2025,1083,,2026/1
49546,CORREÇÃO,SIMPLO,ELECTRA TRUCK,20/10/2025,194,,2026/1
48623,UPGRADE,SIMPLO,TORKS - SUSPENSÃO,20/10/2025,185,,2026/1
48624,UPGRADE,SIMPLO,TORKS - FREIOS,20/10/2025,185,,2026/1
48597,UPGRADE,SIMPLO,TORKS - SUSPENSÃO,20/10/2025,232,,2026/1
48596,UPGRADE,SIMPLO,TORKS - FREIOS,20/10/2025,232,,2026/1
48574,UPGRADE,SIMPLO,TORKS - SUSPENSÃO,20/10/2025,182,,2026/1
48572,UPGRADE,SIMPLO,TORKS - FREIOS,20/10/2025,182,,2026/1
48571,UPGRADE,SIMPLO,TORKS - SUSPENSÃO,20/10/2025,157,,2026/1
48570,UPGRADE,SIMPLO,TORKS - FREIOS,20/10/2025,157,,2026/1
49538,CORREÇÃO,SIMPLO,ELECTRA,20/10/2025,126,,2026/1
49537,CORREÇÃO,SIMPLO,LOCAR,20/10/2025,670,,2026/1
49536,CORREÇÃO,SIMPLO,INJEÇÃO,20/10/2025,1269,,2026/1
48541,UPGRADE,SIMPLO,TORKS - SUSPENSÃO,17/10/2025,181,,2026/1
48540,UPGRADE,SIMPLO,TORKS - FREIOS,17/10/2025,181,,2026/1
48537,UPGRADE,SIMPLO,TORKS - SUSPENSÃO,17/10/2025,180,,2026/1
48536,UPGRADE,SIMPLO,TORKS - FREIOS,17/10/2025,180,,2026/1
48519,UPGRADE,SIMPLO,TORKS - SUSPENSÃO,17/10/2025,203,,2026/1
48518,UPGRADE,SIMPLO,TORKS - FREIOS,17/10/2025,203,,2026/1
48484,UPGRADE,SIMPLO,TORKS - SUSPENSÃO,17/10/2025,175,,2026/1
48483,UPGRADE,SIMPLO,TORKS - FREIOS,17/10/2025,175,,2026/1
48481,UPGRADE,SIMPLO,TORKS - SUSPENSÃO,17/10/2025,199,,2026/1
48480,UPGRADE,SIMPLO,TORKS - FREIOS,17/10/2025,199,,2026/1
48449,UPGRADE,SIMPLO,TORKS - SUSPENSÃO,17/10/2025,207,,2026/1
48448,UPGRADE,SIMPLO,TORKS - FREIOS,17/10/2025,207,,2026/1
47737,NOVA,SIMPLO,SINCRO - CORREIAS,17/10/2025,1984,,2026/1
46024,NOVA,SIMPLO,MT PRO,17/10/2025,434,,2026/1
49418,NOVA,SIMPLO,PICO SCOPE,17/10/2025,793,,2026/1
49410,NOVA,SIMPLO,SCOPE TRUCK (PICO SCOPE),17/10/2025,792,,2026/1
49410,NOVA,SIMPLO,PICO SCOPE,17/10/2025,792,,2026/1
46765,NOVA,TRACTOR,ELECTRA TRACTOR,17/10/2025,131,,2026/1 T
49509,UPGRADE,SIMPLO,MOTORES - LINHA LEVE,16/10/2025,1524,,2026/1
49486,UPGRADE,SIMPLO,MOTORES - LINHA LEVE,16/10/2025,1331,,2026/1
47510,CORREÇÃO,SIMPLO,MOTORES - LINHA LEVE,16/10/2025,1441,,2026/1
49511,CORREÇÃO,SIMPLO,CÂMBIO TRUCK,16/10/2025,211,,2026/1
49510,CORREÇÃO,SIMPLO,ELECTRA TRUCK,16/10/2025,136,,2026/1
47447,CORREÇÃO,SIMPLO,SINCRO - CORREIAS,16/10/2025,1968,,2026/1
49472,UPGRADE,SIMPLO,ARLA,16/10/2025,10,,2026/1
47630,UPGRADE,SIMPLO,DIESEL,16/10/2025,346,,2026/1
49500,UPGRADE,SIMPLO,DIESEL,16/10/2025,117,,2026/1
48440,UPGRADE,SIMPLO,DIESEL,16/10/2025,247,,2026/1
49507,CORREÇÃO,SIMPLO,LUBRITEC,16/10/2025,4496,,2026/1
44171,UPGRADE,SIMPLO,DIESEL,16/10/2025,57,,2026/1
39429,UPGRADE,SIMPLO,DIESEL,16/10/2025,260,,2026/1
49501,CORREÇÃO,SIMPLO,DIESEL,16/10/2025,74,,2026/1
48221,UPGRADE,SIMPLO,TORKS - SUSPENSÃO,14/10/2025,214,,2026/1
48220,UPGRADE,SIMPLO,TORKS - FREIOS,14/10/2025,214,,2026/1
48212,UPGRADE,SIMPLO,TORKS - SUSPENSÃO,14/10/2025,234,,2026/1
48211,UPGRADE,SIMPLO,TORKS - FREIOS,14/10/2025,234,,2026/1
48209,UPGRADE,SIMPLO,TORKS - SUSPENSÃO,14/10/2025,212,,2026/1
48208,UPGRADE,SIMPLO,TORKS - FREIOS,14/10/2025,212,,2026/1
48209,UPGRADE,HIBRIDOS,H&E - TORKS,14/10/2025,74,,2026/1 H&E
48208,UPGRADE,HIBRIDOS,H&E - TORKS,14/10/2025,74,,2026/1 H&E
45234,NOVA,HIBRIDOS,H&E - SINCRO,14/10/2025,78,,2026/1 H&E
48200,UPGRADE,HIBRIDOS,H&E - TORKS,14/10/2025,77,,2026/1 H&E
48199,UPGRADE,HIBRIDOS,H&E - TORKS,14/10/2025,77,,2026/1 H&E
48200,UPGRADE,HIBRIDOS,H&E - TORKS,14/10/2025,69,,2026/1 H&E
48199,UPGRADE,HIBRIDOS,H&E - TORKS,14/10/2025,69,,2026/1 H&E
48200,UPGRADE,HIBRIDOS,H&E - TORKS,14/10/2025,12,,2026/1 H&E
48199,UPGRADE,HIBRIDOS,H&E - TORKS,14/10/2025,12,,2026/1 H&E
45234,NOVA,SIMPLO,SINCRO - CORRENTES,14/10/2025,1983,,2026/1
48200,UPGRADE,SIMPLO,TORKS - SUSPENSÃO,14/10/2025,235,,2026/1
48199,UPGRADE,SIMPLO,TORKS - FREIOS,14/10/2025,235,,2026/1
46461,NOVA,SIMPLO,SINCRO - CORRENTES,14/10/2025,1982,,2026/1
48197,UPGRADE,SIMPLO,TORKS - SUSPENSÃO,14/10/2025,211,,2026/1
48196,UPGRADE,SIMPLO,TORKS - FREIOS,14/10/2025,211,,2026/1
49405,NOVA,SIMPLO,CÂMBIO,14/10/2025,256A,,2026/1
49375,NOVA,SIMPLO,CÂMBIO TRUCK,14/10/2025,255A,,2026/1
46011,NOVA,SIMPLO,MT PRO,14/10/2025,433,,2026/1
46010,NOVA,SIMPLO,MT PRO,14/10/2025,432,,2026/1
45901,NOVA,SIMPLO,SCOPE TRUCK (MT PRO),14/10/2025,431,,2026/1
45901,NOVA,SIMPLO,MT PRO,14/10/2025,431,,2026/1
45898,NOVA,TRACTOR,INJEÇÃO TRACTOR,14/10/2025,85,,2026/1 T
49471,UPGRADE,SIMPLO,INJEÇÃO,13/10/2025,1113,,2026/1
49066,UPGRADE,SIMPLO,CLIMA CAR,13/10/2025,1224,,2026/1
49066,UPGRADE,SIMPLO,CLIMA CAR,13/10/2025,1223,,2026/1
49233,UPGRADE,SIMPLO,PICO SCOPE,13/10/2025,101,,2026/1
49475,CORREÇÃO,SIMPLO,LUBRITEC,13/10/2025,4738,,2026/1
46976,UPGRADE,SIMPLO,SCOPE TRUCK (PICO SCOPE),13/10/2025,461,,2026/1
46976,UPGRADE,SIMPLO,PICO SCOPE,13/10/2025,461,,2026/1
49346,CORREÇÃO,SIMPLO,ELECTRA,13/10/2025,77,,2026/1
46169,UPGRADE,SIMPLO,SCOPE TRUCK (MT PRO),13/10/2025,372,,2026/1
46169,UPGRADE,SIMPLO,MT PRO,13/10/2025,372,,2026/1
46002,UPGRADE,SIMPLO,MT PRO,13/10/2025,16,,2026/1
38227,UPGRADE,MOTOS,ELECTRA MOTOS,13/10/2025,61,,2026/1 M
47541,NOVA,TRACTOR,CLIMA TRACTOR,13/10/2025,187,,2026/1 T
49323,NOVA,TRACTOR,MT PRO TRACTOR,13/10/2025,29,,2026/1 T
48286,NOVA,TRACTOR,MT PRO TRACTOR,13/10/2025,28,,2026/1 T
49434,CORREÇÃO,SIMPLO,ELECTRA,10/10/2025,247,,2026/1
49156,UPGRADE,SIMPLO,CÂMBIO,10/10/2025,303,,2026/1
45235,NOVA,SIMPLO,SINCRO - CORRENTES,10/10/2025,1981,,2026/1
49156,UPGRADE,SIMPLO,ELECTRA,10/10/2025,332,,2026/1
45232,NOVA,SIMPLO,SINCRO - CORRENTES,10/10/2025,1980,,2026/1
44389,NOVA,SIMPLO,LOCAR,10/10/2025,1012,,2026/1
49261,CORREÇÃO,SIMPLO,INJEÇÃO,10/10/2025,1763,,2026/1
49444,UPGRADE,SIMPLO,DIESEL,10/10/2025,401,,2026/1
49435,CORREÇÃO,SIMPLO,DIESEL,10/10/2025,377,,2026/1
47665,UPGRADE,SIMPLO,DIESEL,10/10/2025,311,,2026/1
43246,UPGRADE,SIMPLO,DIESEL,10/10/2025,358,,2026/1
49178,UPGRADE,SIMPLO,INJEÇÃO,10/10/2025,1497,,2026/1
49445,CORREÇÃO,SIMPLO,MOTORES - LINHA LEVE,10/10/2025,1290,,2026/1
49448,UPGRADE,SIMPLO,INJEÇÃO,10/10/2025,986,,2026/1
47880,NOVA,SIMPLO,LOCAR,10/10/2025,1011,,2026/1
47442,NOVA,SIMPLO,LOCAR,10/10/2025,1010,,2026/1
47561,NOVA,SIMPLO,LOCAR,10/10/2025,1009,,2026/1
49171,NOVA,SIMPLO,SCOPE TRUCK (PICO SCOPE),10/10/2025,791,,2026/1
49441,CORREÇÃO,SIMPLO,INJEÇÃO,10/10/2025,190,,2026/1
46073,NOVA,SIMPLO,SCOPE TRUCK (PICO SCOPE),10/10/2025,790,,2026/1
46073,NOVA,SIMPLO,PICO SCOPE,10/10/2025,790,,2026/1
49351,NOVA,SIMPLO,SCOPE TRUCK (PICO SCOPE),10/10/2025,789,,2026/1
49351,NOVA,SIMPLO,PICO SCOPE,10/10/2025,789,,2026/1
49451,CORREÇÃO,SIMPLO,CLIMA CAR,09/10/2025,1107,,2026/1
49450,CORREÇÃO,SIMPLO,CLIMA CAR,09/10/2025,1107,,2026/1
49449,CORREÇÃO,SIMPLO,ABS/ASR/ESP,09/10/2025,935,,2026/1
49447,CORREÇÃO,SIMPLO,DIESEL,09/10/2025,392,,2026/1
48998,UPGRADE,SIMPLO,CÂMBIO,09/10/2025,242,,2026/1
48998,UPGRADE,SIMPLO,ELECTRA,09/10/2025,326,,2026/1
49469,CORREÇÃO,SIMPLO,CLIMA CAR,09/10/2025,751,,2026/1
49321,NOVA,SIMPLO,PICO SCOPE,09/10/2025,788,,2026/1
49468,CORREÇÃO,SIMPLO,CLIMA CAR,09/10/2025,750,,2026/1
49467,CORREÇÃO,SIMPLO,CLIMA CAR,09/10/2025,749,,2026/1
49142,NOVA,SIMPLO,PICO SCOPE,09/10/2025,787,,2026/1
47294,UPGRADE,SIMPLO,CÂMBIO,09/10/2025,280,,2026/1
47294,UPGRADE,SIMPLO,ELECTRA,09/10/2025,309,,2026/1
49118,NOVA,SIMPLO,PICO SCOPE,09/10/2025,786,,2026/1
49165,NOVA,SIMPLO,SCOPE TRUCK (MT PRO),09/10/2025,430,,2026/1
46180,NOVA,SIMPLO,SCOPE TRUCK (MT PRO),09/10/2025,429,,2026/1
46180,NOVA,SIMPLO,MT PRO,09/10/2025,429,,2026/1
46199,NOVA,SIMPLO,SCOPE TRUCK (MT PRO),09/10/2025,428,,2026/1
46199,NOVA,SIMPLO,MT PRO,09/10/2025,428,,2026/1
49285,NOVA,SIMPLO,MT PRO,09/10/2025,427,,2026/1
46007,NOVA,SIMPLO,MT PRO,09/10/2025,426,,2026/1
48791,UPGRADE,SIMPLO,CÂMBIO,08/10/2025,224,,2026/1
48791,UPGRADE,SIMPLO,ELECTRA,08/10/2025,311,,2026/1
46062,NOVA,SIMPLO,MT PRO,08/10/2025,425,,2026/1
46168,NOVA,SIMPLO,MT PRO,08/10/2025,424,,2026/1
46067,NOVA,SIMPLO,MT PRO,08/10/2025,423,,2026/1
47346,NOVA,SIMPLO,CÂMBIO,08/10/2025,254,,2026/1
47346,UPGRADE,SIMPLO,ELECTRA,08/10/2025,318,,2026/1
45935,NOVA,SIMPLO,MT PRO,08/10/2025,422,,2026/1
49427,UPGRADE,SIMPLO,DIESEL,07/10/2025,127,,2026/1
49319,UPGRADE,SIMPLO,ELECTRA,07/10/2025,158,,2026/1
49426,CORREÇÃO,SIMPLO,ELECTRA,07/10/2025,303,,2026/1
49334,UPGRADE,SIMPLO,PICO SCOPE,07/10/2025,40,,2026/1
49304,UPGRADE,SIMPLO,ELECTRA,07/10/2025,149,,2026/1
47766,UPGRADE,SIMPLO,ELECTRA TRUCK,07/10/2025,35,,2026/1
46284,UPGRADE,SIMPLO,CLIMA TRUCK,07/10/2025,18,,2026/1
49419,UPGRADE,SIMPLO,CLIMA CAR,06/10/2025,49,,2026/1
49421,UPGRADE,SIMPLO,CLIMA CAR,06/10/2025,173,,2026/1
49420,CORREÇÃO,SIMPLO,CLIMA CAR,06/10/2025,1105,,2026/1
49037,UPGRADE,SIMPLO,TORKS - SUSPENSÃO,06/10/2025,193,,2026/1
48648,UPGRADE,SIMPLO,TORKS - SUSPENSÃO,06/10/2025,186,,2026/1
48647,UPGRADE,SIMPLO,TORKS - FREIOS,06/10/2025,186,,2026/1
48611,UPGRADE,SIMPLO,TORKS - SUSPENSÃO,06/10/2025,183,,2026/1
48610,UPGRADE,SIMPLO,TORKS - FREIOS,06/10/2025,183,,2026/1
48556,UPGRADE,SIMPLO,TORKS - SUSPENSÃO,06/10/2025,178,,2026/1
48555,UPGRADE,SIMPLO,TORKS - FREIOS,06/10/2025,178,,2026/1
48553,UPGRADE,SIMPLO,TORKS - SUSPENSÃO,06/10/2025,177,,2026/1
48552,UPGRADE,SIMPLO,TORKS - FREIOS,06/10/2025,177,,2026/1
48508,UPGRADE,SIMPLO,TORKS - SUSPENSÃO,06/10/2025,170,,2026/1
48507,UPGRADE,SIMPLO,TORKS - FREIOS,06/10/2025,170,,2026/1
48477,UPGRADE,SIMPLO,TORKS - SUSPENSÃO,06/10/2025,166,,2026/1
48206,UPGRADE,SIMPLO,TORKS - SUSPENSÃO,06/10/2025,233,,2026/1
48205,UPGRADE,SIMPLO,TORKS - FREIOS,06/10/2025,233,,2026/1
48191,UPGRADE,SIMPLO,TORKS - SUSPENSÃO,06/10/2025,151,,2026/1
48190,UPGRADE,SIMPLO,TORKS - FREIOS,06/10/2025,151,,2026/1
48188,UPGRADE,SIMPLO,TORKS - SUSPENSÃO,06/10/2025,150,,2026/1
48187,UPGRADE,SIMPLO,TORKS - FREIOS,06/10/2025,150,,2026/1
48184,UPGRADE,SIMPLO,TORKS - FREIOS,06/10/2025,149,,2026/1
48179,UPGRADE,HIBRIDOS,H&E - TORKS,06/10/2025,76,,2026/1 H&E
48178,UPGRADE,HIBRIDOS,H&E - TORKS,06/10/2025,76,,2026/1 H&E
48179,UPGRADE,HIBRIDOS,H&E - TORKS,06/10/2025,70,,2026/1 H&E
48178,UPGRADE,HIBRIDOS,H&E - TORKS,06/10/2025,70,,2026/1 H&E
48179,UPGRADE,SIMPLO,TORKS - SUSPENSÃO,06/10/2025,205,,2026/1
48178,UPGRADE,SIMPLO,TORKS - FREIOS,06/10/2025,205,,2026/1
49408,UPGRADE,SIMPLO,INJEÇÃO,03/10/2025,1014,,2026/1
49065,UPGRADE,SIMPLO,ELECTRA TRUCK,03/10/2025,206,,2026/1
49058,UPGRADE,SIMPLO,CÂMBIO TRUCK,03/10/2025,245,,2026/1
49058,UPGRADE,SIMPLO,ELECTRA TRUCK,03/10/2025,207,,2026/1
49036,NOVA,SIMPLO,CÂMBIO TRUCK,03/10/2025,253,,2026/1
49036,UPGRADE,SIMPLO,ELECTRA TRUCK,03/10/2025,204,,2026/1
49260,CORREÇÃO,SIMPLO,INJEÇÃO,03/10/2025,2176,,2026/1
49260,CORREÇÃO,SIMPLO,INJEÇÃO,03/10/2025,2053,,2026/1
49203,UPGRADE,SIMPLO,CÂMBIO,03/10/2025,248,,2026/1
49203,UPGRADE,SIMPLO,ELECTRA,03/10/2025,323,,2026/1
47341,NOVA,SIMPLO,CÂMBIO,02/10/2025,252,,2026/1
47341,UPGRADE,SIMPLO,ELECTRA,02/10/2025,316,,2026/1
49326,UPGRADE,SIMPLO,ELECTRA,02/10/2025,263,,2026/1
49232,CORREÇÃO,SIMPLO,ELECTRA,02/10/2025,179,,2026/1
49353,UPGRADE,ELÉTRICOS,ELETRICOS - REVISA,02/10/2025,6,,2026/1 H&E
48789,UPGRADE,ELÉTRICOS,ELETRICOS - TORKS,02/10/2025,19,,2026/1 H&E
48788,UPGRADE,ELÉTRICOS,ELETRICOS - TORKS,02/10/2025,19,,2026/1 H&E
48789,UPGRADE,SIMPLO,TORKS - SUSPENSÃO,02/10/2025,229,,2026/1
48788,UPGRADE,SIMPLO,TORKS - FREIOS,02/10/2025,229,,2026/1
48470,UPGRADE,SIMPLO,TORKS - SUSPENSÃO,02/10/2025,155,,2026/1
48469,UPGRADE,SIMPLO,TORKS - FREIOS,02/10/2025,155,,2026/1
49325,CORREÇÃO,SIMPLO,INJEÇÃO,02/10/2025,1658,,2026/1
49259,CORREÇÃO,SIMPLO,INJEÇÃO,02/10/2025,2247,,2026/1
47227,UPGRADE,SIMPLO,INJEÇÃO,02/10/2025,2200,,2026/1
49382,UPGRADE,SIMPLO,MOTORES - LINHA LEVE,02/10/2025,1367,,2026/1
49223,UPGRADE,SIMPLO,DIESEL,02/10/2025,397,,2026/1
46416,UPGRADE,SIMPLO,DIESEL,02/10/2025,412,,2026/1
47298,UPGRADE,SIMPLO,CÂMBIO,01/10/2025,229,,2026/1
47298,UPGRADE,SIMPLO,ELECTRA,01/10/2025,302,,2026/1
49159,UPGRADE,SIMPLO,ELECTRA,01/10/2025,188,,2026/1
46630,UPGRADE,SIMPLO,ELECTRA,01/10/2025,99,,2026/1
49379,UPGRADE,SIMPLO,MOTORES - LINHA LEVE,01/10/2025,1477,,2026/1
49216,UPGRADE,SIMPLO,CÂMBIO TRUCK,30/09/2025,251,,2026/1
49216,UPGRADE,SIMPLO,CÂMBIO,30/09/2025,251,,2026/1
49216,UPGRADE,SIMPLO,ELECTRA,30/09/2025,334,,2026/1
49216,UPGRADE,SIMPLO,ELECTRA TRUCK,30/09/2025,197,,2026/1
46235,UPGRADE,SIMPLO,ELECTRA TRUCK,30/09/2025,181,,2026/1
49370,CORREÇÃO,SIMPLO,ELECTRA TRUCK,30/09/2025,119,,2026/1
49369,CORREÇÃO,SIMPLO,ELECTRA,30/09/2025,119,,2026/1
49354,UPGRADE,SIMPLO,MOTORES - LINHA LEVE,29/09/2025,1485,,2026/1
49249,CORREÇÃO,SIMPLO,CLIMA CAR,29/09/2025,1092,,2026/1
49356,UPGRADE,SIMPLO,SINCRO - CORREIAS,29/09/2025,1944,,2026/1
48056,UPGRADE,SIMPLO,TORKS - SUSPENSÃO,29/09/2025,216,,2026/1
48055,UPGRADE,SIMPLO,TORKS - FREIOS,29/09/2025,216,,2026/1
49335,UPGRADE,SIMPLO,PICO SCOPE,29/09/2025,140,,2026/1
49245,UPGRADE,SIMPLO,PICO SCOPE,29/09/2025,561,,2026/1
49234,UPGRADE,SIMPLO,PICO SCOPE,29/09/2025,483,,2026/1
49180,UPGRADE,SIMPLO,PICO SCOPE,29/09/2025,377,,2026/1
47157,UPGRADE,SIMPLO,PICO SCOPE,29/09/2025,785,,2026/1
45939,UPGRADE,SIMPLO,MT PRO,29/09/2025,150,,2026/1
49347,CORREÇÃO,SIMPLO,DIESEL,26/09/2025,43,,2026/1
49175,UPGRADE,SIMPLO,INJEÇÃO,26/09/2025,1731,,2026/1
47528,UPGRADE,SIMPLO,MOTORES - LINHA LEVE,26/09/2025,1393,,2026/1
47381,CORREÇÃO,TRACTOR,MOTORES TRACTOR,26/09/2025,20090,,2026/1 T
47381,CORREÇÃO,SIMPLO,MOTORES - LINHA PESADA,26/09/2025,675,,2026/1
47012,CORREÇÃO,SIMPLO,MOTORES - LINHA PESADA,26/09/2025,668,,2026/1
47008,CORREÇÃO,SIMPLO,SINCRO - CORRENTES,26/09/2025,296,,2026/1
43767,UPGRADE,SIMPLO,DIESEL,26/09/2025,247,,2026/1
47556,CORREÇÃO,SIMPLO,MOTORES - LINHA LEVE,26/09/2025,1214,,2026/1
47532,CORREÇÃO,SIMPLO,MOTORES - LINHA LEVE,26/09/2025,760,,2026/1
45612,UPGRADE,SIMPLO,MOTORES - LINHA LEVE,26/09/2025,884,,2026/1
49336,CORREÇÃO,SIMPLO,MOTORES - LINHA LEVE,26/09/2025,1283,,2026/1
45604,UPGRADE,SIMPLO,MOTORES - LINHA LEVE,26/09/2025,657,,2026/1
45582,UPGRADE,SIMPLO,MT PRO,26/09/2025,74,,2026/1
49332,UPGRADE,SIMPLO,CLIMA CAR,25/09/2025,1233,,2026/1
49333,UPGRADE,SIMPLO,CLIMA CAR,25/09/2025,1143,,2026/1
46432,UPGRADE,SIMPLO,DIESEL,25/09/2025,416,,2026/1
49243,NOVA,SIMPLO,CLIMA CAR,25/09/2025,1235,,2026/1
49244,NOVA,SIMPLO,CLIMA CAR,25/09/2025,1234,,2026/1
49269,UPGRADE,SIMPLO,CLIMA CAR,25/09/2025,1233,,2026/1
49248,UPGRADE,SIMPLO,ELECTRA TRUCK,25/09/2025,136,,2026/1
48771,UPGRADE,SIMPLO,TORKS - SUSPENSÃO,25/09/2025,190,,2026/1
48770,UPGRADE,SIMPLO,TORKS - FREIOS,25/09/2025,190,,2026/1
49328,CORREÇÃO,SIMPLO,INJEÇÃO,25/09/2025,2247,,2026/1
49313,UPGRADE,SIMPLO,LUBRITEC,25/09/2025,3672,,2026/1
49324,CORREÇÃO,SIMPLO,LUBRITEC,25/09/2025,5511,,2026/1
48768,UPGRADE,SIMPLO,TORKS - SUSPENSÃO,24/09/2025,158,,2026/1
48767,UPGRADE,SIMPLO,TORKS - FREIOS,24/09/2025,158,,2026/1
49277,UPGRADE,SIMPLO,PICO SCOPE,24/09/2025,784,,2026/1
49316,UPGRADE,SIMPLO,ABS/ASR/ESP,24/09/2025,661,,2026/1
49270,CORREÇÃO,SIMPLO,INJEÇÃO,24/09/2025,515,,2026/1
49312,UPGRADE,SIMPLO,DIESEL,24/09/2025,257,,2026/1
47018,UPGRADE,SIMPLO,DIESEL,24/09/2025,390,,2026/1
45938,UPGRADE,SIMPLO,MT PRO,24/09/2025,86,,2026/1
49308,UPGRADE,SIMPLO,CLIMA CAR,23/09/2025,848,,2026/1
49305,UPGRADE,SIMPLO,CLIMA TRUCK,23/09/2025,123,,2026/1
47352,CORREÇÃO,SIMPLO,MOTORES - LINHA PESADA,23/09/2025,1496,,2026/1
48761,UPGRADE,SIMPLO,TORKS - SUSPENSÃO,23/09/2025,231,,2026/1
48760,UPGRADE,SIMPLO,TORKS - FREIOS,23/09/2025,231,,2026/1
48758,UPGRADE,SIMPLO,TORKS - SUSPENSÃO,23/09/2025,196,,2026/1
48757,UPGRADE,SIMPLO,TORKS - FREIOS,23/09/2025,196,,2026/1
48755,UPGRADE,SIMPLO,TORKS - SUSPENSÃO,23/09/2025,195,,2026/1
48754,UPGRADE,SIMPLO,TORKS - FREIOS,23/09/2025,195,,2026/1
48749,UPGRADE,SIMPLO,TORKS - SUSPENSÃO,23/09/2025,168,,2026/1
48748,UPGRADE,SIMPLO,TORKS - FREIOS,23/09/2025,168,,2026/1
48744,UPGRADE,SIMPLO,TORKS - SUSPENSÃO,23/09/2025,144,,2026/1
48743,UPGRADE,SIMPLO,TORKS - FREIOS,23/09/2025,144,,2026/1
48616,UPGRADE,SIMPLO,TORKS - FREIOS,23/09/2025,201,,2026/1
48594,UPGRADE,HIBRIDOS,TORKS - SUSPENSÃO,23/09/2025,73,,2026/1 H&E
48593,UPGRADE,HIBRIDOS,TORKS - FREIOS,23/09/2025,73,,2026/1 H&E
48594,UPGRADE,SIMPLO,TORKS - SUSPENSÃO,23/09/2025,140,,2026/1
48593,UPGRADE,SIMPLO,TORKS - FREIOS,23/09/2025,140,,2026/1
48466,UPGRADE,SIMPLO,TORKS - SUSPENSÃO,23/09/2025,165,,2026/1
48465,UPGRADE,SIMPLO,TORKS - FREIOS,23/09/2025,165,,2026/1
48452,UPGRADE,SIMPLO,TORKS - SUSPENSÃO,23/09/2025,153,,2026/1
48451,UPGRADE,SIMPLO,TORKS - FREIOS,23/09/2025,153,,2026/1
48416,UPGRADE,SIMPLO,TORKS - SUSPENSÃO,23/09/2025,206,,2026/1
48415,UPGRADE,SIMPLO,TORKS - FREIOS,23/09/2025,206,,2026/1
48175,UPGRADE,SIMPLO,TORKS - SUSPENSÃO,23/09/2025,148,,2026/1
48174,UPGRADE,SIMPLO,TORKS - FREIOS,23/09/2025,148,,2026/1
48109,UPGRADE,ELÉTRICOS,TORKS - SUSPENSÃO,22/09/2025,36,,2026/1 H&E
48108,UPGRADE,ELÉTRICOS,TORKS - FREIOS,22/09/2025,36,,2026/1 H&E
48160,UPGRADE,SIMPLO,TORKS - SUSPENSÃO,22/09/2025,210,,2026/1
48159,UPGRADE,SIMPLO,TORKS - FREIOS,22/09/2025,210,,2026/1
49235,CORREÇÃO,SIMPLO,TORKS - DIREÇÃO,22/09/2025,210,,2026/1
49281,UPGRADE,SIMPLO,CÂMBIO TRUCK,22/09/2025,202,,2026/1
49281,UPGRADE,SIMPLO,CÂMBIO,22/09/2025,202,,2026/1
49280,UPGRADE,SIMPLO,CLIMA CAR,22/09/2025,1232,,2026/1
49279,UPGRADE,SIMPLO,CLIMA TRUCK,22/09/2025,188,,2026/1
49195,UPGRADE,SIMPLO,PICO SCOPE,22/09/2025,7,,2026/1
47685,UPGRADE,SIMPLO,MT PRO,22/09/2025,6,,2026/1
47156,UPGRADE,SIMPLO,MT PRO,22/09/2025,421,,2026/1
45574,UPGRADE,SIMPLO,MT PRO,22/09/2025,162,,2026/1
49283,UPGRADE,SIMPLO,ELECTRA,22/09/2025,288,,2026/1
44695,CORREÇÃO,SIMPLO,ELECTRA,22/09/2025,184,,2026/1
49284,CORREÇÃO,SIMPLO,ELECTRA TRUCK,22/09/2025,169,,2026/1
49282,UPGRADE,SIMPLO,ELECTRA TRUCK,22/09/2025,191,,2026/1
47385,NOVA,SIMPLO,CÂMBIO TRUCK,22/09/2025,251,,2026/1
47385,NOVA,SIMPLO,CÂMBIO,22/09/2025,251,,2026/1
47385,NOVA,SIMPLO,ELECTRA,22/09/2025,334,,2026/1
47385,UPGRADE,SIMPLO,ELECTRA TRUCK,22/09/2025,197,,2026/1
49218,UPGRADE,SIMPLO,DIESEL,19/09/2025,357,,2026/1
48289,UPGRADE,SIMPLO,DIESEL,19/09/2025,264,,2026/1
47384,NOVA,SIMPLO,CÂMBIO TRUCK,19/09/2025,250,,2026/1
47384,NOVA,SIMPLO,CÂMBIO,19/09/2025,250,,2026/1
47384,NOVA,SIMPLO,ELECTRA,19/09/2025,333,,2026/1
47384,UPGRADE,SIMPLO,ELECTRA TRUCK,19/09/2025,198,,2026/1
49263,UPGRADE,SIMPLO,ELECTRA TRUCK,19/09/2025,175,,2026/1
49148,UPGRADE,SIMPLO,PICO SCOPE,19/09/2025,15,,2026/1
43497,UPGRADE,SIMPLO,MT PRO,19/09/2025,56,,2026/1
49247,UPGRADE,SIMPLO,CLIMA TRUCK,18/09/2025,174,,2026/1
49276,UPGRADE,SIMPLO,INJEÇÃO,18/09/2025,2029,,2026/1
46787,UPGRADE,SIMPLO,INJEÇÃO,18/09/2025,1266,,2026/1
49214,UPGRADE,SIMPLO,CÂMBIO,18/09/2025,225,,2026/1
49214,UPGRADE,SIMPLO,ELECTRA,18/09/2025,312,,2026/1
49264,UPGRADE,SIMPLO,ELECTRA,18/09/2025,223,,2026/1
49212,UPGRADE,SIMPLO,ELECTRA,18/09/2025,156,,2026/1
49211,UPGRADE,SIMPLO,ELECTRA,18/09/2025,258,,2026/1
49199,UPGRADE,SIMPLO,ELECTRA,18/09/2025,200,,2026/1
47324,UPGRADE,SIMPLO,ELECTRA,18/09/2025,317,,2026/1
49148,UPGRADE,SIMPLO,PICO SCOPE,18/09/2025,15,,2026/1
43460,UPGRADE,SIMPLO,MT PRO,18/09/2025,40,,2026/1
49265,UPGRADE,SIMPLO,CLIMA CAR,18/09/2025,192,,2026/1
49157,UPGRADE,SIMPLO,ELECTRA,17/09/2025,188,,2026/1
45859,UPGRADE,SIMPLO,ELECTRA,17/09/2025,173,,2026/1
49252,UPGRADE,SIMPLO,INJEÇÃO,17/09/2025,1265,,2026/1
49246,UPGRADE,SIMPLO,CLIMA TRUCK,17/09/2025,159,,2026/1
49213,UPGRADE,SIMPLO,SINCRO - CORRENTES,17/09/2025,1228,,2026/1
49251,CORREÇÃO,SIMPLO,MOTORES - LINHA LEVE,17/09/2025,1367,,2026/1
49236,CORREÇÃO,SIMPLO,INJEÇÃO,17/09/2025,2176,,2026/1
49230,UPGRADE,SIMPLO,INJEÇÃO,17/09/2025,1060,,2026/1
49210,CORREÇÃO,SIMPLO,INJEÇÃO,17/09/2025,1213,,2026/1
49209,CORREÇÃO,SIMPLO,INJEÇÃO,17/09/2025,741,,2026/1
49231,CORREÇÃO,SIMPLO,DIESEL,17/09/2025,380,,2026/1
46377,UPGRADE,SIMPLO,DIESEL,17/09/2025,168,,2026/1
24535,NOVA,SIMPLO,DIESEL,16/09/2025,433,,2026/1
49173,UPGRADE,SIMPLO,CÂMBIO,16/09/2025,143,,2026/1
49242,UPGRADE,SIMPLO,CLIMA CAR,16/09/2025,192,,2026/1
49238,UPGRADE,SIMPLO,CLIMA CAR,16/09/2025,185,,2026/1
49237,UPGRADE,SIMPLO,CLIMA CAR,16/09/2025,184,,2026/1
49229,UPGRADE,SIMPLO,CLIMA CAR,16/09/2025,191,,2026/1
49228,UPGRADE,SIMPLO,CLIMA CAR,16/09/2025,186,,2026/1
49226,UPGRADE,SIMPLO,CLIMA CAR,16/09/2025,1091,,2026/1
49225,UPGRADE,SIMPLO,CLIMA CAR,16/09/2025,172,,2026/1
49224,UPGRADE,SIMPLO,CLIMA CAR,16/09/2025,171,,2026/1
49219,UPGRADE,SIMPLO,CLIMA CAR,16/09/2025,181,,2026/1
49201,UPGRADE,SIMPLO,CLIMA CAR,16/09/2025,175,,2026/1
49164,UPGRADE,SIMPLO,CLIMA CAR,16/09/2025,730,,2026/1
49163,UPGRADE,SIMPLO,ABS/ASR/ESP,16/09/2025,551,,2026/1
49149,UPGRADE,SIMPLO,MOTORES - LINHA LEVE,16/09/2025,1527,,2026/1
49172,UPGRADE,SIMPLO,LOCAR,15/09/2025,701,,2026/1
49137,UPGRADE,SIMPLO,LOCAR,15/09/2025,636,,2026/1
49088,UPGRADE,SIMPLO,PICO SCOPE,15/09/2025,674,,2026/1
48907,UPGRADE,SIMPLO,PICO SCOPE,15/09/2025,593,,2026/1
49227,CORREÇÃO,SIMPLO,DIESEL,15/09/2025,377,,2026/1
39356,UPGRADE,SIMPLO,DIESEL,15/09/2025,212,,2026/1
49220,CORREÇÃO,SIMPLO,INJEÇÃO,15/09/2025,799,,2026/1
49198,CORREÇÃO,SIMPLO,INJEÇÃO,15/09/2025,2063,,2026/1
49141,UPGRADE,SIMPLO,INJEÇÃO,15/09/2025,2053,,2026/1
49138,UPGRADE,SIMPLO,INJEÇÃO,15/09/2025,2166,,2026/1
48288,UPGRADE,SIMPLO,INJEÇÃO,15/09/2025,2096,,2026/1
44714,UPGRADE,SIMPLO,INJEÇÃO,15/09/2025,1268,,2026/1
42328,UPGRADE,SIMPLO,INJEÇÃO,15/09/2025,1565,,2026/1
40101,CORREÇÃO,SIMPLO,INJEÇÃO,12/09/2025,1345,,2026/1
49167,CORREÇÃO,SIMPLO,DIESEL,12/09/2025,359,,2026/1
49150,UPGRADE,SIMPLO,DIESEL,12/09/2025,311,,2026/1
49140,UPGRADE,SIMPLO,DIESEL,12/09/2025,58,,2026/1
47569,UPGRADE,SIMPLO,DIESEL,12/09/2025,347,,2026/1
49166,UPGRADE,SIMPLO,DIESEL,11/09/2025,357,,2026/1
47315,UPGRADE,SIMPLO,CÂMBIO,11/09/2025,225,,2026/1
47315,UPGRADE,SIMPLO,ELECTRA,11/09/2025,312,,2026/1
47374,NOVA,SIMPLO,CÂMBIO,11/09/2025,249,,2026/1
47374,UPGRADE,SIMPLO,ELECTRA,11/09/2025,320,,2026/1
47387,NOVA,SIMPLO,CÂMBIO,11/09/2025,248,,2026/1
47387,UPGRADE,SIMPLO,ELECTRA,11/09/2025,323,,2026/1
48311,UPGRADE,SIMPLO,MT PRO,11/09/2025,228,,2026/1
46057,UPGRADE,SIMPLO,MT PRO,11/09/2025,279,,2026/1
49202,UPGRADE,SIMPLO,CLIMA CAR,10/09/2025,178,,2026/1
49200,UPGRADE,SIMPLO,CLIMA CAR,10/09/2025,168,,2026/1
48621,UPGRADE,SIMPLO,TORKS - SUSPENSÃO,10/09/2025,141C,,2026/1
48620,UPGRADE,SIMPLO,TORKS - FREIOS,10/09/2025,141B,,2026/1
48455,UPGRADE,SIMPLO,TORKS - SUSPENSÃO,10/09/2025,172C,,2026/1
48454,UPGRADE,SIMPLO,TORKS - FREIOS,10/09/2025,172B,,2026/1
49132,UPGRADE,SIMPLO,ELECTRA TRUCK,10/09/2025,209,,2026/1
49194,UPGRADE,SIMPLO,CLIMA CAR,10/09/2025,173,,2026/1
49193,UPGRADE,SIMPLO,CLIMA CAR,10/09/2025,167,,2026/1
49191,UPGRADE,SIMPLO,CLIMA CAR,10/09/2025,166,,2026/1
49176,CORREÇÃO,SIMPLO,LUBRITEC,10/09/2025,3671,,2026/1
49197,CORREÇÃO,SIMPLO,MOTORES - LINHA LEVE,10/09/2025,1285,,2026/1
48198,UPGRADE,HIBRIDOS,H&E - TORKS,05/09/2025,12,,2025/3 H&E
48198,UPGRADE,HIBRIDOS,H&E - TORKS,05/09/2025,69,,2025/3 H&E
48198,NOVA,HIBRIDOS,H&E - TORKS,05/09/2025,77,,2025/3 H&E
47846,UPGRADE,SIMPLO,REVISA CAR,05/09/2025,544,,2025/3
48722,UPGRADE,SIMPLO,REVISA CAR,05/09/2025,344,,2025/3
48908,UPGRADE,SIMPLO,REVISA CAR,05/09/2025,331,,2025/3
48865,UPGRADE,SIMPLO,REVISA CAR,05/09/2025,319,,2025/3
48897,UPGRADE,SIMPLO,REVISA CAR,05/09/2025,318,,2025/3
48945,UPGRADE,SIMPLO,REVISA CAR,05/09/2025,284,,2025/3
47933,UPGRADE,SIMPLO,REVISA CAR,05/09/2025,543,,2025/3
48919,UPGRADE,SIMPLO,REVISA CAR,04/09/2025,272,,2025/3
48910,CORREÇÃO,SIMPLO,REVISA CAR,04/09/2025,276,,2025/3
47935,UPGRADE,SIMPLO,REVISA CAR,04/09/2025,274,,2025/3
48836,UPGRADE,SIMPLO,REVISA CAR,04/09/2025,273,,2025/3
48198,NOVA,SIMPLO,TORKS - DIREÇÃO,04/09/2025,235A,,2025/3
48210,NOVA,SIMPLO,TORKS - DIREÇÃO,04/09/2025,234A,,2025/3
48204,NOVA,SIMPLO,TORKS - DIREÇÃO,04/09/2025,233A,,2025/3
48595,NOVA,SIMPLO,TORKS - DIREÇÃO,04/09/2025,232A,,2025/3
48759,NOVA,SIMPLO,TORKS - DIREÇÃO,04/09/2025,231A,,2025/3
48637,NOVA,SIMPLO,TORKS - DIREÇÃO,04/09/2025,230A,,2025/3
48787,UPGRADE,ELÉTRICOS,ELETRICOS - TORKS,04/09/2025,19,,2025/3 H&E
48787,NOVA,SIMPLO,TORKS - DIREÇÃO,04/09/2025,229A,,2025/3
49034,NOVA,SIMPLO,TORKS - DIREÇÃO,04/09/2025,228A,,2025/3
48498,NOVA,SIMPLO,TORKS - DIREÇÃO,04/09/2025,227A,,2025/3
48667,UPGRADE,SIMPLO,TORKS - DIREÇÃO,04/09/2025,49A,,2025/3
47943,NOVA,SIMPLO,TORKS - DIREÇÃO,04/09/2025,226A,,2025/3
48660,NOVA,SIMPLO,TORKS - DIREÇÃO,04/09/2025,225A,,2025/3
48851,NOVA,SIMPLO,TORKS - DIREÇÃO,04/09/2025,224A,,2025/3
48723,NOVA,SIMPLO,TORKS - DIREÇÃO,04/09/2025,223A,,2025/3
48709,NOVA,SIMPLO,TORKS - DIREÇÃO,04/09/2025,222A,,2025/3
48706,NOVA,SIMPLO,TORKS - DIREÇÃO,04/09/2025,221A,,2025/3
48641,NOVA,SIMPLO,TORKS - DIREÇÃO,04/09/2025,220A,,2025/3
48634,NOVA,SIMPLO,TORKS - DIREÇÃO,04/09/2025,219A,,2025/3
47969,NOVA,SIMPLO,TORKS - DIREÇÃO,04/09/2025,218A,,2025/3
47899,NOVA,SIMPLO,TORKS - DIREÇÃO,04/09/2025,217A,,2025/3
48568,UPGRADE,ELÉTRICOS,ELETRICOS - TORKS,04/09/2025,11,,2025/3 H&E
48567,UPGRADE,ELÉTRICOS,ELETRICOS - TORKS,04/09/2025,11,,2025/3 H&E
48177,UPGRADE,HIBRIDOS,H&E - TORKS,04/09/2025,70,,2025/3 H&E
48177,NOVA,HIBRIDOS,H&E - TORKS,04/09/2025,76,,2025/3 H&E
46942,NOVA,SIMPLO,CÓDIGO DE FALHAS,04/09/2025,760,,2025/3
47426,NOVA,SIMPLO,CÂMBIO,03/09/2025,247,,2025/3
47426,NOVA,SIMPLO,ELECTRA,03/09/2025,332,,2025/3
47843,NOVA,SIMPLO,ELECTRA TRUCK,03/09/2025,210,,2025/3
42635,NOVA,SIMPLO,ELECTRA TRUCK,03/09/2025,209,,2025/3
40235,NOVA,SIMPLO,ELECTRA TRUCK,03/09/2025,208,,2025/3
47657,NOVA,SIMPLO,CÂMBIO,03/09/2025,246,,2025/3
47137,NOVA,SIMPLO,ABS/ASR/ESP,03/09/2025,1034,,2025/3
48054,NOVA,SIMPLO,TORKS - DIREÇÃO,03/09/2025,216A,,2025/3
48035,NOVA,SIMPLO,TORKS - DIREÇÃO,03/09/2025,215A,,2025/3
48219,NOVA,SIMPLO,TORKS - DIREÇÃO,03/09/2025,214A,,2025/3
49151,NOVA,HIBRIDOS,H&E - TORKS,03/09/2025,75A,,2025/3 H&E
49151,NOVA,SIMPLO,TORKS - DIREÇÃO,03/09/2025,213A,,2025/3
48207,NOVA,HIBRIDOS,H&E - TORKS,03/09/2025,74A,,2025/3 H&E
48207,NOVA,SIMPLO,TORKS - DIREÇÃO,03/09/2025,212A,,2025/3
48195,NOVA,SIMPLO,TORKS - DIREÇÃO,03/09/2025,211A,,2025/3
48158,NOVA,SIMPLO,TORKS - DIREÇÃO,03/09/2025,210A,,2025/3
48116,NOVA,SIMPLO,TORKS - DIREÇÃO,03/09/2025,209A,,2025/3
48092,NOVA,SIMPLO,TORKS - DIREÇÃO,03/09/2025,208C,,2025/3
48094,NOVA,SIMPLO,TORKS - SUSPENSÃO,03/09/2025,208B,,2025/3
48093,NOVA,SIMPLO,TORKS - FREIOS,03/09/2025,208A,,2025/3
48447,NOVA,SIMPLO,TORKS - DIREÇÃO,03/09/2025,207A,,2025/3
48414,NOVA,SIMPLO,TORKS - DIREÇÃO,03/09/2025,206A,,2025/3
48177,NOVA,SIMPLO,TORKS - DIREÇÃO,03/09/2025,205A,,2025/3
47854,NOVA,SIMPLO,TORKS - DIREÇÃO,03/09/2025,204A,,2025/3
48517,NOVA,SIMPLO,TORKS - DIREÇÃO,03/09/2025,203A,,2025/3
48664,NOVA,SIMPLO,TORKS - DIREÇÃO,03/09/2025,202A,,2025/3
48615,NOVA,SIMPLO,TORKS - DIREÇÃO,03/09/2025,201A,,2025/3
48459,NOVA,SIMPLO,TORKS - DIREÇÃO,03/09/2025,200A,,2025/3
48479,NOVA,SIMPLO,TORKS - DIREÇÃO,03/09/2025,199A,,2025/3
48858,NOVA,SIMPLO,TORKS - DIREÇÃO,03/09/2025,198A,,2025/3
48866,NOVA,SIMPLO,TORKS - DIREÇÃO,03/09/2025,197A,,2025/3
48756,NOVA,SIMPLO,TORKS - DIREÇÃO,03/09/2025,196A,,2025/3
48753,NOVA,SIMPLO,TORKS - DIREÇÃO,03/09/2025,195A,,2025/3
48828,NOVA,SIMPLO,TORKS - DIREÇÃO,03/09/2025,194A,,2025/3
49038,NOVA,SIMPLO,TORKS - FREIOS,03/09/2025,193A,,2025/3
49013,NOVA,SIMPLO,PICO SCOPE,03/09/2025,783,,2025/3
48894,NOVA,SIMPLO,REVISA CAR,03/09/2025,278,,2025/3
48846,NOVA,SIMPLO,REVISA CAR,03/09/2025,277,,2025/3
47512,UPGRADE,HIBRIDOS,H&E - INJEÇÃO,03/09/2025,66,,2025/3 H&E
47508,UPGRADE,HIBRIDOS,H&E - ABS,03/09/2025,66,,2025/3 H&E
48107,NOVA,ELÉTRICOS,ELETRICOS - TORKS,03/09/2025,36,,2025/3 H&E
47661,NOVA,SIMPLO,ARLA,03/09/2025,24,,2025/3
48824,NOVA,SIMPLO,TORKS - DIREÇÃO,02/09/2025,192A,,2025/3
48809,NOVA,SIMPLO,TORKS - DIREÇÃO,02/09/2025,191A,,2025/3
48769,NOVA,SIMPLO,TORKS - DIREÇÃO,02/09/2025,190A,,2025/3
48726,NOVA,SIMPLO,TORKS - DIREÇÃO,02/09/2025,189A,,2025/3
48684,NOVA,SIMPLO,TORKS - DIREÇÃO,02/09/2025,188A,,2025/3
48681,NOVA,SIMPLO,TORKS - DIREÇÃO,02/09/2025,187A,,2025/3
48646,NOVA,SIMPLO,TORKS - DIREÇÃO,02/09/2025,186A,,2025/3
48622,NOVA,SIMPLO,TORKS - DIREÇÃO,02/09/2025,185A,,2025/3
48612,NOVA,SIMPLO,TORKS - DIREÇÃO,02/09/2025,184A,,2025/3
48609,NOVA,SIMPLO,TORKS - DIREÇÃO,02/09/2025,183A,,2025/3
48573,NOVA,SIMPLO,TORKS - DIREÇÃO,02/09/2025,182A,,2025/3
48539,NOVA,SIMPLO,TORKS - DIREÇÃO,02/09/2025,181A,,2025/3
48535,NOVA,SIMPLO,TORKS - DIREÇÃO,02/09/2025,180A,,2025/3
48492,NOVA,SIMPLO,TORKS - DIREÇÃO,02/09/2025,179A,,2025/3
48554,NOVA,SIMPLO,TORKS - DIREÇÃO,02/09/2025,178A,,2025/3
48551,NOVA,SIMPLO,TORKS - DIREÇÃO,02/09/2025,177A,,2025/3
48489,NOVA,SIMPLO,TORKS - DIREÇÃO,02/09/2025,176A,,2025/3
48482,NOVA,SIMPLO,TORKS - DIREÇÃO,02/09/2025,175A,,2025/3
48161,NOVA,SIMPLO,TORKS - DIREÇÃO,02/09/2025,174A,,2025/3
48456,NOVA,SIMPLO,TORKS - DIREÇÃO,02/09/2025,173A,,2025/3
48453,NOVA,SIMPLO,TORKS - DIREÇÃO,02/09/2025,172A,,2025/3
48134,NOVA,SIMPLO,TORKS - DIREÇÃO,02/09/2025,171A,,2025/3
48506,NOVA,SIMPLO,TORKS - DIREÇÃO,02/09/2025,170A,,2025/3
47645,NOVA,SIMPLO,ARLA,02/09/2025,23,,2025/3
47644,NOVA,SIMPLO,ARLA,02/09/2025,22,,2025/3
48435,NOVA,TRACTOR,INJEÇÃO TRACTOR,02/09/2025,84,,2025/3 T
49129,UPGRADE,SIMPLO,LUBRITEC,02/09/2025,2328,,2025/3
37708,UPGRADE,HIBRIDOS,H&E - AC,02/09/2025,15,,2025/3 H&E
37701,UPGRADE,HIBRIDOS,H&E - ABS,02/09/2025,15,,2025/3 H&E
47545,UPGRADE,HIBRIDOS,H&E - INJEÇÃO,02/09/2025,14,,2025/3 H&E
37643,UPGRADE,HIBRIDOS,H&E - AC,02/09/2025,14,,2025/3 H&E
37614,UPGRADE,HIBRIDOS,H&E - INJEÇÃO,02/09/2025,10,,2025/3 H&E
48166,UPGRADE,HIBRIDOS,H&E - TORKS,01/09/2025,57,,2025/3 H&E
48165,UPGRADE,HIBRIDOS,H&E - TORKS,01/09/2025,57,,2025/3 H&E
48164,UPGRADE,HIBRIDOS,H&E - TORKS,01/09/2025,57,,2025/3 H&E
48566,UPGRADE,ELÉTRICOS,ELETRICOS - TORKS,01/09/2025,11,,2025/3 H&E
49147,CORREÇÃO,SIMPLO,INJEÇÃO,01/09/2025,62,,2025/3
48565,UPGRADE,ELÉTRICOS,ELETRICOS - TORKS,01/09/2025,34,,2025/3 H&E
48564,UPGRADE,ELÉTRICOS,ELETRICOS - TORKS,01/09/2025,34,,2025/3 H&E
48563,UPGRADE,ELÉTRICOS,ELETRICOS - TORKS,01/09/2025,34,,2025/3 H&E
47441,UPGRADE,ELÉTRICOS,ELETRICOS - AC,01/09/2025,6,,2025/3 H&E
37653,UPGRADE,ELÉTRICOS,ELETRICOS - ABS,01/09/2025,6,,2025/3 H&E
37647,UPGRADE,ELÉTRICOS,ELETRICOS - AC,01/09/2025,33,,2025/3 H&E
37599,UPGRADE,ELÉTRICOS,ELETRICOS,01/09/2025,33,,2025/3 H&E
37535,UPGRADE,HIBRIDOS,H&E - INJEÇÃO,01/09/2025,13,,2025/3 H&E
37987,UPGRADE,ELÉTRICOS,ELETRICOS - AC,01/09/2025,21,,2025/3 H&E
37160,UPGRADE,ELÉTRICOS,ELETRICOS - ABS,01/09/2025,21,,2025/3 H&E
45991,NOVA,SIMPLO,MT PRO,01/09/2025,420,,2025/3
46166,NOVA,SIMPLO,MT PRO,01/09/2025,419,,2025/3
33330,NOVA,SIMPLO,ABS/ASR/ESP,01/09/2025,1033,,2025/3
46758,NOVA,SIMPLO,INJEÇÃO,01/09/2025,2267,,2025/3
46928,NOVA,SIMPLO,INJEÇÃO,01/09/2025,2266,,2025/3
48947,NOVA,SIMPLO,DIESEL,01/09/2025,432,,2025/3
46251,NOVA,SIMPLO,DIESEL,01/09/2025,431,,2025/3
47924,NOVA,SIMPLO,TORKS - DIREÇÃO,01/09/2025,169A,,2025/3
48814,NOVA,SIMPLO,TORKS - SUSPENSÃO,01/09/2025,128C,,2025/3
48813,NOVA,SIMPLO,TORKS - FREIOS,01/09/2025,128B,,2025/3
48747,NOVA,SIMPLO,TORKS - DIREÇÃO,01/09/2025,168A,,2025/3
48502,NOVA,SIMPLO,TORKS - DIREÇÃO,01/09/2025,167A,,2025/3
48475,NOVA,SIMPLO,TORKS - DIREÇÃO,01/09/2025,166A,,2025/3
48464,NOVA,SIMPLO,TORKS - DIREÇÃO,01/09/2025,165A,,2025/3
48389,NOVA,SIMPLO,TORKS - DIREÇÃO,01/09/2025,164A,,2025/3
48386,NOVA,SIMPLO,TORKS - DIREÇÃO,01/09/2025,163A,,2025/3
48382,NOVA,SIMPLO,TORKS - DIREÇÃO,01/09/2025,162A,,2025/3
48095,NOVA,SIMPLO,TORKS - DIREÇÃO,01/09/2025,161A,,2025/3
47864,NOVA,SIMPLO,TORKS - DIREÇÃO,01/09/2025,160A,,2025/3
47805,NOVA,SIMPLO,TORKS - DIREÇÃO,01/09/2025,159A,,2025/3
48766,NOVA,SIMPLO,TORKS - DIREÇÃO,01/09/2025,158A,,2025/3
48569,NOVA,SIMPLO,TORKS - DIREÇÃO,01/09/2025,157A,,2025/3
48485,NOVA,SIMPLO,TORKS - DIREÇÃO,01/09/2025,156A,,2025/3
48468,NOVA,SIMPLO,TORKS - DIREÇÃO,01/09/2025,155A,,2025/3
48419,NOVA,SIMPLO,TORKS - SUSPENSÃO,01/09/2025,154C,,2025/3
48418,NOVA,SIMPLO,TORKS - FREIOS,01/09/2025,154B,,2025/3
48417,NOVA,SIMPLO,TORKS - DIREÇÃO,01/09/2025,154A,,2025/3
48450,NOVA,SIMPLO,TORKS - DIREÇÃO,01/09/2025,153A,,2025/3
48444,NOVA,SIMPLO,TORKS - SUSPENSÃO,01/09/2025,152C,,2025/3
48443,NOVA,SIMPLO,TORKS - FREIOS,01/09/2025,152B,,2025/3
48442,NOVA,SIMPLO,TORKS - DIREÇÃO,01/09/2025,152A,,2025/3
48189,NOVA,SIMPLO,TORKS - DIREÇÃO,01/09/2025,151A,,2025/3
48186,NOVA,SIMPLO,TORKS - DIREÇÃO,01/09/2025,150A,,2025/3
48183,NOVA,SIMPLO,TORKS - DIREÇÃO,01/09/2025,149A,,2025/3
48173,NOVA,SIMPLO,TORKS - DIREÇÃO,01/09/2025,148A,,2025/3
48872,NOVA,SIMPLO,TORKS - SUSPENSÃO,01/09/2025,147C,,2025/3
48871,NOVA,SIMPLO,TORKS - FREIOS,01/09/2025,147B,,2025/3
48870,NOVA,SIMPLO,TORKS - DIREÇÃO,01/09/2025,147A,,2025/3
48113,NOVA,SIMPLO,TORKS - DIREÇÃO,01/09/2025,146A,,2025/3
48110,NOVA,SIMPLO,TORKS - DIREÇÃO,01/09/2025,145A,,2025/3
48742,NOVA,SIMPLO,TORKS - DIREÇÃO,01/09/2025,144A,,2025/3
48738,NOVA,SIMPLO,TORKS - DIREÇÃO,01/09/2025,143A,,2025/3
48732,NOVA,SIMPLO,TORKS - DIREÇÃO,01/09/2025,142A,,2025/3
48619,NOVA,SIMPLO,TORKS - DIREÇÃO,01/09/2025,141A,,2025/3
48592,NOVA,HIBRIDOS,H&E - TORKS,01/09/2025,73A,,2025/3 H&E
48592,NOVA,SIMPLO,TORKS - DIREÇÃO,01/09/2025,140A,,2025/3
48587,NOVA,SIMPLO,TORKS - DIREÇÃO,01/09/2025,139A,,2025/3
48413,NOVA,SIMPLO,TORKS - SUSPENSÃO,01/09/2025,138C,,2025/3
48412,NOVA,SIMPLO,TORKS - FREIOS,01/09/2025,138B,,2025/3
48411,NOVA,SIMPLO,TORKS - DIREÇÃO,01/09/2025,138A,,2025/3
48410,NOVA,SIMPLO,TORKS - SUSPENSÃO,01/09/2025,137C,,2025/3
48409,NOVA,SIMPLO,TORKS - FREIOS,01/09/2025,137B,,2025/3
48408,NOVA,SIMPLO,TORKS - DIREÇÃO,01/09/2025,137A,,2025/3
48169,NOVA,HIBRIDOS,TORKS - SUSPENSÃO,01/09/2025,72C,,2025/3 H&E
48168,NOVA,HIBRIDOS,TORKS - FREIOS,01/09/2025,72B,,2025/3 H&E
48167,NOVA,HIBRIDOS,TORKS - DIREÇÃO,01/09/2025,72A,,2025/3 H&E
48169,NOVA,SIMPLO,TORKS - SUSPENSÃO,01/09/2025,136C,,2025/3
48168,NOVA,SIMPLO,TORKS - FREIOS,01/09/2025,136B,,2025/3
48167,NOVA,SIMPLO,TORKS - DIREÇÃO,01/09/2025,136A,,2025/3
48301,NOVA,HIBRIDOS,H&E - TORKS,01/09/2025,71C,,2025/3 H&E
48300,NOVA,HIBRIDOS,H&E - TORKS,01/09/2025,71B,,2025/3 H&E
48299,NOVA,HIBRIDOS,H&E - TORKS,01/09/2025,71A,,2025/3 H&E
48301,NOVA,SIMPLO,TORKS - SUSPENSÃO,01/09/2025,135C,,2025/3
48300,NOVA,SIMPLO,TORKS - FREIOS,01/09/2025,135B,,2025/3
48299,NOVA,SIMPLO,TORKS - DIREÇÃO,01/09/2025,135A,,2025/3
48473,NOVA,SIMPLO,TORKS - FREIOS,01/09/2025,134B,,2025/3
48472,NOVA,SIMPLO,TORKS - DIREÇÃO,01/09/2025,134A,,2025/3
48528,NOVA,SIMPLO,TORKS - SUSPENSÃO,01/09/2025,133C,,2025/3
48527,NOVA,SIMPLO,TORKS - FREIOS,01/09/2025,133B,,2025/3
48526,NOVA,SIMPLO,TORKS - DIREÇÃO,01/09/2025,133A,,2025/3
48525,NOVA,SIMPLO,TORKS - SUSPENSÃO,01/09/2025,132C,,2025/3
48524,NOVA,SIMPLO,TORKS - FREIOS,01/09/2025,132B,,2025/3
48523,NOVA,SIMPLO,TORKS - DIREÇÃO,01/09/2025,132A,,2025/3
48346,NOVA,SIMPLO,TORKS - SUSPENSÃO,01/09/2025,131C,,2025/3
48344,NOVA,SIMPLO,TORKS - FREIOS,01/09/2025,131B,,2025/3
48343,NOVA,SIMPLO,TORKS - DIREÇÃO,01/09/2025,131A,,2025/3
48577,NOVA,SIMPLO,TORKS - SUSPENSÃO,01/09/2025,130C,,2025/3
48576,NOVA,SIMPLO,TORKS - FREIOS,01/09/2025,130B,,2025/3
48575,NOVA,SIMPLO,TORKS - DIREÇÃO,01/09/2025,130A,,2025/3
48166,NOVA,SIMPLO,TORKS - SUSPENSÃO,01/09/2025,129C,,2025/3
48165,NOVA,SIMPLO,TORKS - FREIOS,01/09/2025,129B,,2025/3
48164,NOVA,SIMPLO,TORKS - DIREÇÃO,01/09/2025,129A,,2025/3
48318,NOVA,SIMPLO,TORKS - SUSPENSÃO,01/09/2025,126C,,2025/3
48317,NOVA,SIMPLO,TORKS - FREIOS,01/09/2025,126B,,2025/3
48316,NOVA,SIMPLO,TORKS - DIREÇÃO,01/09/2025,126A,,2025/3
48121,NOVA,SIMPLO,TORKS - SUSPENSÃO,01/09/2025,125C,,2025/3
48120,NOVA,SIMPLO,TORKS - FREIOS,01/09/2025,125B,,2025/3
48119,NOVA,SIMPLO,TORKS - DIREÇÃO,01/09/2025,125A,,2025/3
47967,NOVA,SIMPLO,TORKS - SUSPENSÃO,01/09/2025,124C,,2025/3
47966,NOVA,SIMPLO,TORKS - FREIOS,01/09/2025,124B,,2025/3
47964,NOVA,SIMPLO,TORKS - DIREÇÃO,01/09/2025,124A,,2025/3
48370,CORREÇÃO,SIMPLO,ELECTRA,01/09/2025,133,,2025/3
49112,UPGRADE,SIMPLO,ELECTRA,01/09/2025,266,,2025/3
49045,CORREÇÃO,SIMPLO,MOTORES - LINHA LEVE,01/09/2025,571,,2025/3
46792,UPGRADE,SIMPLO,INJEÇÃO,01/09/2025,2116,,2025/3
49126,UPGRADE,SIMPLO,ABS/ASR/ESP,01/09/2025,927,,2025/3
49083,UPGRADE,SIMPLO,LUBRITEC,01/09/2025,2356,,2025/3
48287,UPGRADE,SIMPLO,DIESEL,01/09/2025,390,,2025/3
49125,UPGRADE,SIMPLO,INJEÇÃO,01/09/2025,1765,,2025/3
49124,UPGRADE,SIMPLO,INJEÇÃO,01/09/2025,1688,,2025/3
49123,UPGRADE,SIMPLO,INJEÇÃO,01/09/2025,2059,,2025/3
49111,UPGRADE,SIMPLO,INJEÇÃO,01/09/2025,1353,,2025/3
47662,UPGRADE,SIMPLO,INJEÇÃO,01/09/2025,2058,,2025/3
46795,NOVA,SIMPLO,ELECTRA,28/08/2025,331,,2025/3
48986,NOVA,HIBRIDOS,H&E - ELECTRA,28/08/2025,65,,2025/3 H&E
48663,UPGRADE,SIMPLO,REVISA CAR,28/08/2025,272,,2025/3
47856,UPGRADE,SIMPLO,REVISA CAR,28/08/2025,271,,2025/3
48802,UPGRADE,SIMPLO,REVISA CAR,28/08/2025,270,,2025/3
47983,UPGRADE,SIMPLO,REVISA CAR,28/08/2025,213,,2025/3
43857,NOVA,SIMPLO,ABS/ASR/ESP,28/08/2025,1032,,2025/3
39334,NOVA,SIMPLO,ELECTRA,28/08/2025,330,,2025/3
48812,NOVA,SIMPLO,TORKS - DIREÇÃO,28/08/2025,128A,,2025/3
48337,NOVA,SIMPLO,TORKS - DIREÇÃO,28/08/2025,127A,,2025/3
49109,UPGRADE,SIMPLO,MOTORES - LINHA LEVE,28/08/2025,1477,,2025/3
49108,UPGRADE,SIMPLO,LUBRITEC,28/08/2025,1210,,2025/3
49107,UPGRADE,SIMPLO,INJEÇÃO,28/08/2025,987,,2025/3
45497,UPGRADE,SIMPLO,INJEÇÃO,28/08/2025,1046,,2025/3
43198,NOVA,SIMPLO,ELECTRA,28/08/2025,329,,2025/3
41005,NOVA,SIMPLO,ELECTRA,28/08/2025,328,,2025/3
48146,NOVA,SIMPLO,TORKS - DIREÇÃO,28/08/2025,122A,,2025/3
48949,NOVA,SIMPLO,LUBRITEC,28/08/2025,872,,2025/3
48901,NOVA,SIMPLO,LUBRITEC,28/08/2025,869,,2025/3
48745,NOVA,SIMPLO,LUBRITEC,28/08/2025,868,,2025/3
48976,NOVA,SIMPLO,PICO SCOPE,28/08/2025,782,,2025/3
45903,NOVA,SIMPLO,MT PRO,28/08/2025,418,,2025/3
42909,NOVA,SIMPLO,CÂMBIO TRUCK,27/08/2025,245A,,2025/3
42909,NOVA,SIMPLO,ELECTRA TRUCK,27/08/2025,207,,2025/3
39352,NOVA,SIMPLO,ELECTRA TRUCK,27/08/2025,206,,2025/3
48203,NOVA,SIMPLO,TORKS - SUSPENSÃO,27/08/2025,123A,,2025/3
48147,NOVA,SIMPLO,TORKS - FREIOS,27/08/2025,122B,,2025/3
48342,NOVA,SIMPLO,TORKS - SUSPENSÃO,27/08/2025,121C,,2025/3
48341,NOVA,SIMPLO,TORKS - FREIOS,27/08/2025,121B,,2025/3
48340,NOVA,SIMPLO,TORKS - DIREÇÃO,27/08/2025,121A,,2025/3
47131,NOVA,SIMPLO,CLIMA TRUCK,27/08/2025,188,,2025/3
47131,NOVA,SIMPLO,CLIMA CAR,27/08/2025,1232,,2025/3
46999,NOVA,SIMPLO,CLIMA CAR,27/08/2025,1231,,2025/3
48226,NOVA,SIMPLO,CLIMA CAR,27/08/2025,1230,,2025/3
46920,NOVA,SIMPLO,CLIMA CAR,27/08/2025,1229,,2025/3
44546,NOVA,SIMPLO,CLIMA CAR,27/08/2025,1228,,2025/3
48227,NOVA,SIMPLO,INJEÇÃO,27/08/2025,2265,,2025/3
47638,NOVA,SIMPLO,INJEÇÃO,27/08/2025,2264,,2025/3
48702,NOVA,HIBRIDOS,H&E - ELECTRA,27/08/2025,65,,2025/3 H&E
48645,NOVA,HIBRIDOS,H&E - AC,27/08/2025,65E,,2025/3 H&E
48645,NOVA,HIBRIDOS,H&E - AC,27/08/2025,65D,,2025/3 H&E
38066,NOVA,ELÉTRICOS,ELETRICOS - ABS,27/08/2025,35C,,2025/3 H&E
38065,NOVA,ELÉTRICOS,ELETRICOS - AC,27/08/2025,35B,,2025/3 H&E
38063,NOVA,ELÉTRICOS,ELETRICOS,27/08/2025,35A,,2025/3 H&E
37699,NOVA,HIBRIDOS,H&E - ABS,27/08/2025,70B,,2025/3 H&E
37585,NOVA,HIBRIDOS,H&E - AC,27/08/2025,70A,,2025/3 H&E
37694,NOVA,HIBRIDOS,H&E - AC,27/08/2025,69B,,2025/3 H&E
37534,NOVA,HIBRIDOS,H&E - INJEÇÃO,27/08/2025,69A,,2025/3 H&E
48845,NOVA,TRACTOR,MT PRO TRACTOR,27/08/2025,27,,2025/3 T
48844,NOVA,TRACTOR,MT PRO TRACTOR,27/08/2025,26,,2025/3 T
48292,NOVA,TRACTOR,MT PRO TRACTOR,27/08/2025,25,,2025/3 T
48285,NOVA,TRACTOR,MT PRO TRACTOR,27/08/2025,24,,2025/3 T
46807,NOVA,SIMPLO,CLIMA CAR,27/08/2025,1227,,2025/3
43085,NOVA,SIMPLO,CLIMA CAR,27/08/2025,1226,,2025/3
35251,NOVA,SIMPLO,CLIMA CAR,27/08/2025,1225,,2025/3
37289,NOVA,SIMPLO,ABS/ASR/ESP,27/08/2025,1031,,2025/3
49047,UPGRADE,SIMPLO,DIESEL,26/08/2025,393,,2025/3
47860,NOVA,SIMPLO,TORKS - SUSPENSÃO,26/08/2025,120C,,2025/3
47862,NOVA,SIMPLO,TORKS - FREIOS,26/08/2025,120B,,2025/3
47861,NOVA,SIMPLO,TORKS - DIREÇÃO,26/08/2025,120A,,2025/3
49081,UPGRADE,SIMPLO,MOTORES - LINHA LEVE,26/08/2025,841,,2025/3
49040,CORREÇÃO,SIMPLO,ELECTRA TRUCK,26/08/2025,136,,2025/3
48996,CORREÇÃO,SIMPLO,DIESEL,26/08/2025,266,,2025/3
48740,CORREÇÃO,SIMPLO,INJEÇÃO,26/08/2025,265,,2025/3
45589,UPGRADE,SIMPLO,INJEÇÃO,26/08/2025,190,,2025/3
47581,UPGRADE,HIBRIDOS,H&E - ELECTRA,26/08/2025,63,,2025/3 H&E
47516,UPGRADE,HIBRIDOS,H&E - AC,26/08/2025,63,,2025/3 H&E
47581,UPGRADE,HIBRIDOS,H&E - ELECTRA,26/08/2025,42,,2025/3 H&E
47516,UPGRADE,HIBRIDOS,H&E - AC,26/08/2025,42,,2025/3 H&E
46834,UPGRADE,HIBRIDOS,H&E - MOTORES,26/08/2025,58,,2025/3 H&E
46834,UPGRADE,HIBRIDOS,H&E - MOTORES,26/08/2025,23,,2025/3 H&E
48315,NOVA,SIMPLO,TORKS - SUSPENSÃO,26/08/2025,119C,,2025/3
48314,NOVA,SIMPLO,TORKS - FREIOS,26/08/2025,119B,,2025/3
48313,NOVA,SIMPLO,TORKS - DIREÇÃO,26/08/2025,119A,,2025/3
48194,NOVA,SIMPLO,TORKS - SUSPENSÃO,26/08/2025,118C,,2025/3
48193,NOVA,SIMPLO,TORKS - FREIOS,26/08/2025,118B,,2025/3
48192,NOVA,SIMPLO,TORKS - DIREÇÃO,26/08/2025,118A,,2025/3
46997,NOVA,SIMPLO,INJEÇÃO,26/08/2025,2263,,2025/3
46997,NOVA,SIMPLO,INJEÇÃO,26/08/2025,2262,,2025/3
46997,NOVA,SIMPLO,INJEÇÃO,26/08/2025,2261,,2025/3
34973,NOVA,SIMPLO,INJEÇÃO,26/08/2025,2260,,2025/3
37583,NOVA,SIMPLO,INJEÇÃO,26/08/2025,2259,,2025/3
37804,NOVA,SIMPLO,INJEÇÃO,26/08/2025,2258,,2025/3
37328,NOVA,SIMPLO,INJEÇÃO,26/08/2025,2257,,2025/3
33720,NOVA,SIMPLO,CLIMA CAR,26/08/2025,1224,,2025/3
33720,NOVA,SIMPLO,CLIMA CAR,26/08/2025,1223,,2025/3
47138,NOVA,SIMPLO,CLIMA CAR,26/08/2025,1222,,2025/3
37286,NOVA,SIMPLO,CLIMA CAR,26/08/2025,1221,,2025/3
37310,NOVA,SIMPLO,CLIMA CAR,26/08/2025,1220,,2025/3
37802,NOVA,SIMPLO,CLIMA CAR,26/08/2025,1219,,2025/3
37805,NOVA,SIMPLO,ABS/ASR/ESP,26/08/2025,1030,,2025/3
48965,NOVA,SIMPLO,PICO SCOPE,25/08/2025,781,,2025/3
46186,NOVA,SIMPLO,MT PRO,25/08/2025,417,,2025/3
47453,NOVA,SIMPLO,DIESEL,25/08/2025,430,,2025/3
23795,NOVA,SIMPLO,INJEÇÃO,25/08/2025,2256,,2025/3
48133,NOVA,SIMPLO,TORKS - SUSPENSÃO,25/08/2025,117C,,2025/3
48132,NOVA,SIMPLO,TORKS - FREIOS,25/08/2025,117B,,2025/3
48131,NOVA,SIMPLO,TORKS - DIREÇÃO,25/08/2025,117A,,2025/3
37852,NOVA,SIMPLO,ABS/ASR/ESP,25/08/2025,1029,,2025/3
34525,NOVA,SIMPLO,ABS/ASR/ESP,25/08/2025,1028,,2025/3
48236,NOVA,SIMPLO,TORKS - SUSPENSÃO,25/08/2025,116B,,2025/3
48235,NOVA,SIMPLO,TORKS - FREIOS,25/08/2025,116A,,2025/3
48428,NOVA,SIMPLO,TORKS - SUSPENSÃO,25/08/2025,115C,,2025/3
48427,NOVA,SIMPLO,TORKS - FREIOS,25/08/2025,115B,,2025/3
48426,NOVA,SIMPLO,TORKS - DIREÇÃO,25/08/2025,115A,,2025/3
49044,CORREÇÃO,SIMPLO,ELECTRA TRUCK,25/08/2025,170,,2025/3
49043,CORREÇÃO,SIMPLO,ELECTRA,25/08/2025,198,,2025/3
49042,UPGRADE,SIMPLO,ABS/ASR/ESP,25/08/2025,686,,2025/3
49020,UPGRADE,SIMPLO,INJEÇÃO,25/08/2025,1194,,2025/3
49041,CORREÇÃO,SIMPLO,INJEÇÃO,25/08/2025,2222,,2025/3
49063,CORREÇÃO,SIMPLO,CLIMA CAR,25/08/2025,1092,,2025/3
49046,CORREÇÃO,SIMPLO,CLIMA CAR,25/08/2025,975,,2025/3
49019,CORREÇÃO,SIMPLO,CLIMA CAR,25/08/2025,765,,2025/3
48968,UPGRADE,SIMPLO,PICO SCOPE,25/08/2025,69,,2025/3
48298,NOVA,SIMPLO,TORKS - SUSPENSÃO,25/08/2025,114C,,2025/3
48297,NOVA,SIMPLO,TORKS - FREIOS,25/08/2025,114B,,2025/3
48296,NOVA,SIMPLO,TORKS - DIREÇÃO,25/08/2025,114A,,2025/3
48145,NOVA,SIMPLO,TORKS - SUSPENSÃO,25/08/2025,113C,,2025/3
48144,NOVA,SIMPLO,TORKS - FREIOS,25/08/2025,113B,,2025/3
48143,NOVA,SIMPLO,TORKS - DIREÇÃO,25/08/2025,113A,,2025/3
48680,CORREÇÃO,SIMPLO,MOTORES - LINHA LEVE,25/08/2025,86,,2025/3
46074,UPGRADE,SIMPLO,MT PRO,25/08/2025,29,,2025/3
48434,NOVA,SIMPLO,TORKS - SUSPENSÃO,25/08/2025,112C,,2025/3
48433,NOVA,SIMPLO,TORKS - FREIOS,25/08/2025,112B,,2025/3
48432,NOVA,SIMPLO,TORKS - DIREÇÃO,25/08/2025,112A,,2025/3
48431,NOVA,SIMPLO,TORKS - SUSPENSÃO,25/08/2025,111C,,2025/3
48430,NOVA,SIMPLO,TORKS - FREIOS,25/08/2025,111B,,2025/3
48429,NOVA,SIMPLO,TORKS - DIREÇÃO,25/08/2025,111A,,2025/3
48424,NOVA,SIMPLO,TORKS - SUSPENSÃO,25/08/2025,110C,,2025/3
48423,NOVA,SIMPLO,TORKS - FREIOS,25/08/2025,110B,,2025/3
48422,NOVA,SIMPLO,TORKS - DIREÇÃO,25/08/2025,110A,,2025/3
48251,NOVA,SIMPLO,TORKS - SUSPENSÃO,25/08/2025,98C,,2025/3
48250,NOVA,SIMPLO,TORKS - FREIOS,25/08/2025,98B,,2025/3
48249,NOVA,SIMPLO,TORKS - DIREÇÃO,25/08/2025,98A,,2025/3
48403,NOVA,SIMPLO,TORKS - SUSPENSÃO,25/08/2025,109C,,2025/3
48402,NOVA,SIMPLO,TORKS - FREIOS,25/08/2025,109B,,2025/3
48401,NOVA,SIMPLO,TORKS - DIREÇÃO,25/08/2025,109A,,2025/3
48363,NOVA,SIMPLO,TORKS - SUSPENSÃO,25/08/2025,108C,,2025/3
48362,NOVA,SIMPLO,TORKS - FREIOS,25/08/2025,108B,,2025/3
48361,NOVA,SIMPLO,TORKS - DIREÇÃO,25/08/2025,108A,,2025/3
48360,NOVA,SIMPLO,TORKS - SUSPENSÃO,25/08/2025,107C,,2025/3
48359,NOVA,SIMPLO,TORKS - FREIOS,25/08/2025,107B,,2025/3
48358,NOVA,SIMPLO,TORKS - DIREÇÃO,25/08/2025,107A,,2025/3
48357,NOVA,SIMPLO,TORKS - SUSPENSÃO,25/08/2025,106C,,2025/3
48356,NOVA,SIMPLO,TORKS - FREIOS,25/08/2025,106B,,2025/3
48355,NOVA,SIMPLO,TORKS - DIREÇÃO,25/08/2025,106A,,2025/3
45972,NOVA,SIMPLO,INJEÇÃO,24/08/2025,2255,,2025/3
43446,NOVA,SIMPLO,ELECTRA TRUCK,24/08/2025,205,,2025/3
36534,NOVA,SIMPLO,ELECTRA TRUCK,24/08/2025,204,,2025/3
48354,NOVA,SIMPLO,TORKS - SUSPENSÃO,24/08/2025,105C,,2025/3
48353,NOVA,SIMPLO,TORKS - FREIOS,24/08/2025,105B,,2025/3
48352,NOVA,SIMPLO,TORKS - DIREÇÃO,24/08/2025,105A,,2025/3
48366,NOVA,SIMPLO,TORKS - SUSPENSÃO,24/08/2025,104C,,2025/3
48365,NOVA,SIMPLO,TORKS - FREIOS,24/08/2025,104B,,2025/3
48364,NOVA,SIMPLO,TORKS - DIREÇÃO,24/08/2025,104A,,2025/3
40955,NOVA,SIMPLO,ELECTRA TRUCK,24/08/2025,203,,2025/3
40955,NOVA,SIMPLO,ELECTRA,24/08/2025,327,,2025/3
48351,NOVA,SIMPLO,TORKS - SUSPENSÃO,24/08/2025,103C,,2025/3
48347,NOVA,SIMPLO,TORKS - FREIOS,24/08/2025,103B,,2025/3
48345,NOVA,SIMPLO,TORKS - DIREÇÃO,24/08/2025,103A,,2025/3
48350,NOVA,SIMPLO,TORKS - SUSPENSÃO,24/08/2025,102C,,2025/3
48349,NOVA,SIMPLO,TORKS - FREIOS,24/08/2025,102B,,2025/3
48348,NOVA,SIMPLO,TORKS - DIREÇÃO,24/08/2025,102A,,2025/3
48335,NOVA,SIMPLO,TORKS - SUSPENSÃO,24/08/2025,101C,,2025/3
48334,NOVA,SIMPLO,TORKS - FREIOS,24/08/2025,101B,,2025/3
48333,NOVA,SIMPLO,TORKS - DIREÇÃO,24/08/2025,101A,,2025/3
48338,NOVA,SIMPLO,TORKS - SUSPENSÃO,24/08/2025,100C,,2025/3
48320,NOVA,SIMPLO,TORKS - FREIOS,24/08/2025,100B,,2025/3
48319,NOVA,SIMPLO,TORKS - DIREÇÃO,24/08/2025,100A,,2025/3
48283,NOVA,SIMPLO,TORKS - SUSPENSÃO,24/08/2025,99C,,2025/3
48282,NOVA,SIMPLO,TORKS - FREIOS,24/08/2025,99B,,2025/3
48281,NOVA,SIMPLO,TORKS - DIREÇÃO,24/08/2025,99A,,2025/3
48248,NOVA,SIMPLO,TORKS - SUSPENSÃO,24/08/2025,97C,,2025/3
48247,NOVA,SIMPLO,TORKS - FREIOS,24/08/2025,97B,,2025/3
48246,NOVA,SIMPLO,TORKS - DIREÇÃO,24/08/2025,97A,,2025/3
48245,NOVA,SIMPLO,TORKS - SUSPENSÃO,24/08/2025,96C,,2025/3
48244,NOVA,SIMPLO,TORKS - FREIOS,24/08/2025,96B,,2025/3
48243,NOVA,SIMPLO,TORKS - DIREÇÃO,24/08/2025,96A,,2025/3
48242,NOVA,SIMPLO,TORKS - SUSPENSÃO,24/08/2025,95C,,2025/3
48241,NOVA,SIMPLO,TORKS - FREIOS,24/08/2025,95B,,2025/3
48240,NOVA,SIMPLO,TORKS - DIREÇÃO,24/08/2025,95A,,2025/3
48239,NOVA,SIMPLO,TORKS - SUSPENSÃO,24/08/2025,94C,,2025/3
48238,NOVA,SIMPLO,TORKS - FREIOS,24/08/2025,94B,,2025/3
48237,NOVA,SIMPLO,TORKS - DIREÇÃO,24/08/2025,94A,,2025/3
48218,NOVA,SIMPLO,TORKS - SUSPENSÃO,24/08/2025,93C,,2025/3
48217,NOVA,SIMPLO,TORKS - FREIOS,24/08/2025,93B,,2025/3
48216,NOVA,SIMPLO,TORKS - DIREÇÃO,24/08/2025,93A,,2025/3
48215,NOVA,SIMPLO,TORKS - SUSPENSÃO,24/08/2025,92C,,2025/3
48214,NOVA,SIMPLO,TORKS - FREIOS,24/08/2025,92B,,2025/3
48213,NOVA,SIMPLO,TORKS - DIREÇÃO,24/08/2025,92A,,2025/3
48182,NOVA,SIMPLO,TORKS - SUSPENSÃO,24/08/2025,91C,,2025/3
48181,NOVA,SIMPLO,TORKS - FREIOS,24/08/2025,91B,,2025/3
48180,NOVA,SIMPLO,TORKS - DIREÇÃO,24/08/2025,91A,,2025/3
48091,NOVA,SIMPLO,TORKS - SUSPENSÃO,24/08/2025,90C,,2025/3
48090,NOVA,SIMPLO,TORKS - FREIOS,24/08/2025,90B,,2025/3
48089,NOVA,SIMPLO,TORKS - DIREÇÃO,24/08/2025,90A,,2025/3
46894,NOVA,TRACTOR,ELECTRA TRACTOR,22/08/2025,130,,2025/3 T
47995,NOVA,SIMPLO,TORKS - SUSPENSÃO,22/08/2025,89C,,2025/3
47994,NOVA,SIMPLO,TORKS - FREIOS,22/08/2025,89B,,2025/3
47993,NOVA,SIMPLO,TORKS - DIREÇÃO,22/08/2025,89A,,2025/3
47120,NOVA,SIMPLO,DIESEL,22/08/2025,429,,2025/3
47119,NOVA,SIMPLO,DIESEL,22/08/2025,428,,2025/3
47988,NOVA,SIMPLO,TORKS - SUSPENSÃO,22/08/2025,88C,,2025/3
47987,NOVA,SIMPLO,TORKS - FREIOS,22/08/2025,88B,,2025/3
47986,NOVA,SIMPLO,TORKS - DIREÇÃO,22/08/2025,88A,,2025/3
48233,NOVA,SIMPLO,TORKS - SUSPENSÃO,22/08/2025,87C,,2025/3
48232,NOVA,SIMPLO,TORKS - FREIOS,22/08/2025,87B,,2025/3
48231,NOVA,SIMPLO,TORKS - DIREÇÃO,22/08/2025,87A,,2025/3
48076,NOVA,SIMPLO,TORKS - SUSPENSÃO,22/08/2025,86C,,2025/3
48075,NOVA,SIMPLO,TORKS - FREIOS,22/08/2025,86B,,2025/3
48074,NOVA,SIMPLO,TORKS - DIREÇÃO,22/08/2025,86A,,2025/3
48071,NOVA,SIMPLO,TORKS - SUSPENSÃO,22/08/2025,85C,,2025/3
48070,NOVA,SIMPLO,TORKS - FREIOS,22/08/2025,85B,,2025/3
48069,NOVA,SIMPLO,TORKS - DIREÇÃO,22/08/2025,85A,,2025/3
48030,NOVA,SIMPLO,TORKS - SUSPENSÃO,22/08/2025,84C,,2025/3
48029,NOVA,SIMPLO,TORKS - FREIOS,22/08/2025,84B,,2025/3
48028,NOVA,SIMPLO,TORKS - DIREÇÃO,22/08/2025,84A,,2025/3
48019,NOVA,SIMPLO,TORKS - SUSPENSÃO,22/08/2025,83C,,2025/3
48018,NOVA,SIMPLO,TORKS - FREIOS,22/08/2025,83B,,2025/3
48017,NOVA,SIMPLO,TORKS - DIREÇÃO,22/08/2025,83A,,2025/3
48016,NOVA,SIMPLO,TORKS - SUSPENSÃO,22/08/2025,82C,,2025/3
48015,NOVA,SIMPLO,TORKS - FREIOS,22/08/2025,82B,,2025/3
48014,NOVA,SIMPLO,TORKS - DIREÇÃO,22/08/2025,82A,,2025/3
47991,NOVA,SIMPLO,TORKS - SUSPENSÃO,22/08/2025,81C,,2025/3
47990,NOVA,SIMPLO,TORKS - FREIOS,22/08/2025,81B,,2025/3
47989,NOVA,SIMPLO,TORKS - DIREÇÃO,22/08/2025,81A,,2025/3
47985,NOVA,SIMPLO,TORKS - SUSPENSÃO,22/08/2025,80C,,2025/3
47982,NOVA,SIMPLO,TORKS - FREIOS,22/08/2025,80B,,2025/3
47981,NOVA,SIMPLO,TORKS - DIREÇÃO,22/08/2025,80A,,2025/3
47980,NOVA,SIMPLO,TORKS - SUSPENSÃO,22/08/2025,79C,,2025/3
47979,NOVA,SIMPLO,TORKS - FREIOS,22/08/2025,79B,,2025/3
47978,NOVA,SIMPLO,TORKS - DIREÇÃO,22/08/2025,79A,,2025/3
47962,NOVA,SIMPLO,TORKS - SUSPENSÃO,22/08/2025,78C,,2025/3
47961,NOVA,SIMPLO,TORKS - FREIOS,22/08/2025,78B,,2025/3
47960,NOVA,SIMPLO,TORKS - DIREÇÃO,22/08/2025,78A,,2025/3
47893,NOVA,SIMPLO,TORKS - SUSPENSÃO,22/08/2025,77C,,2025/3
47892,NOVA,SIMPLO,TORKS - FREIOS,22/08/2025,77B,,2025/3
47891,NOVA,SIMPLO,TORKS - DIREÇÃO,22/08/2025,77A,,2025/3
48505,CORREÇÃO,SIMPLO,DIESEL,22/08/2025,172,,2025/3
49039,UPGRADE,SIMPLO,CÂMBIO,22/08/2025,101,,2025/3
48407,NOVA,SIMPLO,TORKS - SUSPENSÃO,21/08/2025,76C,,2025/3
48406,NOVA,SIMPLO,TORKS - FREIOS,21/08/2025,76B,,2025/3
48405,NOVA,SIMPLO,TORKS - DIREÇÃO,21/08/2025,76A,,2025/3
48400,NOVA,SIMPLO,TORKS - SUSPENSÃO,21/08/2025,75C,,2025/3
48399,NOVA,SIMPLO,TORKS - FREIOS,21/08/2025,75B,,2025/3
48398,NOVA,SIMPLO,TORKS - DIREÇÃO,21/08/2025,75A,,2025/3
49004,CORREÇÃO,SIMPLO,LUBRITEC,21/08/2025,5239,,2025/3
48972,CORREÇÃO,SIMPLO,LUBRITEC,21/08/2025,867,,2025/3
48762,CORREÇÃO,SIMPLO,LUBRITEC,21/08/2025,4376,,2025/3
48712,CORREÇÃO,SIMPLO,LUBRITEC,21/08/2025,4375,,2025/3
48694,CORREÇÃO,SIMPLO,LUBRITEC,21/08/2025,4374,,2025/3
48695,CORREÇÃO,SIMPLO,LUBRITEC,21/08/2025,914,,2025/3
48691,CORREÇÃO,SIMPLO,LUBRITEC,21/08/2025,913,,2025/3
48618,CORREÇÃO,SIMPLO,LUBRITEC,21/08/2025,2978,,2025/3
48230,UPGRADE,SIMPLO,LUBRITEC,21/08/2025,2553,,2025/3
47673,NOVA,SIMPLO,PICO SCOPE,21/08/2025,780,,2025/3
47672,NOVA,SIMPLO,MT PRO,21/08/2025,416,,2025/3
49031,UPGRADE,SIMPLO,DIESEL,21/08/2025,400,,2025/3
49030,UPGRADE,SIMPLO,CLIMA TRUCK,21/08/2025,143,,2025/3
49025,UPGRADE,SIMPLO,ABS/ASR/ESP,21/08/2025,877,,2025/3
49028,UPGRADE,SIMPLO,TORKS - FREIOS,21/08/2025,55B,,2025/3
49027,UPGRADE,SIMPLO,TORKS - DIREÇÃO,21/08/2025,55A,,2025/3
49026,UPGRADE,SIMPLO,TORKS - SUSPENSÃO,21/08/2025,55C,,2025/3
48991,CORREÇÃO,SIMPLO,ELECTRA TRUCK,21/08/2025,191,,2025/3
48990,UPGRADE,SIMPLO,TORKS - FREIOS,21/08/2025,27B,,2025/3
48989,UPGRADE,SIMPLO,TORKS - DIREÇÃO,21/08/2025,27A,,2025/3
48988,UPGRADE,SIMPLO,TORKS - SUSPENSÃO,21/08/2025,27C,,2025/3
49008,UPGRADE,SIMPLO,CLIMA CAR,21/08/2025,549,,2025/3
49003,UPGRADE,SIMPLO,LOCAR,21/08/2025,295,,2025/3
48975,CORREÇÃO,SIMPLO,MOTORES - LINHA LEVE,21/08/2025,1367,,2025/3
46977,UPGRADE,SIMPLO,PICO SCOPE,21/08/2025,503,,2025/3
46977,UPGRADE,SIMPLO,SCOPE TRUCK (PICO SCOPE),21/08/2025,503,,2025/3
48999,CORREÇÃO,SIMPLO,CÂMBIO TRUCK,21/08/2025,202,,2025/3
48999,CORREÇÃO,SIMPLO,CÂMBIO,21/08/2025,202,,2025/3
33311,UPGRADE,SIMPLO,CÂMBIO,21/08/2025,109,,2025/3
33311,UPGRADE,SIMPLO,ELECTRA,21/08/2025,220,,2025/3
47327,NOVA,SIMPLO,CÂMBIO,20/08/2025,244A,,2025/3
47327,UPGRADE,SIMPLO,ELECTRA,20/08/2025,314,,2025/3
37256,NOVA,HIBRIDOS,H&E - ELECTRA,20/08/2025,68,,2025/3 H&E
47513,NOVA,HIBRIDOS,H&E - ELECTRA,20/08/2025,66,,2025/3 H&E
43272,NOVA,SIMPLO,CÂMBIO TRUCK,20/08/2025,243A,,2025/3
43272,NOVA,SIMPLO,ELECTRA TRUCK,20/08/2025,202,,2025/3
47584,NOVA,SIMPLO,SCOPE TRUCK (MT PRO),19/08/2025,415,,2025/3
47584,NOVA,SIMPLO,MT PRO,19/08/2025,415,,2025/3
47838,NOVA,SIMPLO,CÂMBIO,19/08/2025,242B,,2025/3
47838,NOVA,SIMPLO,CÂMBIO,19/08/2025,242A,,2025/3
47838,NOVA,SIMPLO,ELECTRA,19/08/2025,326,,2025/3
48302,NOVA,SIMPLO,MT PRO,19/08/2025,324,,2025/3
46116,NOVA,SIMPLO,MT PRO,19/08/2025,304,,2025/3
47743,UPGRADE,SIMPLO,DIESEL,19/08/2025,410,,2025/3
48332,NOVA,SIMPLO,TORKS - SUSPENSÃO,19/08/2025,74C,,2025/3
48331,NOVA,SIMPLO,TORKS - FREIOS,19/08/2025,74B,,2025/3
48330,NOVA,SIMPLO,TORKS - DIREÇÃO,19/08/2025,74A,,2025/3
48323,NOVA,SIMPLO,TORKS - SUSPENSÃO,19/08/2025,73C,,2025/3
48322,NOVA,SIMPLO,TORKS - FREIOS,19/08/2025,73B,,2025/3
48321,NOVA,SIMPLO,TORKS - DIREÇÃO,19/08/2025,73A,,2025/3
47710,UPGRADE,SIMPLO,DIESEL,19/08/2025,375,,2025/3
47666,UPGRADE,SIMPLO,DIESEL,19/08/2025,336,,2025/3
47501,UPGRADE,SIMPLO,INJEÇÃO,19/08/2025,2216,,2025/3
45914,UPGRADE,SIMPLO,INJEÇÃO,19/08/2025,1747,,2025/3
45736,UPGRADE,SIMPLO,INJEÇÃO,19/08/2025,1474,,2025/3
45718,UPGRADE,SIMPLO,INJEÇÃO,19/08/2025,1405,,2025/3
49007,CORREÇÃO,SIMPLO,INJEÇÃO,19/08/2025,2096,,2025/3
49006,CORREÇÃO,SIMPLO,INJEÇÃO,19/08/2025,2089,,2025/3
48801,NOVA,SIMPLO,PICO SCOPE,19/08/2025,694,,2025/3
48903,NOVA,SIMPLO,PICO SCOPE,19/08/2025,687,,2025/3
47133,NOVA,SIMPLO,CÂMBIO,18/08/2025,241A,,2025/3
47133,NOVA,SIMPLO,CÂMBIO,18/08/2025,240A,,2025/3
47135,NOVA,SIMPLO,ABS/ASR/ESP,18/08/2025,1027,,2025/3
47132,NOVA,SIMPLO,DIESEL,18/08/2025,427,,2025/3
45602,NOVA,SIMPLO,DIESEL,18/08/2025,426,,2025/3
38028,NOVA,SIMPLO,CÂMBIO,16/08/2025,239A,,2025/3
38028,NOVA,SIMPLO,ELECTRA,16/08/2025,325,,2025/3
43451,NOVA,HIBRIDOS,H&E - MOTORES,16/08/2025,67A,,2025/3 H&E
47511,NOVA,HIBRIDOS,H&E - AC,16/08/2025,66A,,2025/3 H&E
47632,NOVA,SIMPLO,DIESEL,16/08/2025,425,,2025/3
48375,NOVA,SIMPLO,SCOPE TRUCK (PICO SCOPE),16/08/2025,779,,2025/3
48375,NOVA,SIMPLO,PICO SCOPE,16/08/2025,779,,2025/3
48294,NOVA,SIMPLO,TORKS - SUSPENSÃO,16/08/2025,72C,,2025/3
48293,NOVA,SIMPLO,TORKS - FREIOS,16/08/2025,72B,,2025/3
48291,NOVA,SIMPLO,TORKS - DIREÇÃO,16/08/2025,72A,,2025/3
48918,CORREÇÃO,SIMPLO,ELECTRA,15/08/2025,288,,2025/3
48437,UPGRADE,TRACTOR,INJEÇÃO TRACTOR,15/08/2025,16,,2025/3 T
48854,NOVA,SIMPLO,INJEÇÃO,15/08/2025,2254,,2025/3
47913,NOVA,SIMPLO,INJEÇÃO,15/08/2025,2253,,2025/3
37305,NOVA,SIMPLO,ABS/ASR/ESP,15/08/2025,1026,,2025/3
48956,UPGRADE,SIMPLO,MOTORES - LINHA LEVE,15/08/2025,1227,,2025/3
45727,UPGRADE,SIMPLO,INJEÇÃO,15/08/2025,1631,,2025/3
48713,UPGRADE,SIMPLO,PICO SCOPE,15/08/2025,640,,2025/3
48172,UPGRADE,SIMPLO,PICO SCOPE,15/08/2025,398,,2025/3
48973,CORREÇÃO,SIMPLO,INJEÇÃO,15/08/2025,2089,,2025/3
48959,UPGRADE,SIMPLO,INJEÇÃO,15/08/2025,1635,,2025/3
48946,UPGRADE,SIMPLO,INJEÇÃO,15/08/2025,1631,,2025/3
45702,UPGRADE,SIMPLO,INJEÇÃO,15/08/2025,1320,,2025/3
45608,UPGRADE,SIMPLO,CÓDIGO DE FALHAS,15/08/2025,673,,2025/3
47828,NOVA,SIMPLO,TORKS - SUSPENSÃO,15/08/2025,71C,,2025/3
47830,NOVA,SIMPLO,TORKS - FREIOS,15/08/2025,71B,,2025/3
47829,NOVA,SIMPLO,TORKS - DIREÇÃO,15/08/2025,71A,,2025/3
48280,NOVA,SIMPLO,TORKS - SUSPENSÃO,15/08/2025,70C,,2025/3
48279,NOVA,SIMPLO,TORKS - FREIOS,15/08/2025,70B,,2025/3
48278,NOVA,SIMPLO,TORKS - DIREÇÃO,15/08/2025,70A,,2025/3
48277,NOVA,SIMPLO,TORKS - SUSPENSÃO,15/08/2025,69C,,2025/3
48276,NOVA,SIMPLO,TORKS - FREIOS,15/08/2025,69B,,2025/3
48275,NOVA,SIMPLO,TORKS - DIREÇÃO,15/08/2025,69A,,2025/3
48274,NOVA,SIMPLO,TORKS - SUSPENSÃO,15/08/2025,68C,,2025/3
48273,NOVA,SIMPLO,TORKS - FREIOS,15/08/2025,68B,,2025/3
48272,NOVA,SIMPLO,TORKS - DIREÇÃO,15/08/2025,68A,,2025/3
48271,NOVA,SIMPLO,TORKS - SUSPENSÃO,15/08/2025,67C,,2025/3
48270,NOVA,SIMPLO,TORKS - FREIOS,15/08/2025,67B,,2025/3
48269,NOVA,SIMPLO,TORKS - DIREÇÃO,15/08/2025,67A,,2025/3
48130,NOVA,SIMPLO,TORKS - SUSPENSÃO,15/08/2025,66C,,2025/3
48129,NOVA,SIMPLO,TORKS - FREIOS,15/08/2025,66B,,2025/3
48128,NOVA,SIMPLO,TORKS - DIREÇÃO,15/08/2025,66A,,2025/3
48068,NOVA,SIMPLO,TORKS - SUSPENSÃO,15/08/2025,65C,,2025/3
48067,NOVA,SIMPLO,TORKS - FREIOS,15/08/2025,65B,,2025/3
48066,NOVA,SIMPLO,TORKS - DIREÇÃO,15/08/2025,65A,,2025/3
48062,NOVA,SIMPLO,TORKS - SUSPENSÃO,15/08/2025,64C,,2025/3
48061,NOVA,SIMPLO,TORKS - FREIOS,15/08/2025,64B,,2025/3
48060,NOVA,SIMPLO,TORKS - DIREÇÃO,15/08/2025,64A,,2025/3
38012,NOVA,SIMPLO,ELECTRA TRUCK,14/08/2025,201,,2025/3
38012,NOVA,SIMPLO,ELECTRA,14/08/2025,324,,2025/3
39546,NOVA,SIMPLO,ELECTRA TRUCK,14/08/2025,200,,2025/3
47139,NOVA,SIMPLO,CÂMBIO TRUCK,14/08/2025,238,,2025/3
47139,NOVA,SIMPLO,CÂMBIO,14/08/2025,238,,2025/3
47128,NOVA,SIMPLO,CÂMBIO,14/08/2025,237,,2025/3
47124,NOVA,SIMPLO,CÂMBIO,14/08/2025,236,,2025/3
44544,NOVA,SIMPLO,ABS/ASR/ESP,14/08/2025,1025,,2025/3
48266,NOVA,SIMPLO,TORKS - SUSPENSÃO,14/08/2025,63C,,2025/3
48265,NOVA,SIMPLO,TORKS - FREIOS,14/08/2025,63B,,2025/3
48264,NOVA,SIMPLO,TORKS - DIREÇÃO,14/08/2025,63A,,2025/3
48053,NOVA,SIMPLO,TORKS - SUSPENSÃO,14/08/2025,30C,,2025/3
48052,NOVA,SIMPLO,TORKS - FREIOS,14/08/2025,30B,,2025/3
48051,NOVA,SIMPLO,TORKS - DIREÇÃO,14/08/2025,30A,,2025/3
48263,NOVA,SIMPLO,TORKS - SUSPENSÃO,14/08/2025,62C,,2025/3
48262,NOVA,SIMPLO,TORKS - FREIOS,14/08/2025,62B,,2025/3
48261,NOVA,SIMPLO,TORKS - DIREÇÃO,14/08/2025,62A,,2025/3
48059,NOVA,SIMPLO,TORKS - SUSPENSÃO,14/08/2025,61C,,2025/3
48058,NOVA,SIMPLO,TORKS - FREIOS,14/08/2025,61B,,2025/3
48057,NOVA,SIMPLO,TORKS - DIREÇÃO,14/08/2025,61A,,2025/3
47866,NOVA,SIMPLO,TORKS - SUSPENSÃO,14/08/2025,60C,,2025/3
47868,NOVA,SIMPLO,TORKS - FREIOS,14/08/2025,60B,,2025/3
47867,NOVA,SIMPLO,TORKS - DIREÇÃO,14/08/2025,60A,,2025/3
48329,NOVA,SIMPLO,TORKS - SUSPENSÃO,14/08/2025,59C,,2025/3
48328,NOVA,SIMPLO,TORKS - FREIOS,14/08/2025,59B,,2025/3
48327,NOVA,SIMPLO,TORKS - DIREÇÃO,14/08/2025,59A,,2025/3
48326,NOVA,SIMPLO,TORKS - SUSPENSÃO,14/08/2025,58C,,2025/3
48325,NOVA,SIMPLO,TORKS - FREIOS,14/08/2025,58B,,2025/3
48324,NOVA,SIMPLO,TORKS - DIREÇÃO,14/08/2025,58A,,2025/3
48312,NOVA,SIMPLO,TORKS - SUSPENSÃO,14/08/2025,57C,,2025/3
48310,NOVA,SIMPLO,TORKS - FREIOS,14/08/2025,57B,,2025/3
48309,NOVA,SIMPLO,TORKS - DIREÇÃO,14/08/2025,57A,,2025/3
48305,NOVA,SIMPLO,TORKS - SUSPENSÃO,14/08/2025,56C,,2025/3
48304,NOVA,SIMPLO,TORKS - FREIOS,14/08/2025,56B,,2025/3
48303,NOVA,SIMPLO,TORKS - DIREÇÃO,14/08/2025,56A,,2025/3
37584,NOVA,SIMPLO,ABS/ASR/ESP,14/08/2025,1023,,2025/3
48917,UPGRADE,SIMPLO,INJEÇÃO,14/08/2025,2057,,2025/3
47010,NOVA,SIMPLO,TORKS - SUSPENSÃO,14/08/2025,55C,,2025/3
47010,NOVA,SIMPLO,TORKS - FREIOS,14/08/2025,55B,,2025/3
47010,NOVA,SIMPLO,TORKS - DIREÇÃO,14/08/2025,55A,,2025/3
46025,NOVA,SIMPLO,SCOPE TRUCK (MT PRO),13/08/2025,414,,2025/3
46025,NOVA,SIMPLO,MT PRO,13/08/2025,414,,2025/3
48714,NOVA,SIMPLO,PICO SCOPE,13/08/2025,778,,2025/3
45978,NOVA,SIMPLO,MT PRO,13/08/2025,413,,2025/3
48909,UPGRADE,SIMPLO,INJEÇÃO,13/08/2025,1314,,2025/3
48906,UPGRADE,SIMPLO,INJEÇÃO,13/08/2025,1313,,2025/3
48905,UPGRADE,SIMPLO,INJEÇÃO,13/08/2025,1808,,2025/3
48904,UPGRADE,SIMPLO,INJEÇÃO,13/08/2025,1309,,2025/3
47660,UPGRADE,SIMPLO,MOTORES - LINHA LEVE,13/08/2025,1004,,2025/3
47637,UPGRADE,SIMPLO,MOTORES - LINHA LEVE,13/08/2025,1252,,2025/3
47523,UPGRADE,SIMPLO,PICO SCOPE,13/08/2025,681,,2025/3
47484,UPGRADE,SIMPLO,PICO SCOPE,13/08/2025,510,,2025/3
45302,UPGRADE,SIMPLO,ABS/ASR/ESP,13/08/2025,903,,2025/3
47938,NOVA,SIMPLO,INJEÇÃO,13/08/2025,2252,,2025/3
45971,NOVA,SIMPLO,INJEÇÃO,13/08/2025,2251,,2025/3
24535,NOVA,SIMPLO,INJEÇÃO,13/08/2025,2250,,2025/3
48103,NOVA,SIMPLO,TORKS - SUSPENSÃO,13/08/2025,54B,,2025/3
48101,NOVA,SIMPLO,TORKS - DIREÇÃO,13/08/2025,54A,,2025/3
48038,NOVA,SIMPLO,TORKS - SUSPENSÃO,13/08/2025,53C,,2025/3
48040,NOVA,SIMPLO,TORKS - FREIOS,13/08/2025,53B,,2025/3
48039,NOVA,SIMPLO,TORKS - DIREÇÃO,13/08/2025,53A,,2025/3
48127,NOVA,SIMPLO,TORKS - SUSPENSÃO,13/08/2025,52C,,2025/3
48126,NOVA,SIMPLO,TORKS - FREIOS,13/08/2025,52B,,2025/3
48125,NOVA,SIMPLO,TORKS - DIREÇÃO,13/08/2025,52A,,2025/3
48124,NOVA,SIMPLO,TORKS - SUSPENSÃO,13/08/2025,51C,,2025/3
48123,NOVA,SIMPLO,TORKS - FREIOS,13/08/2025,51B,,2025/3
48122,NOVA,SIMPLO,TORKS - DIREÇÃO,13/08/2025,51A,,2025/3
47655,NOVA,SIMPLO,ABS/ASR/ESP,13/08/2025,1024,,2025/3
47654,NOVA,SIMPLO,INJEÇÃO,13/08/2025,2249,,2025/3
47656,NOVA,SIMPLO,CLIMA CAR,13/08/2025,1218,,2025/3
32894,NOVA,SIMPLO,CLIMA CAR,13/08/2025,1217,,2025/3
37586,NOVA,SIMPLO,CLIMA CAR,13/08/2025,1216,,2025/3
37581,NOVA,SIMPLO,CLIMA CAR,13/08/2025,1215,,2025/3
37313,NOVA,SIMPLO,ABS/ASR/ESP,13/08/2025,1022,,2025/3
37317,NOVA,SIMPLO,ABS/ASR/ESP,13/08/2025,1021,,2025/3
37316,NOVA,SIMPLO,INJEÇÃO,13/08/2025,2248,,2025/3
37314,NOVA,SIMPLO,CLIMA CAR,13/08/2025,1214,,2025/3
47763,NOVA,SIMPLO,TORKS - SUSPENSÃO,12/08/2025,50C,,2025/3
47765,NOVA,SIMPLO,TORKS - FREIOS,12/08/2025,50B,,2025/3
47764,NOVA,SIMPLO,TORKS - DIREÇÃO,12/08/2025,50A,,2025/3
48899,UPGRADE,SIMPLO,INJEÇÃO,12/08/2025,1884,,2025/3
47760,NOVA,SIMPLO,TORKS - SUSPENSÃO,12/08/2025,49C,,2025/3
47762,NOVA,SIMPLO,TORKS - FREIOS,12/08/2025,49B,,2025/3
47761,NOVA,SIMPLO,TORKS - DIREÇÃO,12/08/2025,49A,,2025/3
48896,UPGRADE,SIMPLO,INJEÇÃO,12/08/2025,1345,,2025/3
48893,UPGRADE,SIMPLO,INJEÇÃO,12/08/2025,1310,,2025/3
48864,UPGRADE,SIMPLO,INJEÇÃO,12/08/2025,1308,,2025/3
48850,UPGRADE,SIMPLO,INJEÇÃO,12/08/2025,1265,,2025/3
48676,CORREÇÃO,SIMPLO,INJEÇÃO,12/08/2025,1660,,2025/3
48377,CORREÇÃO,SIMPLO,INJEÇÃO,12/08/2025,989,,2025/3
47697,UPGRADE,SIMPLO,INJEÇÃO,12/08/2025,1694,,2025/3
48902,UPGRADE,SIMPLO,ABS/ASR/ESP,12/08/2025,1012,,2025/3
48509,UPGRADE,SIMPLO,PICO SCOPE,12/08/2025,60,,2025/3
48892,CORREÇÃO,SIMPLO,DIESEL,12/08/2025,303,,2025/3
47550,UPGRADE,SIMPLO,DIESEL,12/08/2025,267,,2025/3
48746,UPGRADE,SIMPLO,ELECTRA,12/08/2025,86,,2025/3
47277,UPGRADE,SIMPLO,ELECTRA,12/08/2025,311,,2025/3
45899,UPGRADE,SIMPLO,MT PRO,12/08/2025,249,,2025/3
45588,UPGRADE,SIMPLO,CLIMA CAR,12/08/2025,656,,2025/3
47480,UPGRADE,SIMPLO,MOTORES - LINHA LEVE,11/08/2025,1298,,2025/3
43700,UPGRADE,SIMPLO,MOTORES - LINHA LEVE,11/08/2025,1477,,2025/3
47732,NOVA,SIMPLO,CÂMBIO,11/08/2025,235C,,2025/3
47482,NOVA,SIMPLO,CÂMBIO,11/08/2025,235B,,2025/3
47336,NOVA,SIMPLO,CÂMBIO,11/08/2025,235A,,2025/3
47731,NOVA,SIMPLO,CÂMBIO,11/08/2025,234C,,2025/3
47481,NOVA,SIMPLO,CÂMBIO,11/08/2025,234B,,2025/3
47335,NOVA,SIMPLO,CÂMBIO,11/08/2025,234A,,2025/3
48803,UPGRADE,SIMPLO,MOTORES - LINHA LEVE,11/08/2025,1477,,2025/3
48142,NOVA,SIMPLO,TORKS - SUSPENSÃO,11/08/2025,48C,,2025/3
48141,NOVA,SIMPLO,TORKS - FREIOS,11/08/2025,48B,,2025/3
48140,NOVA,SIMPLO,TORKS - DIREÇÃO,11/08/2025,48A,,2025/3
48139,NOVA,SIMPLO,TORKS - SUSPENSÃO,11/08/2025,47C,,2025/3
48138,NOVA,SIMPLO,TORKS - FREIOS,11/08/2025,47B,,2025/3
48137,NOVA,SIMPLO,TORKS - DIREÇÃO,11/08/2025,47A,,2025/3
48023,NOVA,SIMPLO,TORKS - SUSPENSÃO,11/08/2025,46C,,2025/3
48022,NOVA,SIMPLO,TORKS - FREIOS,11/08/2025,46B,,2025/3
48021,NOVA,SIMPLO,TORKS - DIREÇÃO,11/08/2025,46A,,2025/3
48026,NOVA,SIMPLO,TORKS - SUSPENSÃO,10/08/2025,45C,,2025/3
48025,NOVA,SIMPLO,TORKS - FREIOS,10/08/2025,45B,,2025/3
48024,NOVA,SIMPLO,TORKS - DIREÇÃO,10/08/2025,45A,,2025/3
47639,NOVA,SIMPLO,INJEÇÃO,10/08/2025,2247,,2025/3
47641,NOVA,SIMPLO,CLIMA CAR,10/08/2025,1213,,2025/3
47640,NOVA,SIMPLO,ABS/ASR/ESP,10/08/2025,1020,,2025/3
47977,NOVA,SIMPLO,TORKS - SUSPENSÃO,10/08/2025,44C,,2025/3
47976,NOVA,SIMPLO,TORKS - FREIOS,10/08/2025,44B,,2025/3
47975,NOVA,SIMPLO,TORKS - DIREÇÃO,10/08/2025,44A,,2025/3
47901,NOVA,SIMPLO,TORKS - SUSPENSÃO,10/08/2025,43C,,2025/3
47903,NOVA,SIMPLO,TORKS - FREIOS,10/08/2025,43B,,2025/3
47902,NOVA,SIMPLO,TORKS - DIREÇÃO,10/08/2025,43A,,2025/3
47894,NOVA,SIMPLO,TORKS - SUSPENSÃO,10/08/2025,42C,,2025/3
47896,NOVA,SIMPLO,TORKS - FREIOS,10/08/2025,42B,,2025/3
47895,NOVA,SIMPLO,TORKS - DIREÇÃO,10/08/2025,42A,,2025/3
48004,NOVA,SIMPLO,TORKS - SUSPENSÃO,09/08/2025,41C,,2025/3
48003,NOVA,SIMPLO,TORKS - FREIOS,09/08/2025,41B,,2025/3
48002,NOVA,SIMPLO,TORKS - DIREÇÃO,09/08/2025,41A,,2025/3
47998,NOVA,SIMPLO,TORKS - SUSPENSÃO,09/08/2025,40C,,2025/3
47997,NOVA,SIMPLO,TORKS - FREIOS,09/08/2025,40B,,2025/3
47996,NOVA,SIMPLO,TORKS - DIREÇÃO,09/08/2025,40A,,2025/3
48013,NOVA,SIMPLO,TORKS - SUSPENSÃO,09/08/2025,13C,,2025/3
48012,NOVA,SIMPLO,TORKS - FREIOS,09/08/2025,13B,,2025/3
48011,NOVA,SIMPLO,TORKS - DIREÇÃO,09/08/2025,13A,,2025/3
47959,NOVA,SIMPLO,TORKS - SUSPENSÃO,09/08/2025,02C,,2025/3
47958,NOVA,SIMPLO,TORKS - FREIOS,09/08/2025,02B,,2025/3
47957,NOVA,SIMPLO,TORKS - DIREÇÃO,09/08/2025,02A,,2025/3
48106,NOVA,SIMPLO,TORKS - SUSPENSÃO,09/08/2025,39C,,2025/3
48105,NOVA,SIMPLO,TORKS - FREIOS,09/08/2025,39B,,2025/3
48104,NOVA,SIMPLO,TORKS - DIREÇÃO,09/08/2025,39A,,2025/3
48100,NOVA,SIMPLO,TORKS - SUSPENSÃO,08/08/2025,38C,,2025/3
48099,NOVA,SIMPLO,TORKS - FREIOS,08/08/2025,38B,,2025/3
48098,NOVA,SIMPLO,TORKS - DIREÇÃO,08/08/2025,38A,,2025/3
48254,NOVA,SIMPLO,TORKS - SUSPENSÃO,08/08/2025,37C,,2025/3
48253,NOVA,SIMPLO,TORKS - FREIOS,08/08/2025,37B,,2025/3
48252,NOVA,SIMPLO,TORKS - DIREÇÃO,08/08/2025,37A,,2025/3
48257,NOVA,SIMPLO,TORKS - SUSPENSÃO,08/08/2025,36C,,2025/3
48256,NOVA,SIMPLO,TORKS - FREIOS,08/08/2025,36B,,2025/3
48255,NOVA,SIMPLO,TORKS - DIREÇÃO,08/08/2025,36A,,2025/3
48260,NOVA,SIMPLO,TORKS - SUSPENSÃO,08/08/2025,35C,,2025/3
48259,NOVA,SIMPLO,TORKS - FREIOS,08/08/2025,35B,,2025/3
48258,NOVA,SIMPLO,TORKS - DIREÇÃO,08/08/2025,35A,,2025/3
48510,NOVA,SIMPLO,PICO SCOPE,08/08/2025,745,,2025/3
48010,NOVA,SIMPLO,TORKS - SUSPENSÃO,08/08/2025,34C,,2025/3
48009,NOVA,SIMPLO,TORKS - FREIOS,08/08/2025,34B,,2025/3
48008,NOVA,SIMPLO,TORKS - DIREÇÃO,08/08/2025,34A,,2025/3
47974,NOVA,SIMPLO,TORKS - SUSPENSÃO,08/08/2025,33C,,2025/3
47973,NOVA,SIMPLO,TORKS - FREIOS,08/08/2025,33B,,2025/3
47972,NOVA,SIMPLO,TORKS - DIREÇÃO,08/08/2025,33A,,2025/3
48805,UPGRADE,SIMPLO,SINCRO - CORRENTES,06/08/2025,1054,,2025/3
48827,CORREÇÃO,SIMPLO,INJEÇÃO,06/08/2025,1564,,2025/3
47826,CORREÇÃO,SIMPLO,INJEÇÃO,06/08/2025,1498,,2025/3
48829,NOVA,HIBRIDOS,H&E - ABS,06/08/2025,65C,,2025/3 H&E
48644,NOVA,HIBRIDOS,H&E - ABS,06/08/2025,65B,,2025/3 H&E
47937,NOVA,HIBRIDOS,H&E - INJEÇÃO,06/08/2025,65A,,2025/3 H&E
47237,UPGRADE,SIMPLO,INJEÇÃO,06/08/2025,2205,,2025/3
47237,UPGRADE,SIMPLO,INJEÇÃO,06/08/2025,2204,,2025/3
44466,UPGRADE,SIMPLO,INJEÇÃO,06/08/2025,1756,,2025/3
48044,NOVA,SIMPLO,PICO SCOPE,05/08/2025,777,,2025/3
48157,NOVA,SIMPLO,TORKS - SUSPENSÃO,05/08/2025,32C,,2025/3
48156,NOVA,SIMPLO,TORKS - FREIOS,05/08/2025,32B,,2025/3
48155,NOVA,SIMPLO,TORKS - DIREÇÃO,05/08/2025,32A,,2025/3
48154,NOVA,SIMPLO,TORKS - SUSPENSÃO,05/08/2025,31C,,2025/3
48153,NOVA,SIMPLO,TORKS - FREIOS,05/08/2025,31B,,2025/3
48152,NOVA,SIMPLO,TORKS - DIREÇÃO,05/08/2025,31A,,2025/3
46151,NOVA,SIMPLO,MT PRO,04/08/2025,412,,2025/3
46121,NOVA,SIMPLO,MT PRO,04/08/2025,411,,2025/3
48376,NOVA,SIMPLO,PICO SCOPE,04/08/2025,776,,2025/3
48053,NOVA,SIMPLO,TORKS - SUSPENSÃO,04/08/2025,30C,,2025/3
48052,NOVA,SIMPLO,TORKS - FREIOS,04/08/2025,30B,,2025/3
48051,NOVA,SIMPLO,TORKS - DIREÇÃO,04/08/2025,30A,,2025/3
47821,NOVA,SIMPLO,TORKS - SUSPENSÃO,04/08/2025,27C,,2025/3
47877,NOVA,SIMPLO,TORKS - SUSPENSÃO,01/08/2025,29C,,2025/3
47879,NOVA,SIMPLO,TORKS - FREIOS,01/08/2025,29B,,2025/3
47878,NOVA,SIMPLO,TORKS - DIREÇÃO,01/08/2025,29A,,2025/3
47886,NOVA,SIMPLO,TORKS - SUSPENSÃO,01/08/2025,28C,,2025/3
47889,NOVA,SIMPLO,TORKS - FREIOS,01/08/2025,28B,,2025/3
47887,NOVA,SIMPLO,TORKS - DIREÇÃO,01/08/2025,28A,,2025/3
47824,NOVA,SIMPLO,TORKS - FREIOS,01/08/2025,27B,,2025/3
47822,NOVA,SIMPLO,TORKS - DIREÇÃO,01/08/2025,27A,,2025/3
34529,NOVA,SIMPLO,CLIMA CAR,01/08/2025,1212,,2025/3
48050,NOVA,SIMPLO,TORKS - SUSPENSÃO,01/08/2025,26C,,2025/3
48049,NOVA,SIMPLO,TORKS - FREIOS,01/08/2025,26B,,2025/3
48048,NOVA,SIMPLO,TORKS - DIREÇÃO,01/08/2025,26A,,2025/3
48591,CORREÇÃO,SIMPLO,REVISA CAR,31/07/2025,600,,2025/3
41160,UPGRADE,SIMPLO,ELECTRA,31/07/2025,191,,2025/3
47305,UPGRADE,SIMPLO,INJEÇÃO,31/07/2025,2227,,2025/3
48041,NOVA,SIMPLO,PICO SCOPE,31/07/2025,775,,2025/3
48001,NOVA,SIMPLO,TORKS - SUSPENSÃO,31/07/2025,25C,,2025/3
48000,NOVA,SIMPLO,TORKS - FREIOS,31/07/2025,25B,,2025/3
47999,NOVA,SIMPLO,TORKS - DIREÇÃO,31/07/2025,25A,,2025/3
48151,NOVA,SIMPLO,TORKS - SUSPENSÃO,31/07/2025,24C,,2025/3
48150,NOVA,SIMPLO,TORKS - FREIOS,31/07/2025,24B,,2025/3
48149,NOVA,SIMPLO,TORKS - DIREÇÃO,31/07/2025,24A,,2025/3
47917,NOVA,SIMPLO,TORKS - SUSPENSÃO,31/07/2025,23C,,2025/3
47919,NOVA,SIMPLO,TORKS - FREIOS,31/07/2025,23B,,2025/3
47918,NOVA,SIMPLO,TORKS - DIREÇÃO,31/07/2025,23A,,2025/3
48027,NOVA,SIMPLO,TORKS - SUSPENSÃO,31/07/2025,22C,,2025/3
48031,NOVA,SIMPLO,TORKS - FREIOS,31/07/2025,22B,,2025/3
48020,NOVA,SIMPLO,TORKS - DIREÇÃO,31/07/2025,22A,,2025/3
48542,CORREÇÃO,SIMPLO,ELECTRA,30/07/2025,107,,2025/3
46023,NOVA,SIMPLO,MT PRO,30/07/2025,410,,2025/3
47356,UPGRADE,ELÉTRICOS,ELETRICOS,30/07/2025,10E,,2025/3 H&E
47355,UPGRADE,ELÉTRICOS,ELETRICOS,30/07/2025,10,,2025/3 H&E
47285,CORREÇÃO,ELÉTRICOS,ELETRICOS - AC,30/07/2025,10D,,2025/3 H&E
47258,UPGRADE,ELÉTRICOS,ELETRICOS - ABS,30/07/2025,10C,,2025/3 H&E
48082,NOVA,SIMPLO,TORKS - SUSPENSÃO,30/07/2025,21C,,2025/3
48081,NOVA,SIMPLO,TORKS - FREIOS,30/07/2025,21B,,2025/3
48080,NOVA,SIMPLO,TORKS - DIREÇÃO,30/07/2025,21A,,2025/3
48079,NOVA,SIMPLO,TORKS - SUSPENSÃO,30/07/2025,20C,,2025/3
48078,NOVA,SIMPLO,TORKS - FREIOS,30/07/2025,20B,,2025/3
48077,NOVA,SIMPLO,TORKS - DIREÇÃO,30/07/2025,20A,,2025/3
47881,NOVA,SIMPLO,TORKS - SUSPENSÃO,30/07/2025,19C,,2025/3
47884,NOVA,SIMPLO,TORKS - FREIOS,30/07/2025,19B,,2025/3
47883,NOVA,SIMPLO,TORKS - DIREÇÃO,30/07/2025,19A,,2025/3
47757,UPGRADE,ELÉTRICOS,ELETRICOS,30/07/2025,34,,2025/3 H&E
47702,UPGRADE,ELÉTRICOS,ELETRICOS - AC,30/07/2025,34G,,2025/3 H&E
47701,UPGRADE,ELÉTRICOS,ELETRICOS - ABS,30/07/2025,34F,,2025/3 H&E
47043,UPGRADE,ELÉTRICOS,ELETRICOS,30/07/2025,34E,,2025/3 H&E
48538,CORREÇÃO,SIMPLO,LUBRITEC,30/07/2025,2980,,2025/3
44281,NOVA,SIMPLO,CÂMBIO,30/07/2025,233,,2025/3
48471,CORREÇÃO,SIMPLO,INJEÇÃO,30/07/2025,1793,,2025/3
48463,UPGRADE,SIMPLO,ELECTRA,30/07/2025,191,,2025/3
48488,UPGRADE,SIMPLO,LUBRITEC,30/07/2025,1429,,2025/3
48461,UPGRADE,SIMPLO,LUBRITEC,30/07/2025,5532,,2025/3
43306,NOVA,SIMPLO,CÂMBIO,29/07/2025,232,,2025/3
47907,NOVA,SIMPLO,TORKS - SUSPENSÃO,29/07/2025,18C,,2025/3
47909,NOVA,SIMPLO,TORKS - FREIOS,29/07/2025,18B,,2025/3
47908,NOVA,SIMPLO,TORKS - DIREÇÃO,29/07/2025,18A,,2025/3
47873,NOVA,SIMPLO,TORKS - SUSPENSÃO,29/07/2025,17C,,2025/3
47875,NOVA,SIMPLO,TORKS - FREIOS,29/07/2025,17B,,2025/3
47874,NOVA,SIMPLO,TORKS - DIREÇÃO,29/07/2025,17A,,2025/3
48065,NOVA,SIMPLO,TORKS - SUSPENSÃO,29/07/2025,16C,,2025/3
48064,NOVA,SIMPLO,TORKS - FREIOS,29/07/2025,16B,,2025/3
48063,NOVA,SIMPLO,TORKS - DIREÇÃO,29/07/2025,16A,,2025/3
48467,UPGRADE,SIMPLO,CLIMA CAR,29/07/2025,555,,2025/3
45611,UPGRADE,SIMPLO,ELECTRA,29/07/2025,156,,2025/3
47984,UPGRADE,SIMPLO,REVISA CAR,28/07/2025,310,,2025/3
48397,UPGRADE,SIMPLO,LOCAR,28/07/2025,901,,2025/3
47768,UPGRADE,SIMPLO,MOTORES - LINHA LEVE,28/07/2025,1367,,2025/3
48436,UPGRADE,SIMPLO,INJEÇÃO,28/07/2025,1639,,2025/3
48421,UPGRADE,SIMPLO,INJEÇÃO,28/07/2025,1640,,2025/3
48420,UPGRADE,SIMPLO,INJEÇÃO,28/07/2025,1638,,2025/3
48396,CORREÇÃO,SIMPLO,INJEÇÃO,28/07/2025,2056,,2025/3
47500,UPGRADE,SIMPLO,INJEÇÃO,28/07/2025,2229,,2025/3
47499,UPGRADE,SIMPLO,DIESEL,28/07/2025,421,,2025/3
48404,UPGRADE,SIMPLO,CLIMA CAR,28/07/2025,872,,2025/3
47349,UPGRADE,SIMPLO,CLIMA CAR,28/07/2025,1203,,2025/3
47269,UPGRADE,SIMPLO,ABS/ASR/ESP,28/07/2025,1002,,2025/3
47347,UPGRADE,SIMPLO,ABS/ASR/ESP,28/07/2025,1015,,2025/3
47323,UPGRADE,SIMPLO,ABS/ASR/ESP,28/07/2025,1014,,2025/3
47321,UPGRADE,SIMPLO,ABS/ASR/ESP,28/07/2025,1013,,2025/3
47320,UPGRADE,SIMPLO,ABS/ASR/ESP,28/07/2025,1012,,2025/3
47266,UPGRADE,SIMPLO,ABS/ASR/ESP,28/07/2025,738,,2025/3
47259,UPGRADE,SIMPLO,ABS/ASR/ESP,28/07/2025,1001,,2025/3
47246,UPGRADE,SIMPLO,ABS/ASR/ESP,28/07/2025,1003,,2025/3
48394,UPGRADE,SIMPLO,ELECTRA,28/07/2025,206,,2025/3
47577,UPGRADE,SIMPLO,ELECTRA,28/07/2025,206,,2025/3
47303,UPGRADE,SIMPLO,ELECTRA,28/07/2025,172,,2025/3
44548,UPGRADE,SIMPLO,ELECTRA,28/07/2025,18,,2025/3
44539,UPGRADE,SIMPLO,ELECTRA,28/07/2025,276,,2025/3
48034,NOVA,SIMPLO,TORKS - SUSPENSÃO,28/07/2025,15C,,2025/3
48033,NOVA,SIMPLO,TORKS - FREIOS,27/07/2025,15B,,2025/3
48032,NOVA,SIMPLO,TORKS - DIREÇÃO,27/07/2025,15A,,2025/3
48047,NOVA,SIMPLO,TORKS - SUSPENSÃO,27/07/2025,14C,,2025/3
48046,NOVA,SIMPLO,TORKS - FREIOS,27/07/2025,14B,,2025/3
48045,NOVA,SIMPLO,TORKS - DIREÇÃO,27/07/2025,14A,,2025/3
48013,NOVA,SIMPLO,TORKS - SUSPENSÃO,27/07/2025,13C,,2025/3
48012,NOVA,SIMPLO,TORKS - FREIOS,27/07/2025,13B,,2025/3
48011,NOVA,SIMPLO,TORKS - DIREÇÃO,27/07/2025,13A,,2025/3
48007,NOVA,SIMPLO,TORKS - SUSPENSÃO,27/07/2025,12C,,2025/3
48006,NOVA,SIMPLO,TORKS - FREIOS,27/07/2025,12B,,2025/3
48005,NOVA,SIMPLO,TORKS - DIREÇÃO,27/07/2025,12A,,2025/3
47920,NOVA,SIMPLO,TORKS - SUSPENSÃO,27/07/2025,11C,,2025/3
47922,NOVA,SIMPLO,TORKS - FREIOS,27/07/2025,11B,,2025/3
47921,NOVA,SIMPLO,TORKS - DIREÇÃO,27/07/2025,11A,,2025/3
47914,NOVA,SIMPLO,TORKS - SUSPENSÃO,27/07/2025,10C,,2025/3
47916,NOVA,SIMPLO,TORKS - FREIOS,27/07/2025,10B,,2025/3
47915,NOVA,SIMPLO,TORKS - DIREÇÃO,27/07/2025,10A,,2025/3
47910,NOVA,SIMPLO,TORKS - SUSPENSÃO,27/07/2025,09C,,2025/3
47912,NOVA,SIMPLO,TORKS - FREIOS,27/07/2025,09B,,2025/3
47911,NOVA,SIMPLO,TORKS - DIREÇÃO,27/07/2025,09A,,2025/3
47904,NOVA,SIMPLO,TORKS - SUSPENSÃO,26/07/2025,08C,,2025/3
47906,NOVA,SIMPLO,TORKS - FREIOS,26/07/2025,08B,,2025/3
47905,NOVA,SIMPLO,TORKS - DIREÇÃO,26/07/2025,08A,,2025/3
47869,NOVA,SIMPLO,TORKS - SUSPENSÃO,26/07/2025,07C,,2025/3
47871,NOVA,SIMPLO,TORKS - FREIOS,26/07/2025,07B,,2025/3
47870,NOVA,SIMPLO,TORKS - DIREÇÃO,26/07/2025,07A,,2025/3
47857,NOVA,SIMPLO,TORKS - SUSPENSÃO,26/07/2025,06C,,2025/3
47859,NOVA,SIMPLO,TORKS - FREIOS,26/07/2025,06B,,2025/3
47858,NOVA,SIMPLO,TORKS - DIREÇÃO,26/07/2025,06A,,2025/3
47818,NOVA,SIMPLO,TORKS - SUSPENSÃO,25/07/2025,05C,,2025/3
47820,NOVA,SIMPLO,TORKS - FREIOS,25/07/2025,05B,,2025/3
47819,NOVA,SIMPLO,TORKS - DIREÇÃO,25/07/2025,05A,,2025/3
47815,NOVA,SIMPLO,TORKS - SUSPENSÃO,25/07/2025,04C,,2025/3
47817,NOVA,SIMPLO,TORKS - FREIOS,25/07/2025,04B,,2025/3
47816,NOVA,SIMPLO,TORKS - DIREÇÃO,25/07/2025,04A,,2025/3
47808,NOVA,SIMPLO,TORKS - SUSPENSÃO,25/07/2025,03C,,2025/3
47810,NOVA,SIMPLO,TORKS - FREIOS,25/07/2025,03B,,2025/3
47809,NOVA,SIMPLO,TORKS - DIREÇÃO,25/07/2025,03A,,2025/3
48373,NOVA,SIMPLO,LUBRITEC,25/07/2025,5777,,2025/3
46800,NOVA,SIMPLO,CLIMA CAR,25/07/2025,1111,,2025/3
46964,UPGRADE,SIMPLO,SCOPE TRUCK (PICO SCOPE),25/07/2025,642,,2025/3
48395,CORREÇÃO,SIMPLO,LUBRITEC,25/07/2025,5233,,2025/3
44247,UPGRADE,SIMPLO,SCOPE TRUCK (PICO SCOPE),25/07/2025,468,,2025/3
44247,UPGRADE,SIMPLO,PICO SCOPE,25/07/2025,468,,2025/3
47191,UPGRADE,SIMPLO,PICO SCOPE,25/07/2025,72,,2025/3
48223,NOVA,SIMPLO,PICO SCOPE,25/07/2025,774,,2025/3
47783,NOVA,SIMPLO,PICO SCOPE,25/07/2025,773,,2025/3
46544,NOVA,SIMPLO,INJEÇÃO,25/07/2025,2246,,2025/3
46544,NOVA,SIMPLO,INJEÇÃO,25/07/2025,2245,,2025/3
48393,CORREÇÃO,SIMPLO,INJEÇÃO,24/07/2025,1410,,2025/3
48374,UPGRADE,SIMPLO,SINCRO - CORRENTES,24/07/2025,1915,,2025/3
48372,UPGRADE,SIMPLO,SINCRO - CORRENTES,24/07/2025,1780,,2025/3
48385,CORREÇÃO,SIMPLO,ARLA,24/07/2025,16,,2025/3
48392,CORREÇÃO,SIMPLO,INJEÇÃO,24/07/2025,1410,,2025/3
48176,NOVA,SIMPLO,PICO SCOPE,23/07/2025,772,,2025/3
48284,NOVA,SIMPLO,CÂMBIO,22/07/2025,231,,2025/3
47177,UPGRADE,SIMPLO,ELECTRA,22/07/2025,278,,2025/3
46037,UPGRADE,SIMPLO,ELECTRA,22/07/2025,177,,2025/3
47959,NOVA,SIMPLO,TORKS - SUSPENSÃO,22/07/2025,02C,,2025/3
47958,NOVA,SIMPLO,TORKS - FREIOS,22/07/2025,02B,,2025/3
47957,NOVA,SIMPLO,TORKS - DIREÇÃO,22/07/2025,02A,,2025/3
48367,UPGRADE,SIMPLO,ARLA,22/07/2025,16,,2025/3
47664,UPGRADE,SIMPLO,DIESEL,22/07/2025,378,,2025/3
47552,UPGRADE,SIMPLO,DIESEL,22/07/2025,167,,2025/3
45384,CORREÇÃO,SIMPLO,ELECTRA,22/07/2025,133,,2025/3
45657,CORREÇÃO,SIMPLO,INJEÇÃO,22/07/2025,987,,2025/3
47992,NOVA,SIMPLO,PICO SCOPE,22/07/2025,771,,2025/3
44023,NOVA,SIMPLO,MT PRO,22/07/2025,409,,2025/3
48170,NOVA,SIMPLO,MT PRO,22/07/2025,408,,2025/3
44154,NOVA,SIMPLO,MT PRO,22/07/2025,407,,2025/3
48085,CORREÇÃO,SIMPLO,ELECTRA,21/07/2025,219,,2025/3
47842,UPGRADE,SIMPLO,PICO SCOPE,21/07/2025,315,,2025/3
48268,CORREÇÃO,SIMPLO,INJEÇÃO,21/07/2025,1246,,2025/3
48083,CORREÇÃO,SIMPLO,INJEÇÃO,21/07/2025,2213,,2025/3
48042,NOVA,SIMPLO,PICO SCOPE,18/07/2025,770,,2025/3
46065,NOVA,SIMPLO,MT PRO,18/07/2025,406,,2025/3
48267,CORREÇÃO,SIMPLO,INJEÇÃO,18/07/2025,1939,,2025/3
47624,NOVA,SIMPLO,MT PRO,17/07/2025,405,,2025/3
45926,NOVA,SIMPLO,MT PRO,17/07/2025,404,,2025/3
47573,NOVA,SIMPLO,SCOPE TRUCK (PICO SCOPE),17/07/2025,769,,2025/3
46833,UPGRADE,HIBRIDOS,LOCAR,17/07/2025,58B,,2025/3 H&E
48043,UPGRADE,HIBRIDOS,REVISA CAR,17/07/2025,58A,,2025/3 H&E
46833,UPGRADE,HIBRIDOS,H&E - LOCAR,17/07/2025,23B,,2025/3 H&E
48043,UPGRADE,HIBRIDOS,H&E - REVISA CAR,17/07/2025,23A,,2025/3 H&E
48229,CORREÇÃO,SIMPLO,INJEÇÃO,17/07/2025,1937,,2025/3
48222,CORREÇÃO,SIMPLO,MOTORES - LINHA LEVE,17/07/2025,234,,2025/3
48228,CORREÇÃO,SIMPLO,INJEÇÃO,17/07/2025,1938,,2025/3
48225,CORREÇÃO,SIMPLO,INJEÇÃO,17/07/2025,1936,,2025/3
48224,CORREÇÃO,SIMPLO,INJEÇÃO,17/07/2025,2234,,2025/3
40780,UPGRADE,SIMPLO,INJEÇÃO,17/07/2025,1310,,2025/3
48171,CORREÇÃO,SIMPLO,CLIMA CAR,16/07/2025,1085,,2025/3
48073,UPGRADE,SIMPLO,DIESEL,16/07/2025,216,,2025/3
47722,NOVA,SIMPLO,PICO SCOPE,15/07/2025,768,,2025/3
47193,NOVA,SIMPLO,PICO SCOPE,15/07/2025,767,,2025/3
47968,CORREÇÃO,SIMPLO,INJEÇÃO,15/07/2025,2061,,2025/3
47965,CORREÇÃO,SIMPLO,ELECTRA,15/07/2025,250,,2025/3
47604,UPGRADE,SIMPLO,PICO SCOPE,15/07/2025,314,,2025/3
48072,UPGRADE,SIMPLO,ELECTRA TRUCK,15/07/2025,199,,2025/3
47296,UPGRADE,SIMPLO,ELECTRA,15/07/2025,247,,2025/3
47847,NOVA,SIMPLO,TORKS - SUSPENSÃO,15/07/2025,1C,,2025/3
47850,NOVA,SIMPLO,TORKS - FREIOS,15/07/2025,1B,,2025/3
47848,NOVA,SIMPLO,TORKS - DIREÇÃO,15/07/2025,1A,,2025/3
46200,NOVA,SIMPLO,MT PRO,14/07/2025,403,,2025/3
45925,NOVA,SIMPLO,MT PRO,14/07/2025,402,,2025/3
45923,NOVA,SIMPLO,MT PRO,14/07/2025,401,,2025/3
43932,NOVA,SIMPLO,MT PRO,14/07/2025,400,,2025/3
47955,CORREÇÃO,SIMPLO,SINCRO - POLY-V,11/07/2025,986,,2025/3
47714,UPGRADE,SIMPLO,LUBRITEC,11/07/2025,5680,,2025/3
47934,CORREÇÃO,SIMPLO,ELECTRA TRUCK,11/07/2025,173,,2025/3
47930,CORREÇÃO,SIMPLO,ELECTRA,11/07/2025,200,,2025/3
47929,UPGRADE,SIMPLO,CLIMA TRUCK,11/07/2025,167,,2025/3
47963,CORREÇÃO,SIMPLO,INJEÇÃO,11/07/2025,2026,,2025/3
47947,CORREÇÃO,SIMPLO,INJEÇÃO,11/07/2025,2091,,2025/3
47409,UPGRADE,SIMPLO,INJEÇÃO,11/07/2025,1531,,2025/3
47643,NOVA,SIMPLO,CÓDIGO DE FALHAS,11/07/2025,759,,2025/3
47677,UPGRADE,SIMPLO,PICO SCOPE,11/07/2025,629,,2025/3
43499,UPGRADE,SIMPLO,PICO SCOPE,11/07/2025,416,,2025/3
47936,UPGRADE,SIMPLO,LUBRITEC,10/07/2025,3711,,2025/3
47931,UPGRADE,SIMPLO,LOCAR,10/07/2025,875,,2025/3
47927,UPGRADE,SIMPLO,ARLA,10/07/2025,14,,2025/3
47801,UPGRADE,SIMPLO,MT PRO,10/07/2025,234,,2025/3
47793,UPGRADE,SIMPLO,DIESEL,10/07/2025,94,,2025/3
47726,CORREÇÃO,SIMPLO,CLIMA CAR,10/07/2025,836,,2025/3
45610,UPGRADE,SIMPLO,INJEÇÃO,10/07/2025,1535,,2025/3
47652,UPGRADE,SIMPLO,PICO SCOPE,10/07/2025,53,,2025/3
45445,UPGRADE,SIMPLO,PICO SCOPE,10/07/2025,330,,2025/3
44149,UPGRADE,SIMPLO,PICO SCOPE,10/07/2025,151,,2025/3
44030,UPGRADE,SIMPLO,PICO SCOPE,10/07/2025,164,,2025/3
47841,NOVA,TRACTOR,MT PRO TRACTOR,10/07/2025,23,,2025/3 T
45325,NOVA,SIMPLO,MT PRO,10/07/2025,399,,2025/3
47898,CORREÇÃO,SIMPLO,DIESEL,08/07/2025,167,,2025/3
47890,CORREÇÃO,SIMPLO,DIESEL,08/07/2025,69,,2025/3
47885,CORREÇÃO,SIMPLO,DIESEL,08/07/2025,264,,2025/3
47882,CORREÇÃO,SIMPLO,INJEÇÃO,08/07/2025,1270,,2025/3
47888,NOVA,SIMPLO,INJEÇÃO,08/07/2025,2244,,2025/3
43257,UPGRADE,SIMPLO,INJEÇÃO,08/07/2025,1476,,2025/3
47756,NOVA,SIMPLO,LOCAR,08/07/2025,1008,,2025/3
37792,NOVA,SIMPLO,INJEÇÃO,08/07/2025,2243,,2025/3
37783,NOVA,SIMPLO,INJEÇÃO,08/07/2025,2242,,2025/3
47678,NOVA,SIMPLO,SCOPE TRUCK (MT PRO),08/07/2025,398,,2025/3
47678,NOVA,SIMPLO,MT PRO,08/07/2025,398,,2025/3
47876,CORREÇÃO,SIMPLO,INJEÇÃO,08/07/2025,1080,,2025/3
47529,CORREÇÃO,SIMPLO,DIESEL,08/07/2025,377,,2025/3
47778,CORREÇÃO,SIMPLO,INJEÇÃO,08/07/2025,1205,,2025/3
47840,NOVA,SIMPLO,PICO SCOPE,08/07/2025,765,,2025/3
47851,NOVA,SIMPLO,LUBRITEC,08/07/2025,5796,,2025/3
47849,NOVA,SIMPLO,LUBRITEC,08/07/2025,5795,,2025/3
47837,NOVA,SIMPLO,LUBRITEC,08/07/2025,5794,,2025/3
47836,NOVA,SIMPLO,LUBRITEC,08/07/2025,5793,,2025/3
47823,NOVA,SIMPLO,LUBRITEC,08/07/2025,5792,,2025/3
47807,NOVA,SIMPLO,LUBRITEC,08/07/2025,5791,,2025/3
47372,UPGRADE,MOTOS,ELECTRA MOTOS,07/07/2025,38,,2025/2 M
47371,UPGRADE,MOTOS,ELECTRA MOTOS,07/07/2025,58,,2025/2 M
45719,UPGRADE,HIBRIDOS,H&E,07/07/2025,04BA,,2025/3 H&E
45719,UPGRADE,HIBRIDOS,H&E - ABS,07/07/2025,04I,,2025/3 H&E
44858,UPGRADE,SIMPLO,INJEÇÃO,07/07/2025,1501,,2025/3
47153,UPGRADE,SIMPLO,PICO SCOPE,07/07/2025,535,,2025/3
46120,UPGRADE,SIMPLO,MT PRO,07/07/2025,41,,2025/3
43983,CORREÇÃO,SIMPLO,INJEÇÃO,07/07/2025,993,,2025/3
47782,NOVA,SIMPLO,SCOPE TRUCK (PICO SCOPE),07/07/2025,766,,2025/3
47840,NOVA,SIMPLO,PICO SCOPE,07/07/2025,765,,2025/3
47814,UPGRADE,SIMPLO,PICO SCOPE,07/07/2025,11,,2025/3
47800,UPGRADE,SIMPLO,SCOPE TRUCK (MT PRO),04/07/2025,347,,2025/3
47831,UPGRADE,SIMPLO,MOTORES - LINHA LEVE,04/07/2025,1276,,2025/3
47779,UPGRADE,SIMPLO,MOTORES - LINHA LEVE,04/07/2025,1336,,2025/3
47802,UPGRADE,SIMPLO,MT PRO,04/07/2025,318,,2025/3
47192,UPGRADE,SIMPLO,MT PRO,04/07/2025,292,,2025/3
43935,UPGRADE,SIMPLO,MT PRO,04/07/2025,346,,2025/3
37884,UPGRADE,SIMPLO,CLIMA CAR,04/07/2025,1199,,2025/3
47807,NOVA,SIMPLO,LUBRITEC,04/07/2025,5791,,2025/3
47799,NOVA,SIMPLO,LUBRITEC,04/07/2025,5790,,2025/3
47798,NOVA,SIMPLO,LUBRITEC,04/07/2025,5789,,2025/3
47780,NOVA,HIBRIDOS,H&E - LUBRITEC,04/07/2025,64A,,2025/3 H&E
47759,NOVA,SIMPLO,LUBRITEC,04/07/2025,5786,,2025/3
47755,NOVA,SIMPLO,LUBRITEC,04/07/2025,5785,,2025/3
47353,UPGRADE,ELÉTRICOS,ELETRICOS,04/07/2025,07H,,2025/3 H&E
47353,UPGRADE,ELÉTRICOS,ELETRICOS,04/07/2025,07G,,2025/3 H&E
47360,UPGRADE,ELÉTRICOS,ELETRICOS - AC,04/07/2025,07D,,2025/3 H&E
47351,UPGRADE,ELÉTRICOS,ELETRICOS - ABS,04/07/2025,07C,,2025/3 H&E
47792,CORREÇÃO,ELÉTRICOS,ELETRICOS - ABS,03/07/2025,33A,,2025/3 H&E
47148,UPGRADE,HIBRIDOS,H&E - LOCAR,03/07/2025,44C,,2025/3 H&E
43820,NOVA,SIMPLO,SCOPE TRUCK (MT PRO),03/07/2025,397,,2025/3
43820,NOVA,SIMPLO,MT PRO,03/07/2025,397,,2025/3
47636,NOVA,SIMPLO,PICO SCOPE,03/07/2025,764,,2025/3
47522,NOVA,SIMPLO,PICO SCOPE,03/07/2025,763,,2025/3
47463,NOVA,SIMPLO,PICO SCOPE,03/07/2025,762,,2025/3
46701,NOVA,SIMPLO,PICO SCOPE,03/07/2025,761,,2025/3
47796,CORREÇÃO,SIMPLO,MOTORES - LINHA PESADA,02/07/2025,901,,2025/3
47794,CORREÇÃO,SIMPLO,INJEÇÃO,02/07/2025,2222,,2025/3
47297,UPGRADE,SIMPLO,ABS/ASR/ESP,02/07/2025,1011,,2025/3
47797,NOVA,SIMPLO,LUBRITEC,02/07/2025,5788,,2025/3
47795,NOVA,SIMPLO,LUBRITEC,02/07/2025,5787,,2025/3
46126,NOVA,SIMPLO,MT PRO,02/07/2025,392,,2025/3
47781,CORREÇÃO,SIMPLO,ELECTRA TRUCK,01/07/2025,151,,2025/3
47736,CORREÇÃO,SIMPLO,INJEÇÃO,01/07/2025,2102,,2025/3
47728,UPGRADE,SIMPLO,INJEÇÃO,01/07/2025,1617,,2025/3
47083,UPGRADE,SIMPLO,INJEÇÃO,01/07/2025,1962,,2025/3
47711,UPGRADE,SIMPLO,DIESEL,01/07/2025,194,,2025/3
47791,CORREÇÃO,SIMPLO,DIESEL,01/07/2025,306,,2025/3
47790,CORREÇÃO,SIMPLO,DIESEL,01/07/2025,304,,2025/3
47789,CORREÇÃO,SIMPLO,DIESEL,01/07/2025,305,,2025/3
47780,NOVA,HIBRIDOS,H&E - LUBRITEC,01/07/2025,64,,2025/3 H&E
47759,NOVA,SIMPLO,LUBRITEC,01/07/2025,5786,,2025/3
47334,NOVA,SIMPLO,LOCAR,01/07/2025,1007,,2025/3
47221,NOVA,SIMPLO,LOCAR TRUCK,01/07/2025,1006,,2025/3
37787,NOVA,SIMPLO,INJEÇÃO,01/07/2025,2241,,2025/3
37741,NOVA,SIMPLO,INJEÇÃO,01/07/2025,2240,,2025/3
46973,NOVA,SIMPLO,SCOPE TRUCK (PICO SCOPE),30/06/2025,760,,2025/3
47750,UPGRADE,SIMPLO,ABS/ASR/ESP,30/06/2025,674,,2025/3
47748,CORREÇÃO,SIMPLO,INJEÇÃO,30/06/2025,1644,,2025/3
47784,CORREÇÃO,SIMPLO,DIESEL,30/06/2025,68,,2025/3
46260,NOVA,SIMPLO,SCOPE TRUCK (MT PRO),30/06/2025,396,,2025/3
46170,NOVA,SIMPLO,MT PRO,30/06/2025,395,,2025/3
46110,NOVA,SIMPLO,MT PRO,30/06/2025,394,,2025/3
47518,NOVA,HIBRIDOS,H&E - CÓDIGO DE FALHAS,27/06/2025,63,,2025/3 H&E
47754,CORREÇÃO,SIMPLO,DIESEL,27/06/2025,269,,2025/3
47518,UPGRADE,HIBRIDOS,H&E - CÓDIGO DE FALHAS,27/06/2025,42,,2025/3 H&E
47773,UPGRADE,SIMPLO,LOCAR,27/06/2025,766,,2025/3
47772,UPGRADE,SIMPLO,ABS/ASR/ESP,27/06/2025,499,,2025/3
47767,UPGRADE,SIMPLO,ABS/ASR/ESP,27/06/2025,554,,2025/3
39463,CORREÇÃO,SIMPLO,DIESEL,27/06/2025,328,,2025/3
47777,CORREÇÃO,SIMPLO,REVISA CAR,27/06/2025,105,,2025/3
47776,CORREÇÃO,SIMPLO,REVISA CAR,27/06/2025,104,,2025/3
47775,CORREÇÃO,SIMPLO,REVISA CAR,27/06/2025,103,,2025/3
47751,CORREÇÃO,SIMPLO,REVISA CAR,27/06/2025,102,,2025/3
47758,CORREÇÃO,SIMPLO,INJEÇÃO,27/06/2025,62,,2025/3
47749,CORREÇÃO,SIMPLO,INJEÇÃO,27/06/2025,1675,,2025/3
47753,UPGRADE,SIMPLO,CLIMA CAR,27/06/2025,1097,,2025/3
47742,UPGRADE,SIMPLO,CLIMA CAR,27/06/2025,1096,,2025/3
45838,NOVA,SIMPLO,CÓDIGO DE FALHAS,27/06/2025,758,,2025/3
47752,NOVA,HIBRIDOS,H&E - LUBRITEC,26/06/2025,62A,,2025/3 H&E
47735,NOVA,SIMPLO,SCOPE TRUCK (PICO SCOPE),26/06/2025,759,,2025/3
47755,NOVA,SIMPLO,LUBRITEC,26/06/2025,5785,,2025/3
47740,NOVA,SIMPLO,LUBRITEC,26/06/2025,5784,,2025/3
47739,NOVA,SIMPLO,LUBRITEC,26/06/2025,5783,,2025/3
47693,NOVA,SIMPLO,LUBRITEC,26/06/2025,5773,,2025/3
47659,NOVA,SIMPLO,LUBRITEC,26/06/2025,5772,,2025/3
47747,UPGRADE,SIMPLO,LOCAR,25/06/2025,902,,2025/3
47741,UPGRADE,SIMPLO,CLIMA CAR,25/06/2025,918,,2025/3
47744,UPGRADE,SIMPLO,ELECTRA,25/06/2025,181,,2025/3
47712,UPGRADE,SIMPLO,ELECTRA,25/06/2025,178,,2025/3
47706,UPGRADE,SIMPLO,ELECTRA,25/06/2025,107,,2025/3
46268,NOVA,SIMPLO,SCOPE TRUCK (MT PRO),24/06/2025,393,,2025/3
47738,UPGRADE,SIMPLO,LUBRITEC,24/06/2025,5382,,2025/3
47734,UPGRADE,SIMPLO,INJEÇÃO,24/06/2025,1486,,2025/3
47716,CORREÇÃO,SIMPLO,MOTORES - LINHA LEVE,24/06/2025,1125,,2025/3
47715,CORREÇÃO,SIMPLO,MOTORES - LINHA LEVE,24/06/2025,1075,,2025/3
47721,CORREÇÃO,SIMPLO,ABS/ASR/ESP,24/06/2025,793,,2025/3
44394,UPGRADE,SIMPLO,ABS/ASR/ESP,24/06/2025,665,,2025/3
37944,NOVA,SIMPLO,CLIMA CAR,24/06/2025,948,,2025/3
47496,NOVA,SIMPLO,PICO SCOPE,24/06/2025,758,,2025/3
46126,NOVA,SIMPLO,MT PRO,24/06/2025,392,,2025/3
47720,NOVA,SIMPLO,LUBRITEC,24/06/2025,5780,,2025/3
47717,NOVA,SIMPLO,LUBRITEC,24/06/2025,5778,,2025/3
47695,NOVA,TRACTOR,MT PRO TRACTOR,24/06/2025,22,,2025/3 T
47622,NOVA,TRACTOR,MT PRO TRACTOR,24/06/2025,21,,2025/3 T
47733,NOVA,SIMPLO,LUBRITEC,24/06/2025,5782,,2025/3
47730,NOVA,SIMPLO,LUBRITEC,24/06/2025,5781,,2025/3
42112,NOVA,SIMPLO,ABS/ASR/ESP,24/06/2025,1019,,2025/3
34505,NOVA,SIMPLO,ABS/ASR/ESP,20/06/2025,1018,,2025/3
34505,NOVA,SIMPLO,ABS/ASR/ESP,20/06/2025,1017,,2025/3
47621,NOVA,TRACTOR,MT PRO TRACTOR,20/06/2025,20,,2025/3 T
46970,NOVA,TRACTOR,MT PRO TRACTOR,20/06/2025,19,,2025/3 T
47720,NOVA,SIMPLO,LUBRITEC,20/06/2025,5780,,2025/3
47719,NOVA,SIMPLO,LUBRITEC,20/06/2025,5779,,2025/3
47234,UPGRADE,ELÉTRICOS,ELETRICOS - ABS,20/06/2025,33,,2025/3 H&E
47676,UPGRADE,TRACTOR,INJEÇÃO,20/06/2025,13,,2025/3 T
47628,CORREÇÃO,SIMPLO,CLIMA CAR,20/06/2025,1110,,2025/3
47696,UPGRADE,SIMPLO,LOCAR,19/06/2025,1003,,2025/3
47704,UPGRADE,SIMPLO,LUBRITEC,19/06/2025,5380,,2025/3
47503,UPGRADE,SIMPLO,INJEÇÃO,19/06/2025,2015,,2025/3
47718,CORREÇÃO,SIMPLO,INJEÇÃO,19/06/2025,1946,,2025/3
47703,UPGRADE,SIMPLO,INJEÇÃO,19/06/2025,1539,,2025/3
47692,UPGRADE,SIMPLO,INJEÇÃO,19/06/2025,1739,,2025/3
47078,UPGRADE,SIMPLO,INJEÇÃO,19/06/2025,2092,,2025/3
47717,NOVA,SIMPLO,LUBRITEC,19/06/2025,5778,,2025/3
47580,UPGRADE,SIMPLO,DIESEL,19/06/2025,126,,2025/3
47713,CORREÇÃO,SIMPLO,ARLA,19/06/2025,14,,2025/3
46446,NOVA,SIMPLO,INJEÇÃO,19/06/2025,2239,,2025/3
47708,NOVA,SIMPLO,LUBRITEC,19/06/2025,5776,,2025/3
47707,NOVA,SIMPLO,LUBRITEC,19/06/2025,5775,,2025/3
47705,CORREÇÃO,SIMPLO,MOTORES - LINHA LEVE,18/06/2025,1442,,2025/3
47044,NOVA,ELÉTRICOS,ELETRICOS - CÓDIGO DE FALHAS,18/06/2025,34D,,2025/3 H&E
47044,NOVA,ELÉTRICOS,ELETRICOS - CÓDIGO DE FALHAS,18/06/2025,34C,,2025/3 H&E
47044,NOVA,ELÉTRICOS,ELETRICOS - CÓDIGO DE FALHAS,18/06/2025,34B,,2025/3 H&E
47044,NOVA,ELÉTRICOS,ELETRICOS - CÓDIGO DE FALHAS,18/06/2025,34A,,2025/3 H&E
47694,NOVA,SIMPLO,LUBRITEC,18/06/2025,5774,,2025/3
47693,NOVA,SIMPLO,LUBRITEC,18/06/2025,5773,,2025/3
47659,NOVA,SIMPLO,LUBRITEC,18/06/2025,5772,,2025/3
47650,NOVA,SIMPLO,LUBRITEC,18/06/2025,5770,,2025/3
47653,NOVA,SIMPLO,LUBRITEC,17/06/2025,5771,,2025/3
47651,NOVA,SIMPLO,SCOPE TRUCK (PICO SCOPE),17/06/2025,757,,2025/3
47602,CORREÇÃO,SIMPLO,ELECTRA,16/06/2025,283,,2025/3
47578,UPGRADE,SIMPLO,ELECTRA TRUCK,16/06/2025,16,,2025/3
47625,CORREÇÃO,SIMPLO,DIESEL,16/06/2025,115,,2025/3
47627,UPGRADE,SIMPLO,INJEÇÃO,16/06/2025,1697,,2025/3
47626,UPGRADE,SIMPLO,INJEÇÃO,16/06/2025,1698,,2025/3
47601,CORREÇÃO,SIMPLO,INJEÇÃO,16/06/2025,2026,,2025/3
46077,UPGRADE,SIMPLO,MT PRO,16/06/2025,13,,2025/3
47650,NOVA,SIMPLO,LUBRITEC,16/06/2025,5770,,2025/3
47635,NOVA,SIMPLO,LUBRITEC,16/06/2025,5769,,2025/3
47620,NOVA,SIMPLO,SCOPE TRUCK (PICO SCOPE),16/06/2025,756,,2025/3
47162,NOVA,SIMPLO,SCOPE TRUCK (MT PRO),16/06/2025,391,,2025/3
47165,NOVA,SIMPLO,SCOPE TRUCK (MT PRO),16/06/2025,389,,2025/3
47619,UPGRADE,HIBRIDOS,H&E - LUBRITEC,13/06/2025,34B,,2025/3 H&E
47560,UPGRADE,SIMPLO,ELECTRA,13/06/2025,303,,2025/3
47629,CORREÇÃO,SIMPLO,MOTORES - LINHA LEVE,13/06/2025,337,,2025/3
47375,UPGRADE,SIMPLO,DIESEL,13/06/2025,266,,2025/3
47572,CORREÇÃO,SIMPLO,INJEÇÃO,13/06/2025,2057,,2025/3
47235,UPGRADE,SIMPLO,INJEÇÃO,13/06/2025,2201,,2025/3
47019,UPGRADE,SIMPLO,INJEÇÃO,13/06/2025,1504,,2025/3
47634,NOVA,SIMPLO,LUBRITEC,13/06/2025,5768,,2025/3
47633,NOVA,SIMPLO,LUBRITEC,13/06/2025,5767,,2025/3
46173,NOVA,SIMPLO,MT PRO,13/06/2025,390,,2025/3
38188,NOVA,MOTOS,ELECTRA MOTOS,12/06/2025,61,,2025/2 M
37839,NOVA,SIMPLO,INJEÇÃO,12/06/2025,2238,,2025/3
37819,NOVA,SIMPLO,INJEÇÃO,12/06/2025,2237,,2025/3
47165,NOVA,SIMPLO,SCOPE TRUCK (MT PRO),12/06/2025,389,,2025/3
47618,NOVA,SIMPLO,LUBRITEC,12/06/2025,5766,,2025/3
47616,NOVA,SIMPLO,LUBRITEC,12/06/2025,5765,,2025/3
47605,UPGRADE,SIMPLO,SCOPE TRUCK (PICO SCOPE),11/06/2025,127,,2025/3
47605,UPGRADE,SIMPLO,PICO SCOPE,11/06/2025,127,,2025/3
47617,CORREÇÃO,SIMPLO,PICO SCOPE,11/06/2025,118,,2025/3
47615,CORREÇÃO,SIMPLO,MT PRO,11/06/2025,54,,2025/3
47612,NOVA,SIMPLO,REVISA CAR,11/06/2025,679,,2025/3
47603,UPGRADE,SIMPLO,LUBRITEC,11/06/2025,3922,,2025/3
47487,UPGRADE,SIMPLO,SINCRO - CORRENTES,11/06/2025,942,,2025/3
47608,UPGRADE,SIMPLO,INJEÇÃO,11/06/2025,1310,,2025/3
40677,UPGRADE,SIMPLO,INJEÇÃO,11/06/2025,1743,,2025/3
47611,NOVA,SIMPLO,REVISA CAR,11/06/2025,678,,2025/3
47534,NOVA,MOTOS,ELECTRA MOTOS,11/06/2025,60,,2025/2 M
47533,NOVA,MOTOS,INJEÇÃO MOTOS,11/06/2025,60,,2025/2 M
47610,NOVA,SIMPLO,REVISA CAR,11/06/2025,677,,2025/3
47607,NOVA,SIMPLO,REVISA CAR,11/06/2025,676,,2025/3
37778,NOVA,SIMPLO,INJEÇÃO,11/06/2025,2236,,2025/3
47614,NOVA,SIMPLO,LUBRITEC,11/06/2025,5764,,2025/3
43751,NOVA,SIMPLO,SCOPE TRUCK (MT PRO),10/06/2025,388,,2025/3
43751,NOVA,SIMPLO,MT PRO,10/06/2025,388,,2025/3
36458,NOVA,SIMPLO,SINCRO - CORREIAS,10/06/2025,1979,,2025/3
44813,UPGRADE,HIBRIDOS,H&E - SINCRO,10/06/2025,31C,,2025/3 H&E
47609,NOVA,SIMPLO,REVISA CAR,10/06/2025,675,,2025/3
47606,NOVA,SIMPLO,REVISA CAR,10/06/2025,674,,2025/3
47585,UPGRADE,SIMPLO,ELECTRA,10/06/2025,300,,2025/3
47586,UPGRADE,SIMPLO,CÂMBIO,10/06/2025,222,,2025/3
47598,UPGRADE,SIMPLO,CLIMA TRUCK,10/06/2025,172,,2025/3
46884,NOVA,SIMPLO,SINCRO - CORRENTES,10/06/2025,1978,,2025/3
47594,UPGRADE,SIMPLO,LUBRITEC,10/06/2025,3997,,2025/3
47597,UPGRADE,SIMPLO,ABS/ASR/ESP,10/06/2025,678,,2025/3
47596,UPGRADE,SIMPLO,ABS/ASR/ESP,10/06/2025,679,,2025/3
47593,UPGRADE,SIMPLO,CLIMA CAR,10/06/2025,727,,2025/3
47589,UPGRADE,SIMPLO,INJEÇÃO,10/06/2025,1345,,2025/3
47370,UPGRADE,MOTOS,ELECTRA MOTOS,10/06/2025,59,,2025/2 M
38189,NOVA,MOTOS,INJEÇÃO MOTOS,10/06/2025,59,,2025/2 M
47390,UPGRADE,MOTOS,INJEÇÃO MOTOS,10/06/2025,58,,2025/2 M
47595,NOVA,SIMPLO,SCOPE TRUCK (PICO SCOPE),10/06/2025,755,,2025/3
47168,NOVA,SIMPLO,SCOPE TRUCK (MT PRO),10/06/2025,387,,2025/3
46263,NOVA,SIMPLO,SCOPE TRUCK (MT PRO),10/06/2025,386,,2025/3
47236,UPGRADE,SIMPLO,INJEÇÃO,06/06/2025,2203,,2025/3
47236,UPGRADE,SIMPLO,INJEÇÃO,06/06/2025,2202,,2025/3
47592,UPGRADE,SIMPLO,ABS/ASR/ESP,06/06/2025,548,,2025/3
47591,UPGRADE,SIMPLO,ABS/ASR/ESP,06/06/2025,726,,2025/3
47400,UPGRADE,SIMPLO,SCOPE TRUCK (PICO SCOPE),06/06/2025,658,,2025/3
47400,UPGRADE,SIMPLO,PICO SCOPE,06/06/2025,658,,2025/3
47332,UPGRADE,SIMPLO,SCOPE TRUCK (PICO SCOPE),06/06/2025,392,,2025/3
47332,UPGRADE,SIMPLO,PICO SCOPE,06/06/2025,392,,2025/3
47261,UPGRADE,SIMPLO,CLIMA CAR,06/06/2025,1202,,2025/3
47241,UPGRADE,SIMPLO,CLIMA TRUCK,06/06/2025,185,,2025/3
47254,UPGRADE,SIMPLO,INJEÇÃO,06/06/2025,2221,,2025/3
47254,UPGRADE,SIMPLO,INJEÇÃO,06/06/2025,2220,,2025/3
46752,UPGRADE,SIMPLO,INJEÇÃO,06/06/2025,1551,,2025/3
44376,UPGRADE,SIMPLO,INJEÇÃO,06/06/2025,1309,,2025/3
34291,NOVA,SIMPLO,CLIMA CAR,05/06/2025,1211,,2025/3
40475,NOVA,SIMPLO,CLIMA CAR,05/06/2025,1210,,2025/3
47574,NOVA,SIMPLO,SCOPE TRUCK (PICO SCOPE),05/06/2025,754,,2025/3
47544,NOVA,SIMPLO,SCOPE TRUCK (MT PRO),05/06/2025,385,,2025/3
47571,CORREÇÃO,SIMPLO,ELECTRA,04/06/2025,112,,2025/3
47274,UPGRADE,SIMPLO,INJEÇÃO,04/06/2025,2223,,2025/3
47576,CORREÇÃO,SIMPLO,DIESEL,03/06/2025,402,,2025/3
47570,CORREÇÃO,SIMPLO,CLIMA TRUCK,03/06/2025,169,,2025/3
47536,UPGRADE,SIMPLO,INJEÇÃO,03/06/2025,2097,,2025/3
47535,CORREÇÃO,SIMPLO,INJEÇÃO,03/06/2025,1920,,2025/3
47311,UPGRADE,SIMPLO,INJEÇÃO,03/06/2025,1314,,2025/3
47288,UPGRADE,SIMPLO,INJEÇÃO,03/06/2025,2225,,2025/3
47543,NOVA,SIMPLO,SCOPE TRUCK (MT PRO),03/06/2025,384,,2025/3
47164,NOVA,SIMPLO,SCOPE TRUCK (MT PRO),03/06/2025,383,,2025/3
47557,UPGRADE,SIMPLO,ELECTRA TRUCK,02/06/2025,123,,2025/3
47562,UPGRADE,SIMPLO,ELECTRA,02/06/2025,123,,2025/3
47553,CORREÇÃO,SIMPLO,ELECTRA,02/06/2025,189,,2025/3
47547,UPGRADE,SIMPLO,ELECTRA,02/06/2025,303,,2025/3
47559,UPGRADE,SIMPLO,SCOPE TRUCK (PICO SCOPE),02/06/2025,368,,2025/3
47559,UPGRADE,SIMPLO,PICO SCOPE,02/06/2025,368,,2025/3
47538,UPGRADE,SIMPLO,PICO SCOPE,02/06/2025,480,,2025/3
47563,UPGRADE,SIMPLO,INJEÇÃO,02/06/2025,1755,,2025/3
47263,UPGRADE,SIMPLO,INJEÇÃO,02/06/2025,2211,,2025/3
47287,NOVA,SIMPLO,ABS/ASR/ESP,02/06/2025,1016,,2025/3
47437,NOVA,SIMPLO,CLIMA CAR,02/06/2025,1209,,2025/3
46261,NOVA,SIMPLO,SCOPE TRUCK (MT PRO),02/06/2025,382,,2025/3
36895,UPGRADE,SIMPLO,ELECTRA,29/05/2025,181,,2025/3
47558,CORREÇÃO,SIMPLO,LUBRITEC,29/05/2025,4514,,2025/3
47542,NOVA,SIMPLO,SCOPE TRUCK (MT PRO),29/05/2025,381,,2025/3
46262,NOVA,SIMPLO,SCOPE TRUCK (MT PRO),29/05/2025,380,,2025/3
47551,NOVA,SIMPLO,SCOPE TRUCK (PICO SCOPE),29/05/2025,753,,2025/3
47549,UPGRADE,SIMPLO,INJEÇÃO,29/05/2025,1591,,2025/3
43461,UPGRADE,SIMPLO,PICO SCOPE,29/05/2025,493,,2025/3
47539,NOVA,SIMPLO,PICO SCOPE,28/05/2025,752,,2025/3
47548,CORREÇÃO,SIMPLO,ELECTRA,28/05/2025,238,,2025/3
47468,CORREÇÃO,SIMPLO,CÂMBIO,28/05/2025,184,,2025/3
47468,CORREÇÃO,SIMPLO,ELECTRA,28/05/2025,275,,2025/3
47388,UPGRADE,SIMPLO,CÓDIGO DE FALHAS,28/05/2025,755,,2025/3
47531,UPGRADE,SIMPLO,ELECTRA,28/05/2025,216,,2025/3
47527,UPGRADE,SIMPLO,CLIMA CAR,28/05/2025,944,,2025/3
47525,UPGRADE,SIMPLO,LOCAR,28/05/2025,894,,2025/3
47495,CORREÇÃO,SIMPLO,LUBRITEC,28/05/2025,5722,,2025/3
47494,CORREÇÃO,SIMPLO,LUBRITEC,28/05/2025,2640,,2025/3
47493,UPGRADE,SIMPLO,LUBRITEC,28/05/2025,2637,,2025/3
47368,UPGRADE,SIMPLO,SCOPE TRUCK (PICO SCOPE),28/05/2025,459,,2025/3
47368,UPGRADE,SIMPLO,PICO SCOPE,28/05/2025,459,,2025/3
47329,UPGRADE,MOTOS,ELECTRA MOTOS,28/05/2025,56,,2025/2 M
47530,CORREÇÃO,SIMPLO,DIESEL,27/05/2025,367,,2025/3
47546,UPGRADE,SIMPLO,CÂMBIO,27/05/2025,186,,2025/3
47546,UPGRADE,SIMPLO,CÂMBIO,27/05/2025,189,,2025/3
47344,UPGRADE,SIMPLO,DIESEL,27/05/2025,424,,2025/3
47245,UPGRADE,SIMPLO,CLIMA TRUCK,27/05/2025,184,,2025/3
47520,CORREÇÃO,SIMPLO,INJEÇÃO,27/05/2025,1634,,2025/3
47524,UPGRADE,SIMPLO,INJEÇÃO,27/05/2025,1656,,2025/3
47486,CORREÇÃO,SIMPLO,INJEÇÃO,27/05/2025,1591,,2025/3
47076,UPGRADE,SIMPLO,INJEÇÃO,27/05/2025,2201,,2025/3
47537,UPGRADE,SIMPLO,ABS/ASR/ESP,27/05/2025,799,,2025/3
47244,UPGRADE,SIMPLO,ABS/ASR/ESP,27/05/2025,1004,,2025/3
47022,UPGRADE,SIMPLO,ABS/ASR/ESP,27/05/2025,797,,2025/3
47526,UPGRADE,SIMPLO,MT PRO,27/05/2025,86,,2025/3
45958,UPGRADE,SIMPLO,MT PRO,27/05/2025,22,,2025/3
47502,UPGRADE,SIMPLO,ELECTRA,27/05/2025,202,,2025/3
47488,UPGRADE,SIMPLO,ELECTRA,27/05/2025,290,,2025/3
43389,UPGRADE,SIMPLO,CÂMBIO,27/05/2025,179,,2025/3
43389,UPGRADE,SIMPLO,ELECTRA,27/05/2025,272,,2025/3
46823,UPGRADE,ELÉTRICOS,LOCAR,27/05/2025,7,,2025/3 H&E
37712,UPGRADE,HIBRIDOS,LOCAR,27/05/2025,5,,2025/3 H&E
47451,NOVA,SIMPLO,PICO SCOPE,26/05/2025,751,,2025/3
47497,NOVA,SIMPLO,PICO SCOPE,26/05/2025,750,,2025/3
47074,NOVA,SIMPLO,PICO SCOPE,26/05/2025,749,,2025/3
47506,NOVA,SIMPLO,REVISA CAR,26/05/2025,673,,2025/3
47490,NOVA,SIMPLO,REVISA CAR,26/05/2025,672,,2025/3
47489,NOVA,SIMPLO,REVISA CAR,26/05/2025,671,,2025/3
46156,NOVA,SIMPLO,MT PRO,26/05/2025,379,,2025/3
44152,NOVA,SIMPLO,MT PRO,26/05/2025,378,,2025/3
47330,NOVA,SIMPLO,LOCAR TRUCK,26/05/2025,1005,,2025/3
47330,NOVA,SIMPLO,LOCAR,26/05/2025,1005,,2025/3
47224,NOVA,SIMPLO,LOCAR TRUCK,26/05/2025,1004,,2025/3
47224,NOVA,SIMPLO,LOCAR,26/05/2025,1004,,2025/3
47521,CORREÇÃO,SIMPLO,INJEÇÃO,23/05/2025,1256,,2025/3
45957,UPGRADE,SIMPLO,SCOPE TRUCK (MT PRO),23/05/2025,276,,2025/3
45957,UPGRADE,SIMPLO,MT PRO,23/05/2025,276,,2025/3
47509,UPGRADE,SIMPLO,ABS/ASR/ESP,23/05/2025,720,,2025/3
44806,NOVA,SIMPLO,SINCRO - CORRENTES,23/05/2025,1977,,2025/3
42414,NOVA,SIMPLO,SINCRO - CORREIAS,23/05/2025,1976,,2025/3
47440,NOVA,SIMPLO,PICO SCOPE,23/05/2025,748,,2025/3
47268,UPGRADE,SIMPLO,ELECTRA,23/05/2025,310,,2025/3
47342,NOVA,SIMPLO,CLIMA CAR,22/05/2025,1208,,2025/3
47342,UPGRADE,SIMPLO,CLIMA TRUCK,22/05/2025,186,,2025/3
47306,UPGRADE,SIMPLO,INJEÇÃO,22/05/2025,2228,,2025/3
47507,UPGRADE,SIMPLO,DIESEL,22/05/2025,179,,2025/3
47498,UPGRADE,SIMPLO,INJEÇÃO,22/05/2025,1395,,2025/3
47116,UPGRADE,SIMPLO,REVISA CAR,22/05/2025,429,,2025/3
43899,UPGRADE,SIMPLO,PICO SCOPE,22/05/2025,10,,2025/3
46055,UPGRADE,SIMPLO,MT PRO,22/05/2025,71,,2025/3
46968,NOVA,TRACTOR,MT PRO TRACTOR,22/05/2025,18,,2025/3 T
46538,NOVA,SIMPLO,INJEÇÃO,22/05/2025,2235,,2025/3
44542,NOVA,SIMPLO,INJEÇÃO,22/05/2025,2234,,2025/3
47472,NOVA,SIMPLO,PICO SCOPE,22/05/2025,747,,2025/3
46150,NOVA,SIMPLO,MT PRO,22/05/2025,377,,2025/3
47491,UPGRADE,SIMPLO,CLIMA TRUCK,21/05/2025,180,,2025/3
47492,UPGRADE,SIMPLO,CLIMA CAR,21/05/2025,762,,2025/3
47485,UPGRADE,SIMPLO,CLIMA CAR,21/05/2025,761,,2025/3
47483,UPGRADE,SIMPLO,ELECTRA TRUCK,21/05/2025,183,,2025/3
44094,UPGRADE,SIMPLO,ELECTRA,21/05/2025,173,,2025/3
46127,UPGRADE,SIMPLO,MT PRO,21/05/2025,70,,2025/3
47340,UPGRADE,MOTOS,ELECTRA,21/05/2025,57,,2025/2 M
47339,UPGRADE,MOTOS,INJEÇÃO MOTOS,21/05/2025,57,,2025/2 M
47475,CORREÇÃO,SIMPLO,ELECTRA,20/05/2025,278,,2025/3
47436,UPGRADE,SIMPLO,LUBRITEC,20/05/2025,2507,,2025/3
47474,CORREÇÃO,SIMPLO,ABS/ASR/ESP,20/05/2025,900,,2025/3
47473,CORREÇÃO,SIMPLO,CLIMA CAR,20/05/2025,1097,,2025/3
47467,CORREÇÃO,SIMPLO,LOCAR TRUCK,20/05/2025,989,,2025/3
47435,UPGRADE,SIMPLO,LUBRITEC,20/05/2025,2508,,2025/3
47470,CORREÇÃO,SIMPLO,INJEÇÃO,20/05/2025,1052,,2025/3
47469,UPGRADE,SIMPLO,INJEÇÃO,20/05/2025,1787,,2025/3
47450,CORREÇÃO,SIMPLO,INJEÇÃO,20/05/2025,1539,,2025/3
47446,CORREÇÃO,SIMPLO,INJEÇÃO,20/05/2025,2053,,2025/3
47445,CORREÇÃO,SIMPLO,INJEÇÃO,20/05/2025,2062,,2025/3
47432,CORREÇÃO,SIMPLO,INJEÇÃO,20/05/2025,2222,,2025/3
47415,CORREÇÃO,SIMPLO,INJEÇÃO,20/05/2025,512,,2025/3
47413,CORREÇÃO,SIMPLO,INJEÇÃO,20/05/2025,1531,,2025/3
46524,UPGRADE,SIMPLO,INJEÇÃO,20/05/2025,2056,,2025/3
46516,UPGRADE,SIMPLO,INJEÇÃO,20/05/2025,1929,,2025/3
46485,UPGRADE,SIMPLO,INJEÇÃO,20/05/2025,1609,,2025/3
47421,UPGRADE,SIMPLO,ARLA,20/05/2025,19,,2025/3
47466,CORREÇÃO,SIMPLO,DIESEL,20/05/2025,231,,2025/3
47417,CORREÇÃO,SIMPLO,DIESEL,20/05/2025,127,,2025/3
47414,CORREÇÃO,SIMPLO,DIESEL,20/05/2025,159,,2025/3
47410,CORREÇÃO,SIMPLO,DIESEL,20/05/2025,172,,2025/3
47408,CORREÇÃO,SIMPLO,DIESEL,19/05/2025,395,,2025/3
47393,CORREÇÃO,SIMPLO,DIESEL,19/05/2025,142,,2025/3
46904,UPGRADE,SIMPLO,DIESEL,19/05/2025,256,,2025/3
46045,UPGRADE,SIMPLO,DIESEL,19/05/2025,93,,2025/3
47429,UPGRADE,SIMPLO,LUBRITEC,19/05/2025,5185,,2025/3
47471,CORREÇÃO,SIMPLO,LUBRITEC,19/05/2025,5557,,2025/3
47428,UPGRADE,SIMPLO,LUBRITEC,19/05/2025,2509,,2025/3
47427,UPGRADE,SIMPLO,LUBRITEC,19/05/2025,5184,,2025/3
47397,UPGRADE,SIMPLO,LUBRITEC,19/05/2025,1528,,2025/3
47396,UPGRADE,SIMPLO,LUBRITEC,19/05/2025,1527,,2025/3
47395,UPGRADE,SIMPLO,LUBRITEC,19/05/2025,1526,,2025/3
47394,UPGRADE,SIMPLO,LUBRITEC,19/05/2025,1525,,2025/3
47289,UPGRADE,SIMPLO,INJEÇÃO,16/05/2025,2224,,2025/3
47275,CORREÇÃO,SIMPLO,INJEÇÃO,16/05/2025,2154,,2025/3
47257,UPGRADE,SIMPLO,INJEÇÃO,16/05/2025,2219,,2025/3
47416,CORREÇÃO,SIMPLO,INJEÇÃO,16/05/2025,2222,,2025/3
47461,CORREÇÃO,SIMPLO,SCOPE TRUCK (PICO SCOPE),16/05/2025,736,,2025/3
47461,CORREÇÃO,SIMPLO,PICO SCOPE,16/05/2025,736,,2025/3
47454,UPGRADE,SIMPLO,PICO SCOPE,16/05/2025,701,,2025/3
46014,NOVA,SIMPLO,MT PRO,16/05/2025,376,,2025/3
47460,CORREÇÃO,SIMPLO,SCOPE TRUCK (MT PRO),16/05/2025,367,,2025/3
47460,CORREÇÃO,SIMPLO,MT PRO,16/05/2025,367,,2025/3
47449,UPGRADE,SIMPLO,MT PRO,16/05/2025,358,,2025/3
47444,CORREÇÃO,SIMPLO,ELECTRA,16/05/2025,218,,2025/3
34532,NOVA,SIMPLO,CLIMA CAR,16/05/2025,1207,,2025/3
47158,NOVA,SIMPLO,INJEÇÃO,16/05/2025,2233,,2025/3
47459,CORREÇÃO,SIMPLO,LUBRITEC,16/05/2025,1188,,2025/3
47458,CORREÇÃO,SIMPLO,LUBRITEC,16/05/2025,5299,,2025/3
47457,CORREÇÃO,SIMPLO,LUBRITEC,16/05/2025,1301,,2025/3
47456,CORREÇÃO,SIMPLO,LUBRITEC,16/05/2025,4387,,2025/3
47455,CORREÇÃO,SIMPLO,LUBRITEC,16/05/2025,5585,,2025/3
47464,CORREÇÃO,SIMPLO,SINCRO - CORREIAS,16/05/2025,1165,,2025/3
47464,CORREÇÃO,SIMPLO,SINCRO - CORREIAS,16/05/2025,963,,2025/3
46177,NOVA,SIMPLO,MT PRO,16/05/2025,375,,2025/3
47462,NOVA,SIMPLO,MT PRO,16/05/2025,374,,2025/3
45321,NOVA,SIMPLO,INJEÇÃO,15/05/2025,2232,,2025/3
47252,UPGRADE,SIMPLO,INJEÇÃO,15/05/2025,2207,,2025/3
47251,UPGRADE,SIMPLO,INJEÇÃO,15/05/2025,2215,,2025/3
47250,UPGRADE,SIMPLO,INJEÇÃO,15/05/2025,2214,,2025/3
47249,UPGRADE,SIMPLO,INJEÇÃO,15/05/2025,2216,,2025/3
47248,UPGRADE,SIMPLO,INJEÇÃO,15/05/2025,2213,,2025/3
47238,UPGRADE,SIMPLO,INJEÇÃO,15/05/2025,2218,,2025/3
47212,CORREÇÃO,SIMPLO,INJEÇÃO,15/05/2025,2189,,2025/3
47169,CORREÇÃO,SIMPLO,INJEÇÃO,15/05/2025,1952,,2025/3
46475,UPGRADE,SIMPLO,INJEÇÃO,15/05/2025,1514,,2025/3
47422,CORREÇÃO,SIMPLO,ELECTRA TRUCK,15/05/2025,38,,2025/3
47423,CORREÇÃO,SIMPLO,ELECTRA,15/05/2025,139,,2025/3
47425,CORREÇÃO,SIMPLO,ELECTRA,15/05/2025,38,,2025/3
44737,CORREÇÃO,SIMPLO,ELECTRA,15/05/2025,145,,2025/3
44011,UPGRADE,SIMPLO,ELECTRA,15/05/2025,274,,2025/3
47452,CORREÇÃO,SIMPLO,MOTORES - LINHA LEVE,15/05/2025,1367,,2025/3
47443,CORREÇÃO,SIMPLO,CLIMA CAR,15/05/2025,740,,2025/3
46961,NOVA,SIMPLO,PICO SCOPE,15/05/2025,746,,2025/3
46022,NOVA,SIMPLO,MT PRO,15/05/2025,373,,2025/3
47434,UPGRADE,SIMPLO,MOTORES - LINHA LEVE,14/05/2025,387,,2025/3
47433,CORREÇÃO,SIMPLO,MOTORES - LINHA LEVE,14/05/2025,1383,,2025/3
44046,UPGRADE,SIMPLO,MT PRO,14/05/2025,267,,2025/3
47198,UPGRADE,SIMPLO,SCOPE TRUCK (PICO SCOPE),14/05/2025,57,,2025/3
47198,UPGRADE,SIMPLO,PICO SCOPE,14/05/2025,57,,2025/3
47439,UPGRADE,SIMPLO,PICO SCOPE,14/05/2025,145,,2025/3
40903,UPGRADE,SIMPLO,PICO SCOPE,14/05/2025,163,,2025/3
47404,UPGRADE,SIMPLO,ABS/ASR/ESP,14/05/2025,670,,2025/3
47398,UPGRADE,SIMPLO,ABS/ASR/ESP,14/05/2025,721,,2025/3
47399,UPGRADE,SIMPLO,CÂMBIO,14/05/2025,118,,2025/3
47411,CORREÇÃO,SIMPLO,CLIMA TRUCK,14/05/2025,107,,2025/3
47430,UPGRADE,SIMPLO,CLIMA CAR,14/05/2025,718,,2025/3
47405,UPGRADE,SIMPLO,CLIMA CAR,14/05/2025,853,,2025/3
47392,UPGRADE,SIMPLO,CLIMA CAR,14/05/2025,882,,2025/3
45290,CORREÇÃO,SIMPLO,CLIMA CAR,14/05/2025,770,,2025/3
44783,CORREÇÃO,SIMPLO,CLIMA CAR,14/05/2025,1080,,2025/3
44738,CORREÇÃO,SIMPLO,CLIMA CAR,14/05/2025,470,,2025/3
47380,NOVA,SIMPLO,SCOPE TRUCK (PICO SCOPE),14/05/2025,745,,2025/3
47273,NOVA,SIMPLO,SCOPE TRUCK (PICO SCOPE),14/05/2025,744,,2025/3
47273,NOVA,SIMPLO,PICO SCOPE,14/05/2025,744,,2025/3
47333,NOVA,SIMPLO,PICO SCOPE,14/05/2025,743,,2025/3
47284,NOVA,SIMPLO,PICO SCOPE,14/05/2025,742,,2025/3
47280,NOVA,SIMPLO,PICO SCOPE,14/05/2025,741,,2025/3
47217,NOVA,SIMPLO,PICO SCOPE,14/05/2025,740,,2025/3
47199,NOVA,SIMPLO,PICO SCOPE,14/05/2025,739,,2025/3
46174,NOVA,SIMPLO,SCOPE TRUCK (MT PRO),14/05/2025,372,,2025/3
46174,NOVA,SIMPLO,MT PRO,14/05/2025,372,,2025/3
46163,NOVA,SIMPLO,MT PRO,14/05/2025,371,,2025/3
46117,NOVA,SIMPLO,MT PRO,14/05/2025,370,,2025/3
47420,CORREÇÃO,SIMPLO,LUBRITEC,14/05/2025,5758,,2025/3
46722,UPGRADE,SIMPLO,CÂMBIO TRUCK,02/05/2025,66,,2025/2
46722,UPGRADE,SIMPLO,CÂMBIO,02/05/2025,66,,2025/2
45712,NOVA,SIMPLO,CÓDIGO DE FALHAS,02/05/2025,757,,2025/2
47406,UPGRADE,HIBRIDOS,H&E - MOTORES,29/04/2025,16C,,2025/2 H&E
47406,UPGRADE,HIBRIDOS,H&E - MOTORES,29/04/2025,16B,,2025/2 H&E
46654,UPGRADE,HIBRIDOS,H&E - MOTORES,29/04/2025,9R,,2025/2 H&E
46654,UPGRADE,HIBRIDOS,H&E - MOTORES,29/04/2025,9Q,,2025/2 H&E
47407,NOVA,HIBRIDOS,H&E - MOTORES,29/04/2025,61B,,2025/2 H&E
47407,NOVA,HIBRIDOS,H&E - MOTORES,29/04/2025,61A,,2025/2 H&E
47402,NOVA,HIBRIDOS,H&E - MOTORES,29/04/2025,60B,,2025/2 H&E
47402,NOVA,HIBRIDOS,H&E - MOTORES,29/04/2025,60A,,2025/2 H&E
44060,NOVA,SIMPLO,CÂMBIO,29/04/2025,230,,2025/2
47403,UPGRADE,SIMPLO,ELECTRA,29/04/2025,194,,2025/2
44060,UPGRADE,SIMPLO,ELECTRA,29/04/2025,194,,2025/2
47316,CORREÇÃO,SIMPLO,ELECTRA TRUCK,29/04/2025,175,,2025/2
47210,CORREÇÃO,SIMPLO,ELECTRA TRUCK,29/04/2025,8,,2025/2
46605,UPGRADE,SIMPLO,CÂMBIO TRUCK,29/04/2025,211,,2025/2
46605,UPGRADE,SIMPLO,ELECTRA TRUCK,29/04/2025,136,,2025/2
47292,UPGRADE,SIMPLO,ELECTRA,29/04/2025,114,,2025/2
47172,CORREÇÃO,SIMPLO,ELECTRA,29/04/2025,105,,2025/2
47045,NOVA,HIBRIDOS,H&E - ABS,29/04/2025,59,,2025/2 H&E
43702,NOVA,TRACTOR,CODIGO DE FALHAS TRACTOR,29/04/2025,53,,2025/2 T
43701,NOVA,TRACTOR,CODIGO DE FALHAS TRACTOR,29/04/2025,52,,2025/2 T
47006,CORREÇÃO,SIMPLO,ELECTRA,28/04/2025,150,,2025/2
46877,CORREÇÃO,SIMPLO,ELECTRA,28/04/2025,223,,2025/2
46852,UPGRADE,SIMPLO,ELECTRA,28/04/2025,172,,2025/2
13925,NOVA,SIMPLO,CÓDIGO DE FALHAS,28/04/2025,756,,2025/2
44708,CORREÇÃO,SIMPLO,ELECTRA,28/04/2025,68,,2025/2
46408,NOVA,SIMPLO,CÂMBIO,28/04/2025,229,,2025/2
46408,UPGRADE,SIMPLO,ELECTRA,28/04/2025,302,,2025/2
44582,CORREÇÃO,SIMPLO,ELECTRA,28/04/2025,164,,2025/2
43434,UPGRADE,SIMPLO,ELECTRA,28/04/2025,229,,2025/2
47367,NOVA,SIMPLO,SCOPE TRUCK (PICO SCOPE),28/04/2025,738,,2025/2
46398,NOVA,SIMPLO,CÂMBIO,28/04/2025,228,,2025/2
46398,UPGRADE,SIMPLO,ELECTRA,28/04/2025,301,,2025/2
44992,CORREÇÃO,SIMPLO,ELECTRA,28/04/2025,72,,2025/2
44743,CORREÇÃO,SIMPLO,ELECTRA,28/04/2025,238,,2025/2
38206,NOVA,MOTOS,INJEÇÃO MOTOS,28/04/2025,58,,2025/1 M
46757,NOVA,SIMPLO,CÓDIGO DE FALHAS,28/04/2025,755,,2025/2
8368,NOVA,SIMPLO,CÓDIGO DE FALHAS,28/04/2025,754,,2025/2
47173,CORREÇÃO,SIMPLO,LOCAR,28/04/2025,629,,2025/2
43378,UPGRADE,SIMPLO,INJEÇÃO,28/04/2025,1660,,2025/2
46821,UPGRADE,ELÉTRICOS,ELETRICOS,28/04/2025,7,,2025/2
46748,UPGRADE,SIMPLO,MOTORES - LINHA LEVE,28/04/2025,1479,,2025/2
38233,NOVA,MOTOS,ELECTRA MOTOS,28/04/2025,58,,2025/1 M
47028,NOVA,SIMPLO,ELECTRA,28/04/2025,323,,2025/2
39895,NOVA,SIMPLO,CLIMA TRUCK,28/04/2025,187,,2025/2
39895,NOVA,SIMPLO,CLIMA CAR,28/04/2025,1084,,2025/2
33715,NOVA,SIMPLO,CLIMA CAR,28/04/2025,1206,,2025/2
33715,NOVA,SIMPLO,CLIMA CAR,28/04/2025,1205,,2025/2
33715,NOVA,SIMPLO,CLIMA CAR,28/04/2025,1204,,2025/2
47376,CORREÇÃO,SIMPLO,INJEÇÃO,25/04/2025,1725,,2025/2
47225,NOVA,SIMPLO,ELECTRA TRUCK,25/04/2025,198,,2025/2
46237,NOVA,SIMPLO,ELECTRA TRUCK,25/04/2025,197,,2025/2
46226,CORREÇÃO,SIMPLO,INJEÇÃO,25/04/2025,1606,,2025/2
46018,UPGRADE,SIMPLO,INJEÇÃO,25/04/2025,1716,,2025/2
47373,NOVA,SIMPLO,ELECTRA,25/04/2025,322,,2025/2
46986,NOVA,SIMPLO,ELECTRA,25/04/2025,321,,2025/2
47358,CORREÇÃO,SIMPLO,DIESEL,25/04/2025,378,,2025/2
47023,UPGRADE,SIMPLO,DIESEL,25/04/2025,311,,2025/2
47190,NOVA,SIMPLO,SCOPE TRUCK (PICO SCOPE),25/04/2025,737,,2025/2
47190,NOVA,SIMPLO,PICO SCOPE,25/04/2025,737,,2025/2
46820,UPGRADE,ELÉTRICOS,ELETRICOS - ABS,25/04/2025,7,,2025/2 H&E
46819,UPGRADE,ELÉTRICOS,ELETRICOS - AC,25/04/2025,7,,2025/2 H&E
46818,UPGRADE,ELÉTRICOS,ELETRICOS,25/04/2025,7,,2025/2 H&E
46274,UPGRADE,ELÉTRICOS,ELETRICOS,25/04/2025,10,,2025/2 H&E
46271,UPGRADE,ELÉTRICOS,ELETRICOS,25/04/2025,10,,2025/2 H&E
46111,NOVA,SIMPLO,MT PRO,25/04/2025,369,,2025/2
47072,NOVA,SIMPLO,SCOPE TRUCK (MT PRO),25/04/2025,368,,2025/2
47072,NOVA,SIMPLO,MT PRO,25/04/2025,368,,2025/2
47073,NOVA,SIMPLO,SCOPE TRUCK (MT PRO),25/04/2025,367,,2025/2
47073,NOVA,SIMPLO,MT PRO,25/04/2025,367,,2025/2
38234,UPGRADE,MOTOS,ELECTRA MOTOS,25/04/2025,38,,2025/2
47071,UPGRADE,SIMPLO,MT PRO,25/04/2025,113,,2025/2
47071,UPGRADE,SIMPLO,SCOPE TRUCK (MT PRO),25/04/2025,113,,2025/2
47348,UPGRADE,SIMPLO,LUBRITEC,25/04/2025,5517,,2025/2
44053,NOVA,SIMPLO,SCOPE TRUCK (MT PRO),25/04/2025,347,,2025/2
44230,NOVA,SIMPLO,SCOPE TRUCK (MT PRO),25/04/2025,352,,2025/2
47366,UPGRADE,SIMPLO,LUBRITEC,24/04/2025,5516,,2025/2
47255,UPGRADE,SIMPLO,INJEÇÃO,24/04/2025,2217,,2025/2
47233,UPGRADE,SIMPLO,INJEÇÃO,24/04/2025,2210,,2025/2
47233,UPGRADE,SIMPLO,INJEÇÃO,24/04/2025,2209,,2025/2
47233,UPGRADE,SIMPLO,INJEÇÃO,24/04/2025,2208,,2025/2
46924,UPGRADE,SIMPLO,INJEÇÃO,24/04/2025,2046,,2025/2
39620,NOVA,SIMPLO,ELECTRA,24/04/2025,320,,2025/2
38211,NOVA,MOTOS,ELECTRA MOTOS,24/04/2025,59,,2025/1 M
38205,NOVA,MOTOS,ELECTRA MOTOS,24/04/2025,58,,2025/1 M
47343,NOVA,SIMPLO,SCOPE TRUCK (MT PRO),24/04/2025,366,,2025/2
47096,NOVA,SIMPLO,ELECTRA,24/04/2025,319,,2025/2
47108,NOVA,SIMPLO,CLIMA CAR,24/04/2025,1083,,2025/2
40471,UPGRADE,SIMPLO,CLIMA CAR,23/04/2025,1082,,2025/2
47357,CORREÇÃO,SIMPLO,MOTORES - LINHA LEVE,23/04/2025,1383,,2025/2
47178,UPGRADE,SIMPLO,PICO SCOPE,23/04/2025,132,,2025/2
47163,UPGRADE,SIMPLO,SCOPE TRUCK (MT PRO),23/04/2025,12,,2025/2
47163,UPGRADE,SIMPLO,MT PRO,23/04/2025,12,,2025/2
47247,UPGRADE,SIMPLO,CLIMA CAR,23/04/2025,1201,,2025/2
47359,UPGRADE,SIMPLO,DIESEL,23/04/2025,422,,2025/2
46911,UPGRADE,SIMPLO,DIESEL,23/04/2025,351,,2025/2
47348,UPGRADE,SIMPLO,LUBRITEC,23/04/2025,5516,,2025/2
47300,CORREÇÃO,SIMPLO,LUBRITEC,23/04/2025,5176,,2025/2
47286,UPGRADE,SIMPLO,ABS/ASR/ESP,23/04/2025,1010,,2025/2
47240,UPGRADE,SIMPLO,ABS/ASR/ESP,23/04/2025,999,,2025/2
47313,UPGRADE,SIMPLO,ABS/ASR/ESP,23/04/2025,611,,2025/2
47107,UPGRADE,SIMPLO,ABS/ASR/ESP,23/04/2025,717,,2025/2
47350,CORREÇÃO,SIMPLO,ABS/ASR/ESP,23/04/2025,681,,2025/2
47068,NOVA,SIMPLO,SCOPE TRUCK (MT PRO),23/04/2025,365,,2025/2
47319,CORREÇÃO,SIMPLO,INJEÇÃO,23/04/2025,2054,,2025/2
47318,CORREÇÃO,SIMPLO,INJEÇÃO,23/04/2025,1548,,2025/2
47270,UPGRADE,SIMPLO,INJEÇÃO,22/04/2025,1142,,2025/2
46046,UPGRADE,SIMPLO,DIESEL,22/04/2025,117,,2025/2
47317,CORREÇÃO,SIMPLO,DIESEL,22/04/2025,265,,2025/2
47267,CORREÇÃO,SIMPLO,DIESEL,22/04/2025,214,,2025/2
47218,CORREÇÃO,SIMPLO,DIESEL,22/04/2025,236,,2025/2
37650,NOVA,ELÉTRICOS,ELETRICOS - ABS,22/04/2025,33A,,2025/2 H&E
47123,NOVA,SIMPLO,CLIMA CAR,22/04/2025,1203,,2025/2
47197,NOVA,SIMPLO,SCOPE TRUCK (PICO SCOPE),22/04/2025,736,,2025/2
47197,NOVA,SIMPLO,PICO SCOPE,22/04/2025,736,,2025/2
33717,NOVA,SIMPLO,ELECTRA,22/04/2025,318,,2025/2
47122,NOVA,SIMPLO,ABS/ASR/ESP,22/04/2025,1015,,2025/2
47208,CORREÇÃO,SIMPLO,DIESEL,22/04/2025,308,,2025/2
46455,NOVA,SIMPLO,INJEÇÃO,22/04/2025,2231,,2025/2
39367,NOVA,SIMPLO,DIESEL,22/04/2025,424,,2025/2
47036,NOVA,SIMPLO,ARLA,22/04/2025,21,,2025/2
45744,NOVA,MOTOS,INJEÇÃO MOTOS,22/04/2025,57,,2025/1 M
45745,NOVA,MOTOS,ELECTRA MOTOS,22/04/2025,57,,2025/1 M
37300,NOVA,SIMPLO,CLIMA TRUCK,22/04/2025,186,,2025/2
46171,NOVA,SIMPLO,MT PRO,22/04/2025,364,,2025/2
46969,NOVA,SIMPLO,CÂMBIO,22/04/2025,227A,,2025/2
46969,NOVA,SIMPLO,ELECTRA,22/04/2025,317,,2025/2
37795,NOVA,SIMPLO,ELECTRA,22/04/2025,316,,2025/2
43231,NOVA,SIMPLO,DIESEL,21/04/2025,423,,2025/2
46596,NOVA,SIMPLO,INJEÇÃO,21/04/2025,2230,,2025/2
47183,NOVA,SIMPLO,ELECTRA,21/04/2025,315,,2025/2
46987,NOVA,SIMPLO,ELECTRA,21/04/2025,314,,2025/2
45751,NOVA,MOTOS,ELECTRA MOTOS,21/04/2025,56,,2025/1 M
45747,NOVA,MOTOS,ELECTRA MOTOS,21/04/2025,55,,2025/1 M
45749,NOVA,MOTOS,INJEÇÃO MOTOS,21/04/2025,56,,2025/1 M
45746,NOVA,MOTOS,INJEÇÃO MOTOS,21/04/2025,55,,2025/1 M
45748,NOVA,MOTOS,ELECTRA MOTOS,21/04/2025,55,,2025/1 M
37076,NOVA,MOTOS,ELECTRA MOTOS,21/04/2025,54,,2025/1 M
47309,NOVA,SIMPLO,ABS/ASR/ESP,17/04/2025,1014,,2025/2
47302,NOVA,SIMPLO,SCOPE TRUCK (PICO SCOPE),17/04/2025,735,,2025/2
47302,NOVA,SIMPLO,PICO SCOPE,17/04/2025,735,,2025/2
47310,NOVA,SIMPLO,SINCRO - CORREIAS,17/04/2025,1975,,2025/2
47322,CORREÇÃO,SIMPLO,ELECTRA,17/04/2025,107,,2025/2
47299,NOVA,SIMPLO,LUBRITEC,17/04/2025,5763,,2025/2
47308,NOVA,SIMPLO,ABS/ASR/ESP,17/04/2025,1013,,2025/2
46306,NOVA,SIMPLO,ABS/ASR/ESP,17/04/2025,1012,,2025/2
46114,NOVA,SIMPLO,INJEÇÃO,17/04/2025,2229,,2025/2
47182,NOVA,SIMPLO,CÂMBIO TRUCK,17/04/2025,226A,,2025/2
47182,NOVA,SIMPLO,CÂMBIO,17/04/2025,226A,,2025/2
47182,NOVA,SIMPLO,ELECTRA TRUCK,17/04/2025,196,,2025/2
47182,NOVA,SIMPLO,ELECTRA,17/04/2025,313,,2025/2
47027,NOVA,SIMPLO,CÂMBIO,17/04/2025,225A,,2025/2
47027,NOVA,SIMPLO,ELECTRA,17/04/2025,312,,2025/2
46984,NOVA,SIMPLO,CÂMBIO,17/04/2025,224A,,2025/2
46984,NOVA,SIMPLO,ELECTRA,17/04/2025,311,,2025/2
46488,NOVA,SIMPLO,ELECTRA,16/04/2025,310,,2025/2
25670,NOVA,SIMPLO,CÂMBIO,16/04/2025,280,,2025/2
25670,NOVA,SIMPLO,ELECTRA,16/04/2025,309,,2025/2
25664,NOVA,SIMPLO,ELECTRA,16/04/2025,308,,2025/2
46967,NOVA,TRACTOR,MT PRO TRACTOR,16/04/2025,17,,2025/2 T
46966,NOVA,TRACTOR,MT PRO TRACTOR,16/04/2025,16,,2025/2 T
46963,NOVA,TRACTOR,MT PRO TRACTOR,16/04/2025,15,,2025/2 T
44707,NOVA,TRACTOR,INJEÇÃO TRACTOR,16/04/2025,83,,2025/2 T
44721,NOVA,TRACTOR,INJEÇÃO TRACTOR,16/04/2025,82,,2025/2 T
44849,NOVA,TRACTOR,CLIMA TRACTOR,16/04/2025,186,,2025/2 T
44787,NOVA,TRACTOR,CLIMA TRACTOR,16/04/2025,185,,2025/2 T
44720,NOVA,TRACTOR,CLIMA TRACTOR,16/04/2025,184,,2025/2 T
44706,NOVA,TRACTOR,CLIMA TRACTOR,15/04/2025,183,,2025/2 T
43087,NOVA,TRACTOR,CLIMA TRACTOR,15/04/2025,182,,2025/2 T
45910,NOVA,SIMPLO,DIESEL,15/04/2025,422,,2025/2
34396,NOVA,SIMPLO,ABS/ASR/ESP,15/04/2025,1011,,2025/2
42498,NOVA,SIMPLO,INJEÇÃO,15/04/2025,2228,,2025/2
37773,NOVA,SIMPLO,INJEÇÃO,15/04/2025,2227,,2025/2
47099,NOVA,SIMPLO,SCOPE TRUCK (PICO SCOPE),15/04/2025,734,,2025/2
47070,NOVA,SIMPLO,SCOPE TRUCK (MT PRO),15/04/2025,363,,2025/2
47272,NOVA,SIMPLO,SCOPE TRUCK (MT PRO),15/04/2025,362,,2025/2
47272,NOVA,SIMPLO,MT PRO,15/04/2025,362,,2025/2
47166,NOVA,SIMPLO,SCOPE TRUCK (MT PRO),15/04/2025,361,,2025/2
47166,NOVA,SIMPLO,MT PRO,15/04/2025,361,,2025/2
46125,NOVA,SIMPLO,MT PRO,15/04/2025,360,,2025/2
46119,NOVA,SIMPLO,MT PRO,15/04/2025,359,,2025/2
40467,NOVA,SIMPLO,CLIMA TRUCK,15/04/2025,185,,2025/2
39505,NOVA,SIMPLO,CLIMA TRUCK,15/04/2025,184,,2025/2
46272,UPGRADE,ELÉTRICOS,ELETRICOS - AC,15/04/2025,10,,2025/2
47200,CORREÇÃO,SIMPLO,INJEÇÃO,15/04/2025,1933,,2025/2
34503,NOVA,SIMPLO,INJEÇÃO,15/04/2025,2226,,2025/2
46457,NOVA,SIMPLO,CLIMA CAR,15/04/2025,1202,,2025/2
46094,NOVA,SIMPLO,CLIMA CAR,14/04/2025,1201,,2025/2
45142,NOVA,SIMPLO,CLIMA CAR,14/04/2025,1200,,2025/2
37900,NOVA,SIMPLO,CLIMA CAR,14/04/2025,1199,,2025/2
37499,NOVA,SIMPLO,CLIMA CAR,14/04/2025,1198,,2025/2
35004,NOVA,SIMPLO,CLIMA CAR,14/04/2025,1197,,2025/2
46486,UPGRADE,SIMPLO,INJEÇÃO,14/04/2025,2102,,2025/2
47295,CORREÇÃO,SIMPLO,LUBRITEC,14/04/2025,5177,,2025/2
47291,CORREÇÃO,SIMPLO,ELECTRA TRUCK,14/04/2025,174,,2025/2
47226,UPGRADE,SIMPLO,CÂMBIO,14/04/2025,203,,2025/2
47220,UPGRADE,SIMPLO,ELECTRA,14/04/2025,289,,2025/2
44739,CORREÇÃO,SIMPLO,ELECTRA,14/04/2025,217,,2025/2
47276,UPGRADE,SIMPLO,ELECTRA,14/04/2025,38,,2025/2
46340,UPGRADE,SIMPLO,DIESEL,14/04/2025,390,,2025/2
44470,UPGRADE,SIMPLO,INJEÇÃO,14/04/2025,457,,2025/2
47279,UPGRADE,SIMPLO,LOCAR,14/04/2025,542,,2025/2
47278,UPGRADE,SIMPLO,CLIMA CAR,14/04/2025,274,,2025/2
47271,CORREÇÃO,SIMPLO,LUBRITEC,14/04/2025,465,,2025/2
47146,CORREÇÃO,SIMPLO,LUBRITEC,14/04/2025,5513,,2025/2
46093,NOVA,SIMPLO,ABS/ASR/ESP,14/04/2025,1010,,2025/2
37979,NOVA,SIMPLO,ABS/ASR/ESP,14/04/2025,1009,,2025/2
37979,NOVA,SIMPLO,ABS/ASR/ESP,14/04/2025,1008,,2025/2
37887,NOVA,SIMPLO,ABS/ASR/ESP,14/04/2025,1007,,2025/2
22193,NOVA,SIMPLO,INJEÇÃO,14/04/2025,2225,,2025/2
22115,NOVA,SIMPLO,INJEÇÃO,14/04/2025,2224,,2025/2
47121,NOVA,SIMPLO,INJEÇÃO,14/04/2025,2223,,2025/2
46929,NOVA,SIMPLO,INJEÇÃO,14/04/2025,2222,,2025/2
46601,NOVA,SIMPLO,INJEÇÃO,14/04/2025,2221,,2025/2
46601,NOVA,SIMPLO,INJEÇÃO,14/04/2025,2220,,2025/2
46597,NOVA,SIMPLO,INJEÇÃO,14/04/2025,2219,,2025/2
46594,NOVA,SIMPLO,INJEÇÃO,14/04/2025,2218,,2025/2
46582,NOVA,SIMPLO,INJEÇÃO,14/04/2025,2217,,2025/2
45912,NOVA,SIMPLO,INJEÇÃO,14/04/2025,2216,,2025/2
45693,NOVA,SIMPLO,INJEÇÃO,11/04/2025,2215,,2025/2
45692,NOVA,SIMPLO,INJEÇÃO,11/04/2025,2214,,2025/2
40373,NOVA,SIMPLO,INJEÇÃO,11/04/2025,2213,,2025/2
39439,NOVA,SIMPLO,INJEÇÃO,11/04/2025,2212,,2025/2
38520,NOVA,SIMPLO,INJEÇÃO,11/04/2025,2211,,2025/2
37886,NOVA,SIMPLO,INJEÇÃO,11/04/2025,2210,,2025/2
37886,NOVA,SIMPLO,INJEÇÃO,11/04/2025,2209,,2025/2
37886,NOVA,SIMPLO,INJEÇÃO,11/04/2025,2208,,2025/2
33794,NOVA,SIMPLO,INJEÇÃO,11/04/2025,2207,,2025/2
32917,NOVA,SIMPLO,INJEÇÃO,11/04/2025,2206,,2025/2
32908,NOVA,SIMPLO,INJEÇÃO,11/04/2025,2205,,2025/2
32908,NOVA,SIMPLO,INJEÇÃO,11/04/2025,2204,,2025/2
32907,NOVA,SIMPLO,INJEÇÃO,11/04/2025,2203,,2025/2
32907,NOVA,SIMPLO,INJEÇÃO,11/04/2025,2202,,2025/2
32882,NOVA,SIMPLO,INJEÇÃO,11/04/2025,2201,,2025/2
23967,NOVA,SIMPLO,INJEÇÃO,11/04/2025,2200,,2025/2
37997,NOVA,SIMPLO,ABS/ASR/ESP,11/04/2025,1006,,2025/2
37998,NOVA,SIMPLO,ABS/ASR/ESP,11/04/2025,1005,,2025/2
39509,NOVA,SIMPLO,ABS/ASR/ESP,11/04/2025,1004,,2025/2
40039,NOVA,SIMPLO,ABS/ASR/ESP,11/04/2025,1003,,2025/2
40283,NOVA,SIMPLO,ABS/ASR/ESP,11/04/2025,1002,,2025/2
42065,NOVA,SIMPLO,ABS/ASR/ESP,11/04/2025,1001,,2025/2
34708,NOVA,SIMPLO,ABS/ASR/ESP,11/04/2025,1000,,2025/2
34380,NOVA,SIMPLO,ABS/ASR/ESP,11/04/2025,999,,2025/2
45141,NOVA,SIMPLO,ABS/ASR/ESP,11/04/2025,998,,2025/2
44876,NOVA,TRACTOR,ELECTRA TRACTOR,11/04/2025,129,,2025/2 T
44848,NOVA,TRACTOR,ELECTRA TRACTOR,10/04/2025,128,,2025/2 T
44719,NOVA,TRACTOR,ELECTRA TRACTOR,10/04/2025,127,,2025/2 T
44705,NOVA,TRACTOR,ELECTRA TRACTOR,10/04/2025,126,,2025/2 T
44568,NOVA,TRACTOR,ELECTRA TRACTOR,10/04/2025,125,,2025/2 T
47101,UPGRADE,SIMPLO,SCOPE TRUCK (PICO SCOPE),10/04/2025,57,,2025/2
47101,UPGRADE,SIMPLO,PICO SCOPE,10/04/2025,57,,2025/2
46273,UPGRADE,ELÉTRICOS,ELETRICOS - ABS,10/04/2025,10,,2025/2 H&E
46965,UPGRADE,TRACTOR,MT PRO TRACTOR,10/04/2025,9,,2025/2 T
38080,UPGRADE,SIMPLO,ABS/ASR/ESP,10/04/2025,738,,2025/2
47260,CORREÇÃO,SIMPLO,INJEÇÃO,10/04/2025,1321,,2025/2
47223,UPGRADE,SIMPLO,LUBRITEC,10/04/2025,4521,,2025/2
47222,UPGRADE,SIMPLO,LUBRITEC,10/04/2025,4520,,2025/2
47215,NOVA,SIMPLO,CÂMBIO TRUCK,10/04/2025,223,,2025/2
47216,UPGRADE,SIMPLO,ELECTRA TRUCK,10/04/2025,149,,2025/2
46994,UPGRADE,SIMPLO,ELECTRA TRUCK,10/04/2025,149,,2025/2
47100,UPGRADE,SIMPLO,PICO SCOPE,09/04/2025,369,,2025/2
47100,UPGRADE,SIMPLO,SCOPE TRUCK (PICO SCOPE),09/04/2025,369,,2025/2
39677,UPGRADE,SIMPLO,SINCRO - CORREIAS,09/04/2025,936,,2025/2
47214,UPGRADE,SIMPLO,LUBRITEC,09/04/2025,4519,,2025/2
47213,UPGRADE,SIMPLO,LUBRITEC,09/04/2025,4518,,2025/2
31797,NOVA,TRACTOR,ELECTRA TRACTOR,08/04/2025,124,,2025/2 T
45629,CORREÇÃO,SIMPLO,MOTORES - LINHA LEVE,08/04/2025,1527,,2025/2
46632,UPGRADE,SIMPLO,ABS/ASR/ESP,08/04/2025,721,,2025/2
47211,CORREÇÃO,SIMPLO,DIESEL,08/04/2025,348,,2025/2
47205,UPGRADE,SIMPLO,LUBRITEC,08/04/2025,5656,,2025/2
47201,CORREÇÃO,SIMPLO,CLIMA CAR,08/04/2025,838,,2025/2
44033,UPGRADE,TRACTOR,ELECTRA TRACTOR,08/04/2025,84,,2025/2 T
43482,UPGRADE,TRACTOR,ELECTRA TRACTOR,08/04/2025,113,,2025/2 T
43086,NOVA,TRACTOR,ELECTRA TRACTOR,08/04/2025,123,,2025/2 T
47189,UPGRADE,SIMPLO,LUBRITEC,07/04/2025,1070,,2025/2
42411,NOVA,SIMPLO,DIESEL,07/04/2025,421,,2025/2
47098,NOVA,SIMPLO,SCOPE TRUCK (PICO SCOPE),07/04/2025,733,,2025/2
47098,NOVA,SIMPLO,PICO SCOPE,07/04/2025,733,,2025/2
46962,NOVA,SIMPLO,SCOPE TRUCK (PICO SCOPE),07/04/2025,732,,2025/2
46962,NOVA,SIMPLO,PICO SCOPE,07/04/2025,732,,2025/2
47196,NOVA,SIMPLO,MT PRO,07/04/2025,358,,2025/2
46454,CORREÇÃO,SIMPLO,INJEÇÃO,07/04/2025,2136,,2025/2
46851,UPGRADE,SIMPLO,ELECTRA,07/04/2025,289,,2025/2
46731,NOVA,SIMPLO,CÂMBIO,07/04/2025,222,,2025/2
46731,UPGRADE,SIMPLO,ELECTRA,07/04/2025,300,,2025/2
47176,CORREÇÃO,SIMPLO,DIESEL,07/04/2025,331,,2025/2
47047,CORREÇÃO,SIMPLO,DIESEL,07/04/2025,335,,2025/2
46095,CORREÇÃO,SIMPLO,DIESEL,07/04/2025,396,,2025/2
47188,UPGRADE,SIMPLO,LUBRITEC,07/04/2025,4864,,2025/2
47187,UPGRADE,SIMPLO,LUBRITEC,07/04/2025,4863,,2025/2
46730,NOVA,SIMPLO,CÂMBIO,07/04/2025,221,,2025/2
46730,UPGRADE,SIMPLO,ELECTRA,07/04/2025,304,,2025/2
46647,UPGRADE,SIMPLO,ELECTRA TRUCK,07/04/2025,195,,2025/2
46647,NOVA,SIMPLO,CÂMBIO TRUCK,07/04/2025,220,,2025/2
46647,NOVA,SIMPLO,CÂMBIO,07/04/2025,220,,2025/2
46647,UPGRADE,SIMPLO,ELECTRA,07/04/2025,307,,2025/2
46610,NOVA,SIMPLO,CÂMBIO,07/04/2025,219,,2025/2
46610,UPGRADE,SIMPLO,ELECTRA,07/04/2025,305,,2025/2
46090,NOVA,SIMPLO,INJEÇÃO,04/04/2025,1870,,2025/2
46091,NOVA,SIMPLO,INJEÇÃO,04/04/2025,2197,,2025/2
46089,NOVA,SIMPLO,INJEÇÃO,04/04/2025,2196,,2025/2
44784,CORREÇÃO,SIMPLO,ELECTRA,04/04/2025,131,,2025/2
47086,NOVA,SIMPLO,SCOPE TRUCK (PICO SCOPE),04/04/2025,731,,2025/2
47180,CORREÇÃO,SIMPLO,MOTORES - LINHA LEVE,04/04/2025,1485,,2025/2
47181,CORREÇÃO,SIMPLO,LOCAR,04/04/2025,963,,2025/2
47171,CORREÇÃO,SIMPLO,DIESEL,04/04/2025,58,,2025/2
46236,NOVA,SIMPLO,DIESEL,04/04/2025,420,,2025/2
47179,CORREÇÃO,SIMPLO,INJEÇÃO,04/04/2025,1822,,2025/2
47087,CORREÇÃO,SIMPLO,INJEÇÃO,04/04/2025,1919,,2025/2
34347,NOVA,SIMPLO,INJEÇÃO,04/04/2025,2199,,2025/2
47161,NOVA,SIMPLO,SCOPE TRUCK (PICO SCOPE),04/04/2025,730,,2025/2
46405,UPGRADE,SIMPLO,ELECTRA,04/04/2025,306,,2025/2
47186,UPGRADE,SIMPLO,LUBRITEC,03/04/2025,4866,,2025/2
47185,UPGRADE,SIMPLO,LUBRITEC,03/04/2025,4865,,2025/2
47184,UPGRADE,SIMPLO,DIESEL,03/04/2025,338,,2025/2
37416,NOVA,SIMPLO,INJEÇÃO,03/04/2025,2198,,2025/2
46400,UPGRADE,SIMPLO,ELECTRA,03/04/2025,303,,2025/2
39760,NOVA,SIMPLO,ABS/ASR/ESP,03/04/2025,997,,2025/2
43922,NOVA,SIMPLO,SCOPE TRUCK (MT PRO),03/04/2025,357,,2025/2
45474,NOVA,SIMPLO,CÂMBIO,03/04/2025,218,,2025/2
45474,UPGRADE,SIMPLO,ELECTRA,03/04/2025,294,,2025/2
46427,NOVA,SIMPLO,CÂMBIO TRUCK,03/04/2025,217,,2025/2
46427,UPGRADE,SIMPLO,ELECTRA TRUCK,03/04/2025,194,,2025/2
47170,UPGRADE,SIMPLO,CLIMA CAR,02/04/2025,969,,2025/2
44920,CORREÇÃO,SIMPLO,ELECTRA TRUCK,02/04/2025,14,,2025/2
47141,CORREÇÃO,SIMPLO,ELECTRA,02/04/2025,14,,2025/2
46850,UPGRADE,SIMPLO,ELECTRA,02/04/2025,175,,2025/2
45590,UPGRADE,SIMPLO,ELECTRA,02/04/2025,39,,2025/2
43923,NOVA,SIMPLO,SCOPE TRUCK (PICO SCOPE),02/04/2025,729,,2025/2
42862,UPGRADE,SIMPLO,ELECTRA,02/04/2025,112,,2025/2
47069,NOVA,SIMPLO,SCOPE TRUCK (MT PRO),02/04/2025,356,,2025/2
47159,CORREÇÃO,SIMPLO,LUBRITEC,02/04/2025,5175,,2025/2
46338,NOVA,SIMPLO,CLIMA CAR,02/04/2025,1048,,2025/2
46338,NOVA,SIMPLO,CLIMA TRUCK,02/04/2025,183,,2025/2
47080,UPGRADE,SIMPLO,PICO SCOPE,01/04/2025,675,,2025/2
47151,UPGRADE,SIMPLO,CLIMA CAR,01/04/2025,1047,,2025/2
37498,NOVA,SIMPLO,ABS/ASR/ESP,01/04/2025,996,,2025/2
46853,NOVA,SIMPLO,LOCAR,01/04/2025,1003,,2025/2
47150,UPGRADE,SIMPLO,ABS/ASR/ESP,01/04/2025,945,,2025/2
47149,UPGRADE,SIMPLO,INJEÇÃO,01/04/2025,2119,,2025/2
47142,UPGRADE,ELÉTRICOS,ELETRICOS - AC,01/04/2025,1,,2025/2 H&E
46090,NOVA,SIMPLO,INJEÇÃO,01/04/2025,1870,,2025/2
46091,NOVA,SIMPLO,INJEÇÃO,01/04/2025,2197,,2025/2
46089,NOVA,SIMPLO,INJEÇÃO,01/04/2025,2196,,2025/2
46864,NOVA,SIMPLO,LOCAR TRUCK,01/04/2025,1002,,2025/2
46693,NOVA,SIMPLO,LOCAR TRUCK,01/04/2025,1001,,2025/2
46856,NOVA,SIMPLO,LOCAR TRUCK,01/04/2025,1000,,2025/2
47067,NOVA,SIMPLO,SCOPE TRUCK (MT PRO),01/04/2025,355,,2025/2
47067,NOVA,SIMPLO,MT PRO,01/04/2025,355,,2025/2
46044,UPGRADE,SIMPLO,DIESEL,31/03/2025,307,,2025/2
47147,UPGRADE,SIMPLO,PICO SCOPE,31/03/2025,665,,2025/2
46353,UPGRADE,SIMPLO,DIESEL,31/03/2025,167,,2025/2
43419,NOVA,SIMPLO,PICO SCOPE,31/03/2025,728,,2025/2
47021,UPGRADE,SIMPLO,INJEÇÃO,31/03/2025,1361,,2025/2
47144,CORREÇÃO,SIMPLO,DIESEL,31/03/2025,264,,2025/2
47020,UPGRADE,SIMPLO,INJEÇÃO,31/03/2025,1098,,2025/2
46865,CORREÇÃO,SIMPLO,INJEÇÃO,31/03/2025,1572,,2025/2
45735,UPGRADE,SIMPLO,INJEÇÃO,31/03/2025,1475,,2025/2
46542,NOVA,SIMPLO,CLIMA CAR,31/03/2025,1196,,2025/2
46540,NOVA,SIMPLO,ABS/ASR/ESP,31/03/2025,995,,2025/2
32542,UPGRADE,TRACTOR,ELECTRA TRACTOR,31/03/2025,95,,2025/2 T
45879,NOVA,SIMPLO,MT PRO,28/03/2025,354,,2025/2
46512,UPGRADE,HIBRIDOS,H&E - AC,28/03/2025,44A,,2025/2 H&E
46502,UPGRADE,HIBRIDOS,H&E - ABS,28/03/2025,44B,,2025/2 H&E
46178,UPGRADE,HIBRIDOS,H&E - LOCAR,28/03/2025,8L,,2025/2 H&E
46040,UPGRADE,HIBRIDOS,H&E - LOCAR,28/03/2025,20C,,2025/2 H&E
42585,UPGRADE,HIBRIDOS,H&E - REVISA CAR,28/03/2025,39C,,2025/2 H&E
37711,UPGRADE,HIBRIDOS,H&E - MOTORES,28/03/2025,10F,,2025/2 H&E
37711,UPGRADE,HIBRIDOS,H&E - MOTORES,28/03/2025,1BC,,2025/2 H&E
37662,UPGRADE,HIBRIDOS,H&E,28/03/2025,9P,,2025/2 H&E
44509,NOVA,HIBRIDOS,H&E - REVISA CAR,28/03/2025,54B,,2025/2 H&E
47118,CORREÇÃO,SIMPLO,LUBRITEC,28/03/2025,688,,2025/2
47117,CORREÇÃO,SIMPLO,LUBRITEC,28/03/2025,687,,2025/2
44700,UPGRADE,SIMPLO,INJEÇÃO,28/03/2025,1766,,2025/2
47039,CORREÇÃO,SIMPLO,SINCRO - POLY-V,28/03/2025,1649,,2025/2
47066,NOVA,SIMPLO,SCOPE TRUCK (MT PRO),28/03/2025,353,,2025/2
46688,NOVA,SIMPLO,LOCAR TRUCK,28/03/2025,999,,2025/2
47038,CORREÇÃO,SIMPLO,SINCRO - CORRENTES,27/03/2025,1648,,2025/2
44785,UPGRADE,SIMPLO,ELECTRA,27/03/2025,167,,2025/2
47112,CORREÇÃO,SIMPLO,LUBRITEC,27/03/2025,4475,,2025/2
47115,CORREÇÃO,SIMPLO,ELECTRA,27/03/2025,230,,2025/2
46931,CORREÇÃO,SIMPLO,ELECTRA TRUCK,27/03/2025,177,,2025/2
46937,CORREÇÃO,SIMPLO,INJEÇÃO,27/03/2025,1865,,2025/2
46723,UPGRADE,SIMPLO,CÂMBIO,27/03/2025,200,,2025/2
43907,UPGRADE,SIMPLO,SCOPE TRUCK (PICO SCOPE),27/03/2025,156,,2025/2
43907,UPGRADE,SIMPLO,PICO SCOPE,27/03/2025,156,,2025/2
43726,UPGRADE,SIMPLO,SCOPE TRUCK (PICO SCOPE),27/03/2025,314,,2025/2
43726,UPGRADE,SIMPLO,PICO SCOPE,27/03/2025,314,,2025/2
43184,CORREÇÃO,SIMPLO,PICO SCOPE,27/03/2025,495,,2025/2
46606,CORREÇÃO,SIMPLO,INJEÇÃO,27/03/2025,1759,,2025/2
47113,CORREÇÃO,SIMPLO,LUBRITEC,27/03/2025,4474,,2025/2
47112,CORREÇÃO,SIMPLO,LUBRITEC,27/03/2025,4475,,2025/2
46785,UPGRADE,SIMPLO,CLIMA TRUCK,27/03/2025,124,,2025/2
46841,CORREÇÃO,SIMPLO,CLIMA CAR,26/03/2025,616,,2025/2
47112,CORREÇÃO,SIMPLO,LUBRITEC,26/03/2025,4475,,2025/2
47114,CORREÇÃO,SIMPLO,INJEÇÃO,26/03/2025,2185,,2025/2
47111,CORREÇÃO,SIMPLO,INJEÇÃO,26/03/2025,1423,,2025/2
43484,UPGRADE,TRACTOR,CLIMA TRACTOR,26/03/2025,170,,2025/2 T
44035,UPGRADE,TRACTOR,INJEÇÃO TRACTOR,26/03/2025,61,,2025/2 T
34241,UPGRADE,TRACTOR,INJEÇÃO TRACTOR,26/03/2025,65,,2025/2 T
46895,CORREÇÃO,SIMPLO,ELECTRA,26/03/2025,200,,2025/2
45398,NOVA,SIMPLO,REVISA CAR,26/03/2025,670,,2025/2
42791,NOVA,SIMPLO,REVISA CAR,26/03/2025,669,,2025/2
44231,NOVA,SIMPLO,SCOPE TRUCK (PICO SCOPE),26/03/2025,727,,2025/2
44230,NOVA,SIMPLO,SCOPE TRUCK (MT PRO),26/03/2025,352,,2025/2
46988,UPGRADE,SIMPLO,ELECTRA TRUCK,26/03/2025,171,,2025/2
47097,CORREÇÃO,SIMPLO,ELECTRA,25/03/2025,290,,2025/2
47081,UPGRADE,SIMPLO,PICO SCOPE,25/03/2025,454,,2025/2
47079,UPGRADE,SIMPLO,MT PRO,25/03/2025,166,,2025/2
43180,CORREÇÃO,SIMPLO,MT PRO,25/03/2025,8,,2025/2
47037,CORREÇÃO,SIMPLO,CLIMA CAR,25/03/2025,1060,,2025/2
47106,CORREÇÃO,SIMPLO,LUBRITEC,25/03/2025,5706,,2025/2
47105,CORREÇÃO,SIMPLO,LUBRITEC,25/03/2025,5726,,2025/2
46528,CORREÇÃO,SIMPLO,INJEÇÃO,25/03/2025,1770,,2025/2
45543,CORREÇÃO,SIMPLO,INJEÇÃO,25/03/2025,2082,,2025/2
47017,CORREÇÃO,SIMPLO,DIESEL,25/03/2025,273,,2025/2
45992,CORREÇÃO,SIMPLO,DIESEL,25/03/2025,377,,2025/2
47104,CORREÇÃO,SIMPLO,LUBRITEC,25/03/2025,5735,,2025/2
47103,CORREÇÃO,SIMPLO,LUBRITEC,25/03/2025,5738,,2025/2
47064,CORREÇÃO,SIMPLO,LUBRITEC,25/03/2025,4517,,2025/2
47088,UPGRADE,SIMPLO,ELECTRA,25/03/2025,114,,2025/2
47085,CORREÇÃO,SIMPLO,ELECTRA,24/03/2025,112,,2025/2
46861,UPGRADE,SIMPLO,ELECTRA,24/03/2025,208,,2025/2
46697,UPGRADE,SIMPLO,ELECTRA TRUCK,24/03/2025,158,,2025/2
46667,UPGRADE,SIMPLO,ELECTRA,24/03/2025,176,,2025/2
46653,UPGRADE,SIMPLO,ELECTRA,24/03/2025,157,,2025/2
46571,UPGRADE,SIMPLO,ELECTRA,24/03/2025,38,,2025/2
47054,CORREÇÃO,SIMPLO,ELECTRA TRUCK,24/03/2025,176,,2025/2
44740,CORREÇÃO,SIMPLO,ELECTRA,24/03/2025,201,,2025/2
47092,UPGRADE,SIMPLO,ABS/ASR/ESP,24/03/2025,556,,2025/2
47084,UPGRADE,SIMPLO,SINCRO - CORRENTES,24/03/2025,1915,,2025/2
43848,UPGRADE,SIMPLO,PICO SCOPE,24/03/2025,194,,2025/2
42760,UPGRADE,SIMPLO,PICO SCOPE,24/03/2025,506,,2025/2
47091,CORREÇÃO,SIMPLO,INJEÇÃO,24/03/2025,1588,,2025/2
47089,CORREÇÃO,SIMPLO,INJEÇÃO,24/03/2025,1498,,2025/2
47063,CORREÇÃO,SIMPLO,LUBRITEC,24/03/2025,4516,,2025/2
47062,CORREÇÃO,SIMPLO,LUBRITEC,24/03/2025,4515,,2025/2
47095,CORREÇÃO,SIMPLO,DIESEL,24/03/2025,395,,2025/2
35829,NOVA,SIMPLO,CÂMBIO,24/03/2025,216,,2025/2
47093,NOVA,SIMPLO,SCOPE TRUCK (PICO SCOPE),23/03/2025,726,,2025/2
43849,NOVA,SIMPLO,MT PRO,23/03/2025,351,,2025/2
35828,NOVA,SIMPLO,CÂMBIO,23/03/2025,215,,2025/2
46943,UPGRADE,SIMPLO,REVISA CAR,21/03/2025,353,,2025/2
46941,UPGRADE,SIMPLO,REVISA CAR,21/03/2025,352,,2025/2
46914,UPGRADE,SIMPLO,REVISA CAR,21/03/2025,204,,2025/2
46913,UPGRADE,SIMPLO,REVISA CAR,21/03/2025,205,,2025/2
46886,UPGRADE,SIMPLO,REVISA CAR,21/03/2025,326,,2025/2
46885,UPGRADE,SIMPLO,REVISA CAR,21/03/2025,314,,2025/2
46880,UPGRADE,SIMPLO,REVISA CAR,21/03/2025,313,,2025/2
46876,UPGRADE,SIMPLO,REVISA CAR,21/03/2025,327,,2025/2
46875,UPGRADE,SIMPLO,REVISA CAR,21/03/2025,383,,2025/2
46874,UPGRADE,SIMPLO,REVISA CAR,21/03/2025,388,,2025/2
46773,UPGRADE,SIMPLO,REVISA CAR,21/03/2025,199,,2025/2
46768,UPGRADE,SIMPLO,REVISA CAR,21/03/2025,197,,2025/2
46767,UPGRADE,SIMPLO,REVISA CAR,21/03/2025,201,,2025/2
46766,UPGRADE,SIMPLO,REVISA CAR,21/03/2025,610,,2025/2
46760,UPGRADE,SIMPLO,REVISA CAR,21/03/2025,192,,2025/2
47056,CORREÇÃO,SIMPLO,INJEÇÃO,21/03/2025,1256,,2025/2
46075,CORREÇÃO,SIMPLO,INJEÇÃO,21/03/2025,1185,,2025/2
46458,NOVA,SIMPLO,ABS/ASR/ESP,21/03/2025,994,,2025/2
43106,NOVA,SIMPLO,ABS/ASR/ESP,21/03/2025,993,,2025/2
39333,NOVA,SIMPLO,INJEÇÃO,21/03/2025,2195,,2025/2
46753,UPGRADE,SIMPLO,REVISA CAR,21/03/2025,378,,2025/2
46747,UPGRADE,SIMPLO,REVISA CAR,20/03/2025,200,,2025/2
47061,CORREÇÃO,SIMPLO,LUBRITEC,20/03/2025,5651,,2025/2
43096,UPGRADE,SIMPLO,SCOPE TRUCK (PICO SCOPE),20/03/2025,461,,2025/2
43096,UPGRADE,SIMPLO,PICO SCOPE,20/03/2025,461,,2025/2
42356,UPGRADE,SIMPLO,SCOPE TRUCK (PICO SCOPE),20/03/2025,144,,2025/2
42356,UPGRADE,SIMPLO,PICO SCOPE,20/03/2025,144,,2025/2
47060,CORREÇÃO,SIMPLO,LUBRITEC,20/03/2025,4514,,2025/2
47059,CORREÇÃO,SIMPLO,LUBRITEC,20/03/2025,5728,,2025/2
46034,UPGRADE,SIMPLO,DIESEL,20/03/2025,95,,2025/2
46881,CORREÇÃO,SIMPLO,INJEÇÃO,20/03/2025,1255,,2025/2
39337,UPGRADE,SIMPLO,INJEÇÃO,20/03/2025,1923,,2025/2
46960,CORREÇÃO,SIMPLO,INJEÇÃO,20/03/2025,598,,2025/2
46946,CORREÇÃO,SIMPLO,INJEÇÃO,20/03/2025,2057,,2025/2
46812,CORREÇÃO,SIMPLO,INJEÇÃO,20/03/2025,393,,2025/2
42238,NOVA,SIMPLO,SINCRO - CORRENTES,20/03/2025,1974,,2025/2
47065,NOVA,SIMPLO,SCOPE TRUCK (MT PRO),20/03/2025,350,,2025/2
46915,NOVA,SIMPLO,REVISA CAR,20/03/2025,333,,2025/2
43293,NOVA,SIMPLO,MT PRO,19/03/2025,349,,2025/2
42365,NOVA,TRACTOR,INJEÇÃO TRACTOR,19/03/2025,81,,2025/2 T
45446,UPGRADE,SIMPLO,ELECTRA TRUCK,19/03/2025,192,,2025/2
42507,NOVA,TRACTOR,INJEÇÃO TRACTOR,19/03/2025,80,,2025/2 T
43483,NOVA,TRACTOR,INJEÇÃO TRACTOR,19/03/2025,79,,2025/2 T
43150,NOVA,TRACTOR,CLIMA TRACTOR,19/03/2025,181,,2025/2 T
43905,NOVA,SIMPLO,SCOPE TRUCK (MT PRO),19/03/2025,348,,2025/2
43905,NOVA,SIMPLO,MT PRO,19/03/2025,348,,2025/2
45351,NOVA,SIMPLO,SCOPE TRUCK (PICO SCOPE),18/03/2025,725,,2025/2
43961,NOVA,SIMPLO,SCOPE TRUCK (MT PRO),18/03/2025,347,,2025/2
43898,NOVA,SIMPLO,MT PRO,18/03/2025,346,,2025/2
44050,NOVA,SIMPLO,MT PRO,18/03/2025,345,,2025/2
43878,NOVA,SIMPLO,MT PRO,18/03/2025,344,,2025/2
43097,NOVA,SIMPLO,CLIMA TRUCK,18/03/2025,182,,2025/2
45446,UPGRADE,SIMPLO,ELECTRA,18/03/2025,295,,2025/2
45288,UPGRADE,SIMPLO,ELECTRA,18/03/2025,206,,2025/2
43742,UPGRADE,SIMPLO,ELECTRA,18/03/2025,170,,2025/2
43741,UPGRADE,SIMPLO,ELECTRA,18/03/2025,149,,2025/2
42415,NOVA,SIMPLO,ABS/ASR/ESP,18/03/2025,992,,2025/2
42980,UPGRADE,SIMPLO,ELECTRA,17/03/2025,130,,2025/2
40817,NOVA,SIMPLO,CÂMBIO,17/03/2025,214,,2025/2
40817,UPGRADE,SIMPLO,ELECTRA,17/03/2025,185,,2025/2
47053,CORREÇÃO,SIMPLO,ELECTRA TRUCK,17/03/2025,191,,2025/2
47052,CORREÇÃO,SIMPLO,ELECTRA,17/03/2025,288,,2025/2
46993,CORREÇÃO,SIMPLO,ELECTRA,17/03/2025,158,,2025/2
46882,CORREÇÃO,SIMPLO,ELECTRA,17/03/2025,150,,2025/2
46815,CORREÇÃO,ELÉTRICOS,ELETRICOS - REVISA,17/03/2025,7,,2025/2 H&E
47014,CORREÇÃO,MOTOS,CODIGO DE FALHAS MOTOS,17/03/2025,65,,2026/1
47029,CORREÇÃO,SIMPLO,CÂMBIO,17/03/2025,157,,2025/2
47029,CORREÇÃO,SIMPLO,CÂMBIO TRUCK,17/03/2025,157,,2025/2
47026,CORREÇÃO,SIMPLO,CÂMBIO,17/03/2025,68,,2025/2
47026,CORREÇÃO,SIMPLO,CÂMBIO TRUCK,17/03/2025,68,,2025/2
47051,NOVA,SIMPLO,LUBRITEC,17/03/2025,5762,,2025/2
42565,NOVA,SIMPLO,INJEÇÃO,17/03/2025,2194,,2025/2
47025,UPGRADE,SIMPLO,DIESEL,17/03/2025,346,,2025/2
47013,CORREÇÃO,SIMPLO,DIESEL,17/03/2025,267,,2025/2
47003,CORREÇÃO,SIMPLO,CLIMA CAR,17/03/2025,65,,2025/2
47050,CORREÇÃO,SIMPLO,LUBRITEC,17/03/2025,2741,,2025/2
47049,CORREÇÃO,SIMPLO,LUBRITEC,14/03/2025,5197,,2025/2
47048,CORREÇÃO,SIMPLO,LUBRITEC,14/03/2025,5291,,2025/2
47030,CORREÇÃO,SIMPLO,LUBRITEC,14/03/2025,2743,,2025/2
47016,CORREÇÃO,SIMPLO,LUBRITEC,14/03/2025,2740,,2025/2
47015,CORREÇÃO,SIMPLO,LUBRITEC,14/03/2025,390,,2025/2
47009,CORREÇÃO,SIMPLO,LUBRITEC,14/03/2025,2742,,2025/2
46995,CORREÇÃO,SIMPLO,LUBRITEC,14/03/2025,5515,,2025/2
46992,CORREÇÃO,SIMPLO,LUBRITEC,14/03/2025,1568,,2025/2
46899,CORREÇÃO,SIMPLO,LUBRITEC,14/03/2025,5514,,2025/2
46526,NOVA,SIMPLO,SCOPE TRUCK (MT PRO),14/03/2025,343,,2025/2
46526,NOVA,SIMPLO,MT PRO,14/03/2025,343,,2025/2
46713,NOVA,SIMPLO,PICO SCOPE,14/03/2025,724,,2025/2
45571,NOVA,SIMPLO,MT PRO,14/03/2025,342,,2025/2
43481,UPGRADE,SIMPLO,MT PRO,14/03/2025,231,,2025/2
42141,UPGRADE,SIMPLO,MT PRO,14/03/2025,216,,2025/2
46858,NOVA,SIMPLO,SCOPE TRUCK (PICO SCOPE),14/03/2025,720,,2025/2
46704,UPGRADE,SIMPLO,PICO SCOPE,14/03/2025,685,,2025/2
39514,NOVA,SIMPLO,CLIMA TRUCK,14/03/2025,181,,2025/2
39514,NOVA,SIMPLO,CLIMA CAR,14/03/2025,1195,,2025/2
46415,UPGRADE,SIMPLO,PICO SCOPE,14/03/2025,270,,2025/2
46414,UPGRADE,SIMPLO,PICO SCOPE,14/03/2025,572,,2025/2
42640,UPGRADE,SIMPLO,PICO SCOPE,14/03/2025,115,,2025/2
45506,UPGRADE,SIMPLO,PICO SCOPE,13/03/2025,215,,2025/2
42518,UPGRADE,SIMPLO,SCOPE TRUCK (PICO SCOPE),13/03/2025,112,,2025/2
42518,UPGRADE,SIMPLO,PICO SCOPE,13/03/2025,112,,2025/2
42368,UPGRADE,SIMPLO,PICO SCOPE,13/03/2025,28,,2025/2
42319,UPGRADE,SIMPLO,PICO SCOPE,13/03/2025,17,,2025/2
42308,UPGRADE,SIMPLO,SCOPE TRUCK (PICO SCOPE),13/03/2025,124,,2025/2
42308,UPGRADE,SIMPLO,PICO SCOPE,13/03/2025,124,,2025/2
42186,UPGRADE,SIMPLO,PICO SCOPE,13/03/2025,344,,2025/2
41969,UPGRADE,SIMPLO,PICO SCOPE,13/03/2025,77,,2025/2
41821,UPGRADE,SIMPLO,PICO SCOPE,13/03/2025,458,,2025/2
41817,UPGRADE,SIMPLO,PICO SCOPE,13/03/2025,484,,2025/2
41661,UPGRADE,SIMPLO,PICO SCOPE,13/03/2025,439,,2025/2
41601,UPGRADE,SIMPLO,PICO SCOPE,13/03/2025,501,,2025/2
41052,UPGRADE,SIMPLO,PICO SCOPE,13/03/2025,116,,2025/2
46959,UPGRADE,SIMPLO,DIESEL,13/03/2025,236,,2025/2
47024,CORREÇÃO,SIMPLO,DIESEL,13/03/2025,273,,2025/2
47011,CORREÇÃO,SIMPLO,INJEÇÃO,13/03/2025,2062,,2025/2
46769,NOVA,SIMPLO,PICO SCOPE,13/03/2025,723,,2025/2
33707,NOVA,SIMPLO,INJEÇÃO,13/03/2025,2193,,2025/2
46989,NOVA,SIMPLO,ABS/ASR/ESP,13/03/2025,991,,2025/2
46518,UPGRADE,SIMPLO,INJEÇÃO,12/03/2025,1345,,2025/2
44259,UPGRADE,SIMPLO,INJEÇÃO,12/03/2025,1565,,2025/2
46595,UPGRADE,SIMPLO,INJEÇÃO,12/03/2025,2015,,2025/2
46593,UPGRADE,SIMPLO,INJEÇÃO,12/03/2025,1943,,2025/2
46592,UPGRADE,SIMPLO,INJEÇÃO,12/03/2025,1568,,2025/2
46591,UPGRADE,SIMPLO,INJEÇÃO,12/03/2025,2018,,2025/2
46590,UPGRADE,SIMPLO,INJEÇÃO,12/03/2025,1960,,2025/2
46710,UPGRADE,SIMPLO,INJEÇÃO,12/03/2025,2185,,2025/2
39748,UPGRADE,SIMPLO,INJEÇÃO,12/03/2025,1731,,2025/2
47004,CORREÇÃO,SIMPLO,INJEÇÃO,12/03/2025,2059,,2025/2
46589,UPGRADE,SIMPLO,INJEÇÃO,11/03/2025,1984,,2025/2
46585,UPGRADE,SIMPLO,INJEÇÃO,11/03/2025,2013,,2025/2
46584,UPGRADE,SIMPLO,INJEÇÃO,11/03/2025,1887,,2025/2
47007,CORREÇÃO,SIMPLO,MOTORES - LINHA PESADA,11/03/2025,1501,,2025/2
43823,UPGRADE,SIMPLO,INJEÇÃO,11/03/2025,1973,,2025/2
46583,UPGRADE,SIMPLO,INJEÇÃO,11/03/2025,1886,,2025/2
43347,UPGRADE,SIMPLO,INJEÇÃO,10/03/2025,1055,,2025/2
40741,UPGRADE,SIMPLO,INJEÇÃO,10/03/2025,1469,,2025/2
46991,CORREÇÃO,SIMPLO,DIESEL,10/03/2025,202,,2025/2
40740,UPGRADE,SIMPLO,INJEÇÃO,10/03/2025,1470,,2025/2
46958,CORREÇÃO,SIMPLO,INJEÇÃO,10/03/2025,1903,,2025/2
46957,CORREÇÃO,SIMPLO,INJEÇÃO,10/03/2025,1615,,2025/2
46956,CORREÇÃO,SIMPLO,INJEÇÃO,10/03/2025,1605,,2025/2
46955,CORREÇÃO,SIMPLO,INJEÇÃO,10/03/2025,1604,,2025/2
46954,CORREÇÃO,SIMPLO,INJEÇÃO,10/03/2025,1601,,2025/2
46953,CORREÇÃO,SIMPLO,INJEÇÃO,10/03/2025,1600,,2025/2
46952,CORREÇÃO,SIMPLO,INJEÇÃO,10/03/2025,1599,,2025/2
46951,CORREÇÃO,SIMPLO,INJEÇÃO,10/03/2025,1598,,2025/2
45216,NOVA,SIMPLO,INJEÇÃO,10/03/2025,2192,,2025/2
46700,NOVA,SIMPLO,PICO SCOPE,10/03/2025,722,,2025/2
43799,NOVA,SIMPLO,MT PRO,10/03/2025,341,,2025/2
46123,NOVA,SIMPLO,MT PRO,10/03/2025,340,,2025/2
45732,NOVA,SIMPLO,MT PRO,10/03/2025,339,,2025/2
43724,NOVA,SIMPLO,SCOPE TRUCK (MT PRO),10/03/2025,338,,2025/2
43724,NOVA,SIMPLO,MT PRO,10/03/2025,338,,2025/2
43498,NOVA,SIMPLO,MT PRO,10/03/2025,337,,2025/2
33705,NOVA,SIMPLO,CLIMA CAR,10/03/2025,1194,,2025/2
35172,NOVA,SIMPLO,ABS/ASR/ESP,10/03/2025,990,,2025/2
43186,NOVA,TRACTOR,ELECTRA TRACTOR,07/03/2025,122,,2025/2 T
46950,CORREÇÃO,SIMPLO,INJEÇÃO,07/03/2025,1572,,2025/2
46949,CORREÇÃO,SIMPLO,INJEÇÃO,07/03/2025,1571,,2025/2
46948,CORREÇÃO,SIMPLO,INJEÇÃO,07/03/2025,1549,,2025/2
46887,CORREÇÃO,SIMPLO,INJEÇÃO,07/03/2025,1430,,2025/2
46233,CORREÇÃO,SIMPLO,INJEÇÃO,07/03/2025,1410,,2025/2
46857,UPGRADE,SIMPLO,LUBRITEC,07/03/2025,1567,,2025/2
46982,CORREÇÃO,SIMPLO,LUBRITEC,07/03/2025,1529,,2025/2
46901,CORREÇÃO,SIMPLO,LUBRITEC,07/03/2025,1523,,2025/2
46898,CORREÇÃO,SIMPLO,LUBRITEC,07/03/2025,1569,,2025/2
46889,CORREÇÃO,SIMPLO,LUBRITEC,07/03/2025,5539,,2025/2
46872,CORREÇÃO,SIMPLO,LUBRITEC,07/03/2025,5552,,2025/2
46871,CORREÇÃO,SIMPLO,LUBRITEC,07/03/2025,1509,,2025/2
46870,CORREÇÃO,SIMPLO,LUBRITEC,07/03/2025,1508,,2025/2
46863,CORREÇÃO,SIMPLO,LUBRITEC,07/03/2025,5619,,2025/2
46843,CORREÇÃO,SIMPLO,LUBRITEC,07/03/2025,5522,,2025/2
46838,CORREÇÃO,SIMPLO,LUBRITEC,07/03/2025,4890,,2025/2
46983,CORREÇÃO,SIMPLO,INJEÇÃO,07/03/2025,1363,,2025/2
46837,CORREÇÃO,SIMPLO,LUBRITEC,07/03/2025,4889,,2025/2
46836,CORREÇÃO,SIMPLO,LUBRITEC,07/03/2025,4888,,2025/2
46827,CORREÇÃO,SIMPLO,LUBRITEC,07/03/2025,5520,,2025/2
46826,CORREÇÃO,SIMPLO,LUBRITEC,07/03/2025,5519,,2025/2
46799,CORREÇÃO,SIMPLO,LUBRITEC,07/03/2025,1124,,2025/2
46789,CORREÇÃO,SIMPLO,LUBRITEC,07/03/2025,4887,,2025/2
46783,UPGRADE,SIMPLO,DIESEL,07/03/2025,341,,2025/2
46862,UPGRADE,SIMPLO,DIESEL,06/03/2025,256,,2025/2
46763,UPGRADE,SIMPLO,DIESEL,06/03/2025,408,,2025/2
44818,NOVA,SIMPLO,CLIMA CAR,06/03/2025,1193,,2025/2
46939,UPGRADE,SIMPLO,CLIMA CAR,06/03/2025,824,,2025/2
46910,UPGRADE,SIMPLO,CLIMA CAR,06/03/2025,762,,2025/2
46907,NOVA,SIMPLO,CLIMA TRUCK,06/03/2025,180,,2025/2
46907,UPGRADE,SIMPLO,CLIMA CAR,06/03/2025,761,,2025/2
46803,UPGRADE,SIMPLO,CLIMA CAR,06/03/2025,686,,2025/2
44039,UPGRADE,SIMPLO,ABS/ASR/ESP,06/03/2025,751,,2025/2
46936,CORREÇÃO,SIMPLO,ABS/ASR/ESP,06/03/2025,891,,2025/2
46930,CORREÇÃO,SIMPLO,CLIMA CAR,06/03/2025,1188,,2025/2
46905,CORREÇÃO,SIMPLO,CLIMA TRUCK,06/03/2025,149,,2025/2
44527,NOVA,TRACTOR,ELECTRA TRACTOR,06/03/2025,121,,2025/2 T
46935,CORREÇÃO,SIMPLO,DIESEL,06/03/2025,348,,2025/2
46933,CORREÇÃO,SIMPLO,DIESEL,05/03/2025,410,,2025/2
46879,CORREÇÃO,SIMPLO,DIESEL,05/03/2025,402,,2025/2
45686,CORREÇÃO,SIMPLO,DIESEL,05/03/2025,292,,2025/2
45219,UPGRADE,SIMPLO,MOTORES - LINHA LEVE,05/03/2025,1251,,2025/2
46234,UPGRADE,SIMPLO,MOTORES - LINHA PESADA,05/03/2025,901,,2025/2
45867,NOVA,SIMPLO,MOTORES - LINHA PESADA,05/03/2025,1216,,2025/2
43745,NOVA,SIMPLO,CLIMA TRUCK,05/03/2025,179,,2025/2
43715,UPGRADE,SIMPLO,MOTORES - LINHA PESADA,05/03/2025,634,,2025/2
46945,UPGRADE,SIMPLO,MOTORES - LINHA LEVE,05/03/2025,1495,,2025/2
46097,CORREÇÃO,SIMPLO,MOTORES - LINHA LEVE,05/03/2025,1285,,2025/2
45758,CORREÇÃO,SIMPLO,MOTORES - LINHA LEVE,05/03/2025,83,,2025/2
46688,NOVA,SIMPLO,LOCAR TRUCK,05/03/2025,999,,2025/2
46791,UPGRADE,SIMPLO,SINCRO - CORRENTES,03/03/2025,1840,,2025/2
46674,UPGRADE,SIMPLO,SINCRO - CORRENTES,03/03/2025,1406,,2025/2
45869,CORREÇÃO,SIMPLO,SINCRO - CORRENTES,03/03/2025,569,,2025/2
45607,CORREÇÃO,SIMPLO,SINCRO - CORREIAS,03/03/2025,1559,,2025/2
46712,NOVA,SIMPLO,LOCAR TRUCK,03/03/2025,998,,2025/2
46569,NOVA,SIMPLO,LOCAR TRUCK,03/03/2025,997,,2025/2
43722,NOVA,SIMPLO,LOCAR TRUCK,03/03/2025,996,,2025/2
46568,NOVA,SIMPLO,LOCAR TRUCK,03/03/2025,995,,2025/2
46431,NOVA,SIMPLO,LUBRITEC,03/03/2025,5761,,2025/2
46403,NOVA,SIMPLO,LUBRITEC,03/03/2025,5760,,2025/2
46339,NOVA,SIMPLO,DIESEL,03/03/2025,419,,2025/2
46878,NOVA,SIMPLO,CÂMBIO TRUCK,03/03/2025,213,,2025/2
46878,NOVA,SIMPLO,CÂMBIO,03/03/2025,213,,2025/2
43351,NOVA,SIMPLO,PICO SCOPE,03/03/2025,721,,2025/2
43745,NOVA,SIMPLO,CLIMA CAR,03/03/2025,1192,,2025/2
25672,NOVA,SIMPLO,CLIMA CAR,03/03/2025,1191,,2025/2
36392,NOVA,TRACTOR,ELECTRA TRACTOR,28/02/2025,120,,2025/2 T
45415,NOVA,TRACTOR,MOTORES TRACTOR,28/02/2025,20121,,2025/2 T
46938,NOVA,SIMPLO,REVISA CAR,28/02/2025,668,,2025/2
46940,NOVA,SIMPLO,REVISA CAR,28/02/2025,667,,2025/2
46858,NOVA,SIMPLO,PICO SCOPE,28/02/2025,720,,2025/2
45217,NOVA,SIMPLO,ABS/ASR/ESP,27/02/2025,989,,2025/2
31734,NOVA,SIMPLO,INJEÇÃO,27/02/2025,2191,,2025/2
46675,NOVA,SIMPLO,SINCRO - POLY-V,27/02/2025,1973,,2025/2
46916,NOVA,SIMPLO,REVISA CAR,27/02/2025,666,,2025/2
46337,NOVA,SIMPLO,ABS/ASR/ESP,27/02/2025,988,,2025/2
44528,NOVA,TRACTOR,INJEÇÃO TRACTOR,26/02/2025,78,,2025/2 T
42024,NOVA,TRACTOR,MOTORES TRACTOR,26/02/2025,20120,,2025/2 T
42024,NOVA,TRACTOR,MOTORES TRACTOR,26/02/2025,20119,,2025/2 T
42024,NOVA,TRACTOR,MOTORES TRACTOR,26/02/2025,20118,,2025/2 T
42024,NOVA,TRACTOR,MOTORES TRACTOR,26/02/2025,20117,,2025/2 T
46908,UPGRADE,SIMPLO,SINCRO - CORREIAS,26/02/2025,1559ON,,2025/2
24676,NOVA,TRACTOR,MOTORES TRACTOR,26/02/2025,20116,,2025/2 T
44038,NOVA,TRACTOR,INJEÇÃO TRACTOR,26/02/2025,77,,2025/2 T
44529,NOVA,TRACTOR,CLIMA TRACTOR,26/02/2025,180,,2025/2 T
44037,NOVA,TRACTOR,CLIMA TRACTOR,26/02/2025,179,,2025/2 T
36391,NOVA,TRACTOR,CLIMA TRACTOR,26/02/2025,178,,2025/2 T
45996,UPGRADE,SIMPLO,LUBRITEC,25/02/2025,5248,,2025/2
46784,UPGRADE,SIMPLO,CLIMA TRUCK,25/02/2025,124,,2025/2
43744,NOVA,SIMPLO,ABS/ASR/ESP,25/02/2025,987,,2025/2
39618,NOVA,SIMPLO,CLIMA CAR,25/02/2025,1190,,2025/2
44799,NOVA,SIMPLO,SCOPE TRUCK (PICO SCOPE),25/02/2025,719,,2025/2
44799,NOVA,SIMPLO,PICO SCOPE,25/02/2025,719,,2025/2
46771,NOVA,SIMPLO,SCOPE TRUCK (PICO SCOPE),25/02/2025,718,,2025/2
46771,NOVA,SIMPLO,PICO SCOPE,25/02/2025,718,,2025/2
46927,UPGRADE,TRACTOR,MOTORES TRACTOR,25/02/2025,20090,,2025/2 T
46927,UPGRADE,SIMPLO,MOTORES - LINHA PESADA,25/02/2025,675,,2025/2
46926,CORREÇÃO,SIMPLO,PICO SCOPE,25/02/2025,364,,2025/2
44051,NOVA,SIMPLO,PICO SCOPE,24/02/2025,717,,2025/2
46917,CORREÇÃO,SIMPLO,DIESEL,24/02/2025,103,,2025/2
32771,NOVA,SIMPLO,CLIMA CAR,24/02/2025,1189,,2025/2
45215,CORREÇÃO,SIMPLO,SINCRO - CORREIAS,24/02/2025,1826,,2025/2
46784,UPGRADE,SIMPLO,CLIMA CAR,24/02/2025,849,,2025/2
43906,NOVA,SIMPLO,SCOPE TRUCK (PICO SCOPE),21/02/2025,716,,2025/2
43906,NOVA,SIMPLO,PICO SCOPE,21/02/2025,716,,2025/2
45218,NOVA,SIMPLO,CLIMA CAR,21/02/2025,1188,,2025/2
46702,CORREÇÃO,SIMPLO,MOTORES - LINHA LEVE,21/02/2025,614,,2025/2
46835,CORREÇÃO,SIMPLO,MOTORES - LINHA LEVE,21/02/2025,86,,2025/2
43876,NOVA,SIMPLO,PICO SCOPE,21/02/2025,715,,2025/2
43660,NOVA,SIMPLO,MT PRO,21/02/2025,336,,2025/2
46232,UPGRADE,SIMPLO,MOTORES - LINHA LEVE,21/02/2025,957,,2025/2
46708,UPGRADE,SIMPLO,DIESEL,21/02/2025,414,,2025/2
46786,CORREÇÃO,SIMPLO,INJEÇÃO,21/02/2025,1338,,2025/2
46859,UPGRADE,SIMPLO,CLIMA CAR,20/02/2025,918,,2025/2
46900,UPGRADE,SIMPLO,INJEÇÃO,20/02/2025,1480,,2025/2
46893,UPGRADE,SIMPLO,INJEÇÃO,20/02/2025,2092,,2025/2
46892,UPGRADE,SIMPLO,INJEÇÃO,20/02/2025,2105,,2025/2
46890,UPGRADE,SIMPLO,INJEÇÃO,20/02/2025,2040,,2025/2
37780,NOVA,SIMPLO,ABS/ASR/ESP,20/02/2025,986,,2025/2
46736,UPGRADE,SIMPLO,MOTORES - LINHA LEVE,20/02/2025,731,,2025/2
45607,CORREÇÃO,SIMPLO,SINCRO - CORREIAS,20/02/2025,1559,,2025/2
46867,UPGRADE,SIMPLO,INJEÇÃO,19/02/2025,2102,,2025/2
46897,CORREÇÃO,SIMPLO,ELECTRA TRUCK,19/02/2025,173,,2025/2
46878,CORREÇÃO,SIMPLO,ELECTRA,19/02/2025,200,,2025/2
46896,UPGRADE,SIMPLO,ELECTRA,19/02/2025,159,,2025/2
45158,NOVA,SIMPLO,CLIMA CAR,19/02/2025,1187,,2025/2
34393,NOVA,SIMPLO,CLIMA CAR,19/02/2025,1186,,2025/2
43879,NOVA,SIMPLO,PICO SCOPE,19/02/2025,714,,2025/2
46761,NOVA,SIMPLO,PICO SCOPE,19/02/2025,713,,2025/2
45621,NOVA,SIMPLO,DIESEL,19/02/2025,418,,2025/2
46751,UPGRADE,SIMPLO,INJEÇÃO,18/02/2025,1550,,2025/2
46866,UPGRADE,SIMPLO,DIESEL,18/02/2025,142,,2025/2
46353,UPGRADE,SIMPLO,DIESEL,18/02/2025,167,,2025/2
46351,UPGRADE,SIMPLO,MOTORES - LINHA LEVE,18/02/2025,1310,,2025/2
46873,UPGRADE,SIMPLO,ABS/ASR/ESP,18/02/2025,663,,2025/2
46238,CORREÇÃO,SIMPLO,MOTORES - LINHA PESADA,18/02/2025,1435,,2025/2
46131,CORREÇÃO,SIMPLO,MOTORES - LINHA LEVE,18/02/2025,1319,,2025/2
46672,CORREÇÃO,SIMPLO,MOTORES - LINHA LEVE,18/02/2025,1515,,2025/2
46672,CORREÇÃO,SIMPLO,MOTORES - LINHA LEVE,18/02/2025,1514,,2025/2
46672,CORREÇÃO,SIMPLO,MOTORES - LINHA LEVE,18/02/2025,1513,,2025/2
46672,CORREÇÃO,SIMPLO,MOTORES - LINHA LEVE,18/02/2025,1512,,2025/2
45415,CORREÇÃO,SIMPLO,MOTORES - LINHA PESADA,18/02/2025,1281,,2025/2
45880,UPGRADE,SIMPLO,PICO SCOPE,17/02/2025,378,,2025/2
46860,CORREÇÃO,SIMPLO,INJEÇÃO,17/02/2025,1353,,2025/2
46868,UPGRADE,SIMPLO,DIESEL,17/02/2025,263,,2025/2
39994,UPGRADE,SIMPLO,PICO SCOPE,17/02/2025,477,,2025/2
46411,UPGRADE,SIMPLO,PICO SCOPE,17/02/2025,81,,2025/2
46381,UPGRADE,SIMPLO,DIESEL,17/02/2025,395,,2025/2
46849,NOVA,SIMPLO,LUBRITEC,17/02/2025,5759,,2025/2
42157,NOVA,SIMPLO,CLIMA CAR,17/02/2025,1185,,2025/2
45878,NOVA,SIMPLO,MT PRO,17/02/2025,335,,2025/2
46847,UPGRADE,SIMPLO,CLIMA CAR,17/02/2025,1007,,2025/2
46845,UPGRADE,SIMPLO,ABS/ASR/ESP,17/02/2025,824,,2025/2
46805,CORREÇÃO,SIMPLO,INJEÇÃO,17/02/2025,1897,,2025/2
46803,UPGRADE,SIMPLO,CLIMA CAR,17/02/2025,686,,2025/2
46350,CORREÇÃO,SIMPLO,MOTORES - LINHA LEVE,14/02/2025,1383,,2025/2
46735,UPGRADE,SIMPLO,MOTORES - LINHA LEVE,14/02/2025,310,,2025/2
46239,CORREÇÃO,SIMPLO,MOTORES - LINHA LEVE,14/02/2025,310,,2025/2
45086,NOVA,SIMPLO,INJEÇÃO,14/02/2025,2190,,2025/2
46668,UPGRADE,SIMPLO,ELECTRA,14/02/2025,210,,2025/2
46535,UPGRADE,SIMPLO,ELECTRA,14/02/2025,236,,2025/2
46855,UPGRADE,SIMPLO,INJEÇÃO,14/02/2025,1941,,2025/2
46854,UPGRADE,SIMPLO,INJEÇÃO,14/02/2025,1246,,2025/2
46633,UPGRADE,SIMPLO,DIESEL,14/02/2025,74,,2025/2
46817,UPGRADE,SIMPLO,INJEÇÃO,14/02/2025,1823,,2025/2
45005,UPGRADE,SIMPLO,ELECTRA,14/02/2025,175,,2025/2
46341,CORREÇÃO,SIMPLO,MOTORES - LINHA LEVE,14/02/2025,1485,,2025/2
46680,NOVA,SIMPLO,CÂMBIO,14/02/2025,212,,2025/2
46679,UPGRADE,SIMPLO,ELECTRA,14/02/2025,195,,2025/2
46848,CORREÇÃO,SIMPLO,DIESEL,14/02/2025,150,,2025/2
40234,NOVA,SIMPLO,CLIMA TRUCK,13/02/2025,178,,2025/2
45189,NOVA,SIMPLO,INJEÇÃO,13/02/2025,2189,,2025/2
45189,NOVA,SIMPLO,INJEÇÃO,13/02/2025,2188,,2025/2
45877,NOVA,SIMPLO,MT PRO,13/02/2025,334,,2025/2
46742,NOVA,SIMPLO,REVISA CAR,13/02/2025,455,,2025/2
46759,NOVA,SIMPLO,REVISA CAR,13/02/2025,632,,2025/2
46846,CORREÇÃO,SIMPLO,MOTORES - LINHA LEVE,13/02/2025,1384,,2025/2
46754,NOVA,SIMPLO,REVISA CAR,13/02/2025,631,,2025/2
46750,NOVA,SIMPLO,REVISA CAR,13/02/2025,627,,2025/2
46844,CORREÇÃO,SIMPLO,DIESEL,13/02/2025,68,,2025/2
46842,CORREÇÃO,SIMPLO,LUBRITEC,12/02/2025,5394,,2025/2
45762,NOVA,SIMPLO,MT PRO,12/02/2025,333,,2025/2
46558,NOVA,SIMPLO,PICO SCOPE,12/02/2025,712,,2025/2
46816,UPGRADE,SIMPLO,INJEÇÃO,12/02/2025,1752,,2025/2
43045,NOVA,SIMPLO,ABS/ASR/ESP,12/02/2025,985,,2025/2
38519,NOVA,SIMPLO,ABS/ASR/ESP,12/02/2025,984,,2025/2
34383,NOVA,SIMPLO,ABS/ASR/ESP,12/02/2025,983,,2025/2
46652,CORREÇÃO,SIMPLO,CLIMA CAR,11/02/2025,935,,2025/2
46651,CORREÇÃO,SIMPLO,CLIMA CAR,11/02/2025,934,,2025/2
46650,CORREÇÃO,SIMPLO,CLIMA CAR,11/02/2025,933,,2025/2
43477,NOVA,SIMPLO,INJEÇÃO,11/02/2025,2187,,2025/2
22116,NOVA,SIMPLO,INJEÇÃO,11/02/2025,2186,,2025/2
42720,NOVA,SIMPLO,LOCAR TRUCK,10/02/2025,994,,2025/2
46421,NOVA,SIMPLO,LOCAR TRUCK,10/02/2025,993,,2025/2
46421,NOVA,SIMPLO,LOCAR,10/02/2025,993,,2025/2
46790,UPGRADE,SIMPLO,INJEÇÃO,10/02/2025,2185,,2025/2
46493,NOVA,SIMPLO,LOCAR,10/02/2025,992,,2025/2
44454,NOVA,SIMPLO,LOCAR,10/02/2025,991,,2025/2
33605,NOVA,SIMPLO,LOCAR,10/02/2025,990,,2025/2
46038,CORREÇÃO,SIMPLO,MOTORES - LINHA LEVE,10/02/2025,1371,,2025/2
45617,CORREÇÃO,SIMPLO,MOTORES - LINHA LEVE,10/02/2025,1280,,2025/2
45301,CORREÇÃO,SIMPLO,MOTORES - LINHA LEVE,10/02/2025,1340,,2025/2
45291,UPGRADE,SIMPLO,MOTORES - LINHA LEVE,10/02/2025,86,,2025/2
44736,CORREÇÃO,SIMPLO,MOTORES - LINHA LEVE,10/02/2025,1355,,2025/2
44589,CORREÇÃO,SIMPLO,MOTORES - LINHA LEVE,10/02/2025,1302,,2025/2
44550,CORREÇÃO,SIMPLO,MOTORES - LINHA LEVE,10/02/2025,84,,2025/2
43628,CORREÇÃO,SIMPLO,MOTORES - LINHA LEVE,10/02/2025,1329,,2025/2
43566,CORREÇÃO,SIMPLO,MOTORES - LINHA LEVE,10/02/2025,940,,2025/2
46733,CORREÇÃO,SIMPLO,INJEÇÃO,07/02/2025,1725,,2025/2
46678,CORREÇÃO,SIMPLO,ELECTRA,07/02/2025,179,,2025/2
46729,CORREÇÃO,SIMPLO,ELECTRA TRUCK,07/02/2025,4,,2025/2
46230,CORREÇÃO,SIMPLO,DIESEL,07/02/2025,390,,2025/2
46746,UPGRADE,SIMPLO,REVISA CAR,07/02/2025,243,,2025/2
46579,UPGRADE,SIMPLO,CLIMA CAR,07/02/2025,192,,2025/2
46527,UPGRADE,SIMPLO,CLIMA CAR,07/02/2025,175,,2025/2
46498,UPGRADE,SIMPLO,CLIMA CAR,07/02/2025,174,,2025/2
46781,UPGRADE,SIMPLO,LUBRITEC,07/02/2025,4655,,2025/2
46577,UPGRADE,SIMPLO,CÂMBIO,07/02/2025,126,,2025/2
46496,UPGRADE,SIMPLO,CÂMBIO TRUCK,07/02/2025,202,,2025/2
46496,UPGRADE,SIMPLO,CÂMBIO,07/02/2025,202,,2025/2
46776,UPGRADE,SIMPLO,INJEÇÃO,07/02/2025,2097,,2025/2
46775,UPGRADE,SIMPLO,INJEÇÃO,07/02/2025,2046,,2025/2
46774,UPGRADE,SIMPLO,INJEÇÃO,07/02/2025,2049,,2025/2
46770,UPGRADE,SIMPLO,INJEÇÃO,07/02/2025,1797,,2025/2
46450,NOVA,SIMPLO,SCOPE TRUCK (PICO SCOPE),07/02/2025,702,,2025/2
46450,NOVA,SIMPLO,PICO SCOPE,07/02/2025,702,,2025/2
40821,UPGRADE,SIMPLO,INJEÇÃO,07/02/2025,1781,,2025/2
46108,CORREÇÃO,SIMPLO,ABS/ASR/ESP,07/02/2025,360,,2025/2
46460,UPGRADE,SIMPLO,CLIMA CAR,07/02/2025,1117,,2025/2
46745,UPGRADE,SIMPLO,REVISA CAR,07/02/2025,455,,2025/2
46743,UPGRADE,SIMPLO,REVISA CAR,07/02/2025,153,,2025/2
46779,UPGRADE,SIMPLO,LUBRITEC,07/02/2025,4625,,2025/2
46764,CORREÇÃO,SIMPLO,LUBRITEC,07/02/2025,820,,2025/2
46780,CORREÇÃO,SIMPLO,ELECTRA TRUCK,06/02/2025,13,,2025/2
46685,UPGRADE,SIMPLO,DIESEL,06/02/2025,414,,2025/2
46673,UPGRADE,SIMPLO,DIESEL,06/02/2025,267,,2025/2
46665,UPGRADE,SIMPLO,DIESEL,06/02/2025,348,,2025/2
46554,UPGRADE,SIMPLO,DIESEL,06/02/2025,115,,2025/2
46376,UPGRADE,SIMPLO,DIESEL,06/02/2025,169,,2025/2
46033,UPGRADE,SIMPLO,DIESEL,06/02/2025,52,,2025/2
46690,CORREÇÃO,SIMPLO,DIESEL,06/02/2025,351,,2025/2
46629,CORREÇÃO,SIMPLO,DIESEL,06/02/2025,68,,2025/2
46560,CORREÇÃO,SIMPLO,DIESEL,06/02/2025,139,,2025/2
46375,CORREÇÃO,SIMPLO,DIESEL,06/02/2025,274,,2025/2
46642,UPGRADE,SIMPLO,ABS/ASR/ESP,06/02/2025,908,,2025/2
46641,UPGRADE,SIMPLO,ABS/ASR/ESP,06/02/2025,907,,2025/2
46640,UPGRADE,SIMPLO,ABS/ASR/ESP,06/02/2025,906,,2025/2
46639,UPGRADE,SIMPLO,ABS/ASR/ESP,06/02/2025,905,,2025/2
46744,UPGRADE,SIMPLO,REVISA CAR,06/02/2025,167,,2025/2
46627,NOVA,SIMPLO,SCOPE TRUCK (PICO SCOPE),06/02/2025,711,,2025/2
46497,NOVA,SIMPLO,SCOPE TRUCK (PICO SCOPE),06/02/2025,710,,2025/2
46638,UPGRADE,SIMPLO,ABS/ASR/ESP,05/02/2025,932,,2025/2
46637,UPGRADE,SIMPLO,ABS/ASR/ESP,05/02/2025,924,,2025/2
46636,UPGRADE,SIMPLO,ABS/ASR/ESP,05/02/2025,930,,2025/2
46635,UPGRADE,SIMPLO,ABS/ASR/ESP,05/02/2025,912,,2025/2
46634,UPGRADE,SIMPLO,ABS/ASR/ESP,05/02/2025,909,,2025/2
46556,UPGRADE,SIMPLO,ABS/ASR/ESP,05/02/2025,724,,2025/2
46517,UPGRADE,SIMPLO,ABS/ASR/ESP,05/02/2025,913,,2025/2
46511,UPGRADE,SIMPLO,ABS/ASR/ESP,05/02/2025,973,,2025/2
46509,UPGRADE,SIMPLO,ABS/ASR/ESP,05/02/2025,976,,2025/2
46506,UPGRADE,SIMPLO,ABS/ASR/ESP,05/02/2025,975,,2025/2
46495,UPGRADE,SIMPLO,ABS/ASR/ESP,05/02/2025,903,,2025/2
46671,CORREÇÃO,SIMPLO,ABS/ASR/ESP,05/02/2025,800,,2025/2
46492,CORREÇÃO,SIMPLO,LOCAR TRUCK,05/02/2025,989,,2025/2
46706,CORREÇÃO,SIMPLO,CLIMA CAR,05/02/2025,881,,2025/2
46738,CORREÇÃO,SIMPLO,LUBRITEC,05/02/2025,1125,,2025/2
46705,UPGRADE,SIMPLO,INJEÇÃO,05/02/2025,1824,,2025/2
46699,CORREÇÃO,SIMPLO,INJEÇÃO,05/02/2025,1674,,2025/2
46669,CORREÇÃO,SIMPLO,INJEÇÃO,05/02/2025,1331,,2025/2
36209,CORREÇÃO,SIMPLO,PICO SCOPE,05/02/2025,503,,2025/2
36209,CORREÇÃO,SIMPLO,SCOPE TRUCK (PICO SCOPE),05/02/2025,503,,2025/2
46756,CORREÇÃO,SIMPLO,MOTORES - LINHA LEVE,05/02/2025,341,,2025/2
46612,NOVA,SIMPLO,LUBRITEC,05/02/2025,5758,,2025/2
46611,NOVA,SIMPLO,LUBRITEC,05/02/2025,5757,,2025/2
46609,NOVA,SIMPLO,LUBRITEC,05/02/2025,5756,,2025/2
45820,NOVA,SIMPLO,MT PRO,05/02/2025,332,,2025/2
45757,NOVA,SIMPLO,MT PRO,05/02/2025,331,,2025/2
46604,UPGRADE,SIMPLO,PICO SCOPE,04/02/2025,434,,2025/2
46604,UPGRADE,SIMPLO,SCOPE TRUCK (PICO SCOPE),04/02/2025,434,,2025/2
46755,CORREÇÃO,SIMPLO,LUBRITEC,04/02/2025,4623,,2025/2
46737,UPGRADE,SIMPLO,LUBRITEC,04/02/2025,704,,2025/2
46727,UPGRADE,SIMPLO,LUBRITEC,04/02/2025,4624,,2025/2
46719,UPGRADE,SIMPLO,LUBRITEC,04/02/2025,5394,,2025/2
46715,UPGRADE,SIMPLO,LUBRITEC,04/02/2025,5393,,2025/2
46707,UPGRADE,SIMPLO,LUBRITEC,04/02/2025,4808,,2025/2
46479,UPGRADE,SIMPLO,LUBRITEC,04/02/2025,4883,,2025/2
46740,CORREÇÃO,SIMPLO,LUBRITEC,04/02/2025,4476,,2025/2
46728,CORREÇÃO,SIMPLO,LUBRITEC,04/02/2025,83,,2025/2
46718,CORREÇÃO,SIMPLO,LUBRITEC,04/02/2025,1114,,2025/2
46662,CORREÇÃO,SIMPLO,LUBRITEC,04/02/2025,5601,,2025/2
46661,CORREÇÃO,SIMPLO,LUBRITEC,04/02/2025,2900,,2025/2
46660,CORREÇÃO,SIMPLO,LUBRITEC,04/02/2025,5705,,2025/2
46613,CORREÇÃO,SIMPLO,LUBRITEC,04/02/2025,1110,,2025/2
46567,CORREÇÃO,SIMPLO,LUBRITEC,04/02/2025,1109,,2025/2
46565,CORREÇÃO,SIMPLO,LUBRITEC,04/02/2025,1108,,2025/2
46559,CORREÇÃO,SIMPLO,LUBRITEC,04/02/2025,1107,,2025/2
46553,CORREÇÃO,SIMPLO,LUBRITEC,04/02/2025,1103,,2025/2
46545,CORREÇÃO,SIMPLO,LUBRITEC,04/02/2025,1111,,2025/2
46541,CORREÇÃO,SIMPLO,LUBRITEC,04/02/2025,4881,,2025/2
46489,CORREÇÃO,SIMPLO,LUBRITEC,04/02/2025,4882,,2025/2
46626,CORREÇÃO,SIMPLO,DIESEL,04/02/2025,74,,2025/2
46734,UPGRADE,SIMPLO,REVISA CAR,04/02/2025,617,,2025/2
46464,UPGRADE,SIMPLO,LUBRITEC,03/02/2025,5548,,2025/2
46445,CORREÇÃO,SIMPLO,LUBRITEC,03/02/2025,1120,,2025/2
46691,UPGRADE,SIMPLO,REVISA CAR,03/02/2025,86,,2025/2
46689,UPGRADE,SIMPLO,REVISA CAR,03/02/2025,88,,2025/2
46687,UPGRADE,SIMPLO,REVISA CAR,03/02/2025,87,,2025/2
46739,CORREÇÃO,SIMPLO,LUBRITEC,03/02/2025,5611,,2025/2
46684,UPGRADE,SIMPLO,REVISA CAR,03/02/2025,140,,2025/2
46682,UPGRADE,SIMPLO,REVISA CAR,03/02/2025,141,,2025/2
46621,CORREÇÃO,SIMPLO,REVISA CAR,03/02/2025,633,,2025/2
46620,CORREÇÃO,SIMPLO,REVISA CAR,03/02/2025,642,,2025/2
46619,CORREÇÃO,SIMPLO,REVISA CAR,03/02/2025,634,,2025/2
46513,UPGRADE,SIMPLO,REVISA CAR,03/02/2025,621,,2025/2
44770,NOVA,SIMPLO,DIESEL,03/02/2025,417,,2025/2
40298,NOVA,SIMPLO,CLIMA TRUCK,03/02/2025,177,,2025/2
40298,NOVA,SIMPLO,CLIMA CAR,03/02/2025,1106,,2025/2
34497,NOVA,SIMPLO,CLIMA CAR,03/02/2025,1184,,2025/2
34497,NOVA,SIMPLO,CLIMA CAR,03/02/2025,1183,,2025/2
45213,NOVA,HIBRIDOS,H&E - REVISA CAR,31/01/2025,58A,,2025/2 H&E
46670,NOVA,SIMPLO,PICO SCOPE,31/01/2025,709,,2025/2
46664,UPGRADE,SIMPLO,REVISA CAR,31/01/2025,144,,2025/2
46646,CORREÇÃO,SIMPLO,REVISA CAR,31/01/2025,125,,2025/2
46645,CORREÇÃO,SIMPLO,REVISA CAR,31/01/2025,123,,2025/2
46644,CORREÇÃO,SIMPLO,REVISA CAR,31/01/2025,122,,2025/2
46622,CORREÇÃO,SIMPLO,REVISA CAR,31/01/2025,629,,2025/2
46618,CORREÇÃO,SIMPLO,REVISA CAR,31/01/2025,655,,2025/2
46616,CORREÇÃO,SIMPLO,REVISA CAR,31/01/2025,651,,2025/2
46615,CORREÇÃO,SIMPLO,REVISA CAR,31/01/2025,646,,2025/2
46603,UPGRADE,SIMPLO,REVISA CAR,31/01/2025,481,,2025/2
46575,UPGRADE,SIMPLO,REVISA CAR,31/01/2025,549,,2025/2
46550,CORREÇÃO,SIMPLO,REVISA CAR,31/01/2025,315,,2025/2
46549,CORREÇÃO,SIMPLO,REVISA CAR,31/01/2025,316,,2025/2
46548,CORREÇÃO,SIMPLO,REVISA CAR,31/01/2025,570,,2025/2
46522,CORREÇÃO,SIMPLO,REVISA CAR,31/01/2025,317,,2025/2
46521,CORREÇÃO,SIMPLO,REVISA CAR,31/01/2025,312,,2025/2
46519,CORREÇÃO,SIMPLO,REVISA CAR,30/01/2025,311,,2025/2
46452,UPGRADE,SIMPLO,REVISA CAR,30/01/2025,424,,2025/2
46444,UPGRADE,SIMPLO,REVISA CAR,30/01/2025,520,,2025/2
46373,UPGRADE,SIMPLO,REVISA CAR,30/01/2025,604,,2025/2
46372,UPGRADE,SIMPLO,REVISA CAR,30/01/2025,217,,2025/2
46696,UPGRADE,SIMPLO,CLIMA TRUCK,30/01/2025,161,,2025/2
46676,UPGRADE,SIMPLO,CLIMA TRUCK,30/01/2025,156,,2025/2
46607,UPGRADE,SIMPLO,CLIMA TRUCK,30/01/2025,132,,2025/2
46508,UPGRADE,SIMPLO,CLIMA TRUCK,30/01/2025,168,,2025/2
46507,UPGRADE,SIMPLO,CLIMA TRUCK,30/01/2025,170,,2025/2
46503,UPGRADE,SIMPLO,CLIMA TRUCK,30/01/2025,169,,2025/2
46523,NOVA,TRACTOR,MT PRO TRACTOR,30/01/2025,14,,2025/2 T
46686,NOVA,SIMPLO,ABS/ASR/ESP,30/01/2025,982,,2025/2
45089,NOVA,SIMPLO,ABS/ASR/ESP,30/01/2025,981,,2025/2
46428,UPGRADE,SIMPLO,CLIMA TRUCK,29/01/2025,173,,2025/2
46417,UPGRADE,SIMPLO,CLIMA TRUCK,29/01/2025,172,,2025/2
46703,CORREÇÃO,SIMPLO,ELECTRA,29/01/2025,274,,2025/2
46570,UPGRADE,SIMPLO,CLIMA CAR,29/01/2025,184,,2025/2
46649,CORREÇÃO,SIMPLO,CLIMA CAR,29/01/2025,1073,,2025/2
46649,CORREÇÃO,SIMPLO,CLIMA CAR,29/01/2025,1072,,2025/2
46580,UPGRADE,SIMPLO,CLIMA CAR,29/01/2025,880,,2025/2
46578,UPGRADE,SIMPLO,CLIMA CAR,29/01/2025,190,,2025/2
46566,UPGRADE,SIMPLO,CLIMA CAR,29/01/2025,183,,2025/2
46561,UPGRADE,SIMPLO,CLIMA CAR,29/01/2025,182,,2025/2
46557,UPGRADE,SIMPLO,CLIMA CAR,29/01/2025,178,,2025/2
46547,UPGRADE,SIMPLO,CLIMA CAR,29/01/2025,1091,,2025/2
46532,CORREÇÃO,SIMPLO,CLIMA CAR,29/01/2025,756,,2025/2
46531,UPGRADE,SIMPLO,CLIMA CAR,29/01/2025,186,,2025/2
46478,UPGRADE,SIMPLO,CLIMA CAR,29/01/2025,168,,2025/2
46510,UPGRADE,SIMPLO,CLIMA CAR,29/01/2025,1149,,2025/2
46505,UPGRADE,SIMPLO,CLIMA CAR,29/01/2025,1151,,2025/2
46504,UPGRADE,SIMPLO,CLIMA CAR,29/01/2025,1150,,2025/2
46501,UPGRADE,SIMPLO,CLIMA CAR,29/01/2025,1148,,2025/2
46491,UPGRADE,SIMPLO,CLIMA CAR,29/01/2025,172,,2025/2
46481,UPGRADE,SIMPLO,CLIMA CAR,29/01/2025,171,,2025/2
46477,UPGRADE,SIMPLO,CLIMA CAR,29/01/2025,173,,2025/2
46471,UPGRADE,SIMPLO,CLIMA CAR,29/01/2025,1159,,2025/2
46453,UPGRADE,SIMPLO,CLIMA CAR,29/01/2025,953,,2025/2
46666,NOVA,SIMPLO,SCOPE TRUCK (PICO SCOPE),29/01/2025,708,,2025/2
46666,NOVA,SIMPLO,PICO SCOPE,29/01/2025,708,,2025/2
43659,NOVA,SIMPLO,PICO SCOPE,29/01/2025,707,,2025/2
46698,CORREÇÃO,SIMPLO,ELECTRA TRUCK,29/01/2025,172,,2025/2
46443,CORREÇÃO,SIMPLO,CLIMA CAR,28/01/2025,878,,2025/2
46270,CORREÇÃO,SIMPLO,CLIMA CAR,28/01/2025,968,,2025/2
46270,CORREÇÃO,SIMPLO,CLIMA CAR,28/01/2025,967,,2025/2
39246,UPGRADE,SIMPLO,CLIMA CAR,28/01/2025,1105,,2025/2
46692,UPGRADE,SIMPLO,CLIMA CAR,28/01/2025,975,,2025/2
46659,CORREÇÃO,SIMPLO,INJEÇÃO,28/01/2025,598,,2025/2
46555,UPGRADE,SIMPLO,INJEÇÃO,28/01/2025,1657,,2025/2
46500,UPGRADE,SIMPLO,INJEÇÃO,28/01/2025,1737,,2025/2
46476,UPGRADE,SIMPLO,INJEÇÃO,28/01/2025,1752,,2025/2
46474,UPGRADE,SIMPLO,INJEÇÃO,28/01/2025,1503,,2025/2
46467,CORREÇÃO,SIMPLO,INJEÇÃO,28/01/2025,1810,,2025/2
46441,CORREÇÃO,SIMPLO,INJEÇÃO,28/01/2025,1707,,2025/2
46440,UPGRADE,SIMPLO,INJEÇÃO,28/01/2025,1319,,2025/2
46424,CORREÇÃO,SIMPLO,INJEÇÃO,28/01/2025,1198,,2025/2
46683,CORREÇÃO,SIMPLO,CÂMBIO,28/01/2025,106,,2025/2
46683,CORREÇÃO,SIMPLO,CÂMBIO,28/01/2025,100,,2025/2
46683,CORREÇÃO,SIMPLO,CÂMBIO,28/01/2025,131,,2025/2
46683,CORREÇÃO,SIMPLO,CÂMBIO,28/01/2025,106,,2025/2
46683,CORREÇÃO,SIMPLO,CÂMBIO,28/01/2025,100,,2025/2
46683,CORREÇÃO,SIMPLO,CÂMBIO,28/01/2025,131,,2025/2
46683,CORREÇÃO,SIMPLO,CÂMBIO,28/01/2025,130,,2025/2
46423,UPGRADE,SIMPLO,INJEÇÃO,28/01/2025,2057,,2025/2
46352,CORREÇÃO,SIMPLO,INJEÇÃO,28/01/2025,1338,,2025/2
43705,NOVA,SIMPLO,SCOPE TRUCK (PICO SCOPE),27/01/2025,706,,2025/2
43705,NOVA,SIMPLO,PICO SCOPE,27/01/2025,706,,2025/2
43612,NOVA,SIMPLO,PICO SCOPE,27/01/2025,705,,2025/2
46292,CORREÇÃO,SIMPLO,INJEÇÃO,27/01/2025,1225,,2025/2
45675,UPGRADE,SIMPLO,INJEÇÃO,24/01/2025,2058,,2025/2
43992,UPGRADE,SIMPLO,INJEÇÃO,24/01/2025,1570,,2025/2
36654,UPGRADE,SIMPLO,INJEÇÃO,24/01/2025,403,,2025/2
46267,NOVA,TRACTOR,MT PRO TRACTOR,20/01/2025,13,,2025/2 T
46265,NOVA,TRACTOR,MT PRO TRACTOR,20/01/2025,12,,2025/2 T
42545,NOVA,HIBRIDOS,H&E - MOTORES,20/01/2025,57A,,2025/2 H&E
46514,NOVA,SIMPLO,SCOPE TRUCK (PICO SCOPE),20/01/2025,704,,2025/2
45570,NOVA,SIMPLO,MT PRO,20/01/2025,330,,2025/2
46581,UPGRADE,SIMPLO,ELECTRA,17/01/2025,186,,2025/2
46525,UPGRADE,SIMPLO,MOTORES - LINHA LEVE,17/01/2025,1503,,2025/2
46576,CORREÇÃO,SIMPLO,ELECTRA,17/01/2025,262,,2025/2
46551,CORREÇÃO,SIMPLO,ELECTRA,17/01/2025,189,,2025/2
46473,NOVA,SIMPLO,REVISA CAR,16/01/2025,665,,2025/2
46482,NOVA,HIBRIDOS,H&E - REVISA CAR,16/01/2025,56A,,2025/2 H&E
46434,NOVA,HIBRIDOS,H&E - REVISA CAR,16/01/2025,55A,,2025/2 H&E
46430,NOVA,HIBRIDOS,H&E - LUBRITEC,16/01/2025,54A,,2025/2 H&E
45569,NOVA,SIMPLO,MT PRO,15/01/2025,329,,2025/2
46546,CORREÇÃO,SIMPLO,INJEÇÃO,15/01/2025,1144,,2025/2
41664,UPGRADE,SIMPLO,INJEÇÃO,14/01/2025,1256,,2025/2
43501,NOVA,SIMPLO,PICO SCOPE,14/01/2025,703,,2025/2
46529,CORREÇÃO,SIMPLO,INJEÇÃO,14/01/2025,512,,2025/2
46450,NOVA,SIMPLO,SCOPE TRUCK (PICO SCOPE),14/01/2025,702,,2025/2
46450,NOVA,SIMPLO,PICO SCOPE,14/01/2025,702,,2025/2
46407,NOVA,SIMPLO,PICO SCOPE,14/01/2025,701,,2025/2
43575,NOVA,SIMPLO,PICO SCOPE,14/01/2025,700,,2025/2
43366,NOVA,SIMPLO,PICO SCOPE,14/01/2025,699,,2025/2
43294,NOVA,SIMPLO,PICO SCOPE,14/01/2025,698,,2025/2
43216,NOVA,SIMPLO,PICO SCOPE,14/01/2025,697,,2025/2
43148,NOVA,SIMPLO,PICO SCOPE,14/01/2025,696,,2025/2
45897,NOVA,SIMPLO,MT PRO,14/01/2025,328,,2025/2
45896,NOVA,SIMPLO,MT PRO,14/01/2025,327,,2025/2
45401,NOVA,SIMPLO,MT PRO,14/01/2025,326,,2025/2
43303,NOVA,SIMPLO,MT PRO,14/01/2025,325,,2025/2
46470,CORREÇÃO,SIMPLO,MOTORES - LINHA LEVE,09/01/2025,1297,,2025/2
46439,CORREÇÃO,SIMPLO,INJEÇÃO,06/01/2025,1957,,2025/2
37782,NOVA,SIMPLO,ELECTRA TRUCK,03/01/2025,195,,2025/1
37782,NOVA,SIMPLO,ELECTRA,03/01/2025,307,,2025/1
46433,NOVA,SIMPLO,CÂMBIO TRUCK,03/01/2025,211,,2025/1
46433,UPGRADE,SIMPLO,ELECTRA TRUCK,02/01/2025,136,,2025/1
46426,CORREÇÃO,SIMPLO,INJEÇÃO,02/01/2025,2026,,2025/1
46425,CORREÇÃO,SIMPLO,INJEÇÃO,02/01/2025,2091,,2025/1
45802,UPGRADE,SIMPLO,INJEÇÃO,02/01/2025,2059,,2025/1
37469,NOVA,SIMPLO,CÂMBIO,02/01/2025,210,,2025/1
37469,NOVA,SIMPLO,ELECTRA,02/01/2025,306,,2025/1
44334,UPGRADE,SIMPLO,INJEÇÃO,31/12/2024,2057,,2025/1
44499,UPGRADE,SIMPLO,REVISA CAR,31/12/2024,300,,2025/1
36363,NOVA,SIMPLO,ELECTRA TRUCK,31/12/2024,194,,2025/1
37993,NOVA,SIMPLO,CLIMA TRUCK,31/12/2024,176,,2025/1
45404,NOVA,SIMPLO,REVISA CAR,31/12/2024,664,,2025/1
44440,CORREÇÃO,SIMPLO,REVISA CAR,31/12/2024,292,,2025/1
38850,NOVA,SIMPLO,INJEÇÃO,31/12/2024,2185,,2025/1
45651,NOVA,SIMPLO,DIESEL,31/12/2024,416,,2025/1
42583,UPGRADE,HIBRIDOS,H&E - REVISA CAR,31/12/2024,45,,2025/1 H&E
42580,UPGRADE,HIBRIDOS,H&E - REVISA CAR,31/12/2024,37,,2025/1 H&E
42697,NOVA,SIMPLO,CLIMA TRUCK,31/12/2024,175,,2025/1
43445,NOVA,SIMPLO,CLIMA TRUCK,31/12/2024,174,,2025/1
43444,NOVA,SIMPLO,ABS/ASR/ESP,31/12/2024,980,,2025/1
46420,CORREÇÃO,SIMPLO,DIESEL,31/12/2024,351,,2025/1
46412,CORREÇÃO,SIMPLO,DIESEL,31/12/2024,212,,2025/1
39571,UPGRADE,SIMPLO,ABS/ASR/ESP,31/12/2024,918,,2025/1
37238,NOVA,SIMPLO,CÂMBIO,31/12/2024,209,,2025/1
44981,NOVA,SIMPLO,CÂMBIO,31/12/2024,208,,2025/1
44819,NOVA,SIMPLO,CÂMBIO,31/12/2024,207,,2025/1
45161,NOVA,SIMPLO,CÂMBIO TRUCK,31/12/2024,206,,2025/1
37606,UPGRADE,HIBRIDOS,H&E - MOTORES,31/12/2024,14AU,,2025/1 H&E
37768,NOVA,SIMPLO,ELECTRA,31/12/2024,305,,2025/1
37959,NOVA,SIMPLO,ELECTRA,31/12/2024,304,,2025/1
46406,NOVA,SIMPLO,CLIMA TRUCK,30/12/2024,173,,2025/1
36362,NOVA,SIMPLO,CLIMA TRUCK,30/12/2024,172,,2025/1
44631,NOVA,SIMPLO,ABS/ASR/ESP,30/12/2024,979,,2025/1
46413,NOVA,SIMPLO,DIESEL,30/12/2024,415,,2025/1
46313,NOVA,SIMPLO,DIESEL,30/12/2024,414,,2025/1
45650,NOVA,SIMPLO,DIESEL,30/12/2024,413,,2025/1
40233,NOVA,SIMPLO,DIESEL,30/12/2024,412,,2025/1
44722,NOVA,SIMPLO,LOCAR TRUCK,30/12/2024,989,,2025/1
36836,NOVA,SIMPLO,LOCAR TRUCK,30/12/2024,988,,2025/1
37606,NOVA,HIBRIDOS,H&E - MOTORES,30/12/2024,53A,,2025/1 H&E
45854,NOVA,HIBRIDOS,H&E - MOTORES,30/12/2024,52A,,2025/1 H&E
45854,UPGRADE,HIBRIDOS,H&E - MOTORES,30/12/2024,05AM,,2025/1 H&E
45854,UPGRADE,HIBRIDOS,H&E - MOTORES,30/12/2024,02AX,,2025/1 H&E
44888,UPGRADE,HIBRIDOS,H&E - MOTORES,30/12/2024,39B,,2025/1 H&E
44888,UPGRADE,HIBRIDOS,H&E - MOTORES,30/12/2024,30C,,2025/1 H&E
40952,NOVA,SIMPLO,CLIMA TRUCK,30/12/2024,171,,2025/1
41003,NOVA,SIMPLO,CLIMA CAR,30/12/2024,1151,,2025/1
40952,NOVA,SIMPLO,CLIMA CAR,30/12/2024,1150,,2025/1
42850,NOVA,SIMPLO,CLIMA TRUCK,30/12/2024,170,,2025/1
36353,NOVA,SIMPLO,CLIMA TRUCK,30/12/2024,169,,2025/1
44888,UPGRADE,HIBRIDOS,H&E - MOTORES,30/12/2024,24B,,2025/1 H&E
46287,UPGRADE,HIBRIDOS,H&E - LOCAR,30/12/2024,04AZ,,2025/1 H&E
42752,UPGRADE,ELÉTRICOS,ELETRICOS - REVISA,30/12/2024,05I,,2025/1 H&E
42646,UPGRADE,HIBRIDOS,H&E - REVISA CAR,30/12/2024,36B,,2025/1 H&E
42643,UPGRADE,ELÉTRICOS,ELETRICOS - REVISA,30/12/2024,11B,,2025/1 H&E
42642,UPGRADE,ELÉTRICOS,ELETRICOS - REVISA,30/12/2024,20B,,2025/1 H&E
43116,NOVA,SIMPLO,MT PRO,30/12/2024,324,,2025/1
44054,NOVA,SIMPLO,SCOPE TRUCK (PICO SCOPE),30/12/2024,695,,2025/1
42600,UPGRADE,ELÉTRICOS,ELETRICOS - REVISA,30/12/2024,10B,,2025/1 H&E
42598,UPGRADE,ELÉTRICOS,ELETRICOS - REVISA,30/12/2024,04I,,2025/1 H&E
42596,UPGRADE,ELÉTRICOS,ELETRICOS - REVISA,30/12/2024,24B,,2025/1 H&E
42599,UPGRADE,HIBRIDOS,H&E - REVISA CAR,30/12/2024,20B,,2025/1 H&E
42552,UPGRADE,HIBRIDOS,H&E - REVISA CAR,30/12/2024,11M,,2025/1 H&E
42588,UPGRADE,HIBRIDOS,H&E - REVISA CAR,30/12/2024,21B,,2025/1 H&E
42582,UPGRADE,HIBRIDOS,H&E - REVISA CAR,30/12/2024,09O,,2025/1 H&E
42554,UPGRADE,ELÉTRICOS,ELETRICOS - REVISA,30/12/2024,15B,,2025/1 H&E
42561,NOVA,HIBRIDOS,H&E - REVISA CAR,30/12/2024,51A,,2025/1 H&E
42560,NOVA,HIBRIDOS,H&E - REVISA CAR,30/12/2024,50A,,2025/1 H&E
29876,UPGRADE,HIBRIDOS,H&E - MOTORES,30/12/2024,38B,,2025/1 H&E
29876,UPGRADE,HIBRIDOS,H&E - MOTORES,30/12/2024,41B,,2025/1 H&E
29876,UPGRADE,HIBRIDOS,H&E - MOTORES,30/12/2024,03CK,,2025/1 H&E
29876,UPGRADE,HIBRIDOS,H&E - MOTORES,30/12/2024,28B,,2025/1 H&E
29876,NOVA,HIBRIDOS,H&E - MOTORES,30/12/2024,49A,,2025/1 H&E
29876,NOVA,HIBRIDOS,H&E - MOTORES,30/12/2024,48A,,2025/1 H&E
29876,NOVA,HIBRIDOS,H&E - MOTORES,30/12/2024,47A,,2025/1 H&E
29876,NOVA,HIBRIDOS,H&E - MOTORES,30/12/2024,46A,,2025/1 H&E
37713,UPGRADE,HIBRIDOS,H&E - MOTORES,30/12/2024,06K,,2025/1 H&E
37713,UPGRADE,SIMPLO,MOTORES - LINHA LEVE,30/12/2024,870,,2025/1
46362,NOVA,SIMPLO,LOCAR TRUCK,30/12/2024,930,,2025/1
46362,CORREÇÃO,SIMPLO,LOCAR,30/12/2024,930,,2025/1
46355,CORREÇÃO,SIMPLO,INJEÇÃO,30/12/2024,34,,2025/1
46281,UPGRADE,SIMPLO,INJEÇÃO,30/12/2024,1430,,2025/1
37238,NOVA,SIMPLO,ELECTRA,30/12/2024,303,,2025/1
45143,NOVA,SIMPLO,ELECTRA,30/12/2024,302,,2025/1
38078,NOVA,SIMPLO,ELECTRA,30/12/2024,301,,2025/1
44995,NOVA,SIMPLO,ELECTRA,30/12/2024,300,,2025/1
43117,NOVA,SIMPLO,PICO SCOPE,30/12/2024,694,,2025/1
43094,NOVA,SIMPLO,SCOPE TRUCK (MT PRO),30/12/2024,323,,2025/1
43094,NOVA,SIMPLO,MT PRO,30/12/2024,323,,2025/1
43056,NOVA,SIMPLO,SCOPE TRUCK (PICO SCOPE),30/12/2024,693,,2025/1
43056,NOVA,SIMPLO,PICO SCOPE,30/12/2024,693,,2025/1
37999,NOVA,SIMPLO,ABS/ASR/ESP,30/12/2024,978,,2025/1
40237,NOVA,SIMPLO,ABS/ASR/ESP,30/12/2024,977,,2025/1
42904,NOVA,SIMPLO,ABS/ASR/ESP,30/12/2024,976,,2025/1
41004,NOVA,SIMPLO,ABS/ASR/ESP,30/12/2024,975,,2025/1
33684,NOVA,SIMPLO,ABS/ASR/ESP,30/12/2024,974,,2025/1
46043,UPGRADE,SIMPLO,DIESEL,27/12/2024,296,,2025/1
46032,UPGRADE,SIMPLO,DIESEL,27/12/2024,96,,2025/1
42124,NOVA,SIMPLO,PICO SCOPE,27/12/2024,692,,2025/1
42123,NOVA,SIMPLO,MT PRO,27/12/2024,260,,2025/1
46370,UPGRADE,SIMPLO,REVISA CAR,27/12/2024,231,,2025/1
44388,NOVA,SIMPLO,LOCAR,27/12/2024,987,,2025/1
46401,UPGRADE,SIMPLO,ELECTRA,27/12/2024,223,,2025/1
46252,UPGRADE,SIMPLO,ELECTRA TRUCK,27/12/2024,175,,2025/1
46395,CORREÇÃO,SIMPLO,DIESEL,27/12/2024,336,,2025/1
46320,CORREÇÃO,SIMPLO,DIESEL,27/12/2024,357,,2025/1
46316,CORREÇÃO,SIMPLO,DIESEL,27/12/2024,201,,2025/1
46315,CORREÇÃO,SIMPLO,DIESEL,27/12/2024,376,,2025/1
46382,UPGRADE,SIMPLO,SINCRO - POLY-V,27/12/2024,553,,2025/1
45993,CORREÇÃO,SIMPLO,ELECTRA,27/12/2024,237,,2025/1
46149,UPGRADE,SIMPLO,PICO SCOPE,27/12/2024,496,,2025/1
46364,UPGRADE,SIMPLO,REVISA CAR,27/12/2024,218,,2025/1
46392,CORREÇÃO,SIMPLO,LUBRITEC,27/12/2024,2756,,2025/1
46210,NOVA,TRACTOR,MT PRO TRACTOR,27/12/2024,11,,2025/1 T
46209,NOVA,TRACTOR,MT PRO TRACTOR,27/12/2024,10,,2025/1 T
46208,NOVA,TRACTOR,MT PRO TRACTOR,27/12/2024,9,,2025/1 T
45779,NOVA,TRACTOR,MT PRO TRACTOR,27/12/2024,8,,2025/1 T
46207,NOVA,TRACTOR,MT PRO TRACTOR,27/12/2024,7,,2025/1 T
45778,NOVA,TRACTOR,MT PRO TRACTOR,27/12/2024,6,,2025/1 T
45777,NOVA,TRACTOR,MT PRO TRACTOR,27/12/2024,5,,2025/1 T
45775,NOVA,TRACTOR,MT PRO TRACTOR,27/12/2024,4,,2025/1 T
45780,NOVA,TRACTOR,MT PRO TRACTOR,27/12/2024,3,,2025/1 T
45676,NOVA,TRACTOR,MT PRO TRACTOR,27/12/2024,2,,2025/1 T
45674,NOVA,TRACTOR,MT PRO TRACTOR,27/12/2024,1,,2025/1 T
44456,NOVA,SIMPLO,LOCAR,27/12/2024,972,,2025/1
44471,NOVA,SIMPLO,LOCAR,27/12/2024,971,,2025/1
36878,NOVA,SIMPLO,LOCAR TRUCK,27/12/2024,986,,2025/1
36832,NOVA,SIMPLO,LOCAR TRUCK,27/12/2024,985,,2025/1
36828,NOVA,SIMPLO,LOCAR TRUCK,27/12/2024,984,,2025/1
44305,NOVA,SIMPLO,LOCAR TRUCK,27/12/2024,983,,2025/1
44305,NOVA,SIMPLO,LOCAR,27/12/2024,983,,2025/1
45663,UPGRADE,SIMPLO,INJEÇÃO,26/12/2024,1674,,2025/1
46225,CORREÇÃO,SIMPLO,INJEÇÃO,26/12/2024,1932,,2025/1
46391,CORREÇÃO,SIMPLO,INJEÇÃO,26/12/2024,1016,,2025/1
46390,CORREÇÃO,SIMPLO,INJEÇÃO,26/12/2024,1014,,2025/1
46333,UPGRADE,SIMPLO,INJEÇÃO,26/12/2024,1768,,2025/1
46329,CORREÇÃO,SIMPLO,INJEÇÃO,26/12/2024,2044,,2025/1
46328,CORREÇÃO,SIMPLO,INJEÇÃO,26/12/2024,2045,,2025/1
43037,NOVA,SIMPLO,PICO SCOPE,26/12/2024,691,,2025/1
46323,UPGRADE,SIMPLO,INJEÇÃO,26/12/2024,1656,,2025/1
46322,UPGRADE,SIMPLO,INJEÇÃO,26/12/2024,2022,,2025/1
46304,UPGRADE,SIMPLO,INJEÇÃO,26/12/2024,1765,,2025/1
43453,NOVA,ELÉTRICOS,ELETRICOS - INTERLOCK,26/12/2024,32A,,2025/1 H&E
46299,CORREÇÃO,SIMPLO,INJEÇÃO,26/12/2024,1337,,2025/1
46143,UPGRADE,SIMPLO,INJEÇÃO,26/12/2024,1633,,2025/1
37207,NOVA,HIBRIDOS,H&E - ABS,26/12/2024,45F,,2025/1 H&E
37204,NOVA,HIBRIDOS,H&E - AC,26/12/2024,45E,,2025/1 H&E
37204,NOVA,HIBRIDOS,H&E - AC,26/12/2024,45D,,2025/1 H&E
37204,NOVA,HIBRIDOS,H&E - AC,26/12/2024,45C,,2025/1 H&E
37204,NOVA,HIBRIDOS,H&E - AC,26/12/2024,45B,,2025/1 H&E
37204,NOVA,HIBRIDOS,H&E - AC,26/12/2024,45A,,2025/1 H&E
36255,NOVA,HIBRIDOS,H&E - ABS,26/12/2024,44B,,2025/1 H&E
36254,NOVA,HIBRIDOS,H&E - AC,26/12/2024,44A,,2025/1 H&E
46288,UPGRADE,SIMPLO,INJEÇÃO,26/12/2024,1852,,2025/1
45297,UPGRADE,SIMPLO,INJEÇÃO,26/12/2024,1181,,2025/1
46384,CORREÇÃO,SIMPLO,LUBRITEC,24/12/2024,555,,2025/1
46358,UPGRADE,SIMPLO,REVISA CAR,24/12/2024,586,,2025/1
46387,UPGRADE,SIMPLO,ELECTRA TRUCK,24/12/2024,18,,2025/1
46386,UPGRADE,SIMPLO,ELECTRA TRUCK,24/12/2024,31,,2025/1
46393,UPGRADE,SIMPLO,ELECTRA,24/12/2024,111,,2025/1
45293,UPGRADE,SIMPLO,ELECTRA,24/12/2024,195,,2025/1
39030,CORREÇÃO,SIMPLO,SINCRO - CORRENTES,24/12/2024,1240,,2025/1
45295,UPGRADE,SIMPLO,SINCRO - POLY-V,24/12/2024,1569,,2025/1
46326,CORREÇÃO,SIMPLO,MOTORES - LINHA LEVE,24/12/2024,549,,2025/1
46383,CORREÇÃO,SIMPLO,LUBRITEC,24/12/2024,554,,2025/1
45161,NOVA,SIMPLO,CÂMBIO,24/12/2024,206,,2025/1
45161,NOVA,SIMPLO,ELECTRA TRUCK,24/12/2024,193,,2025/1
45161,NOVA,SIMPLO,ELECTRA,24/12/2024,299,,2025/1
45176,NOVA,SIMPLO,CLIMA CAR,24/12/2024,1149,,2025/1
36252,NOVA,SIMPLO,CLIMA CAR,24/12/2024,1148,,2025/1
46286,UPGRADE,SIMPLO,INJEÇÃO,24/12/2024,1824,,2025/1
44377,UPGRADE,SIMPLO,INJEÇÃO,23/12/2024,1144,,2025/1
43005,NOVA,SIMPLO,PICO SCOPE,23/12/2024,690,,2025/1
35147,UPGRADE,SIMPLO,INJEÇÃO,23/12/2024,1737,,2025/1
46388,CORREÇÃO,SIMPLO,LUBRITEC,23/12/2024,5346,,2025/1
46354,UPGRADE,SIMPLO,REVISA CAR,23/12/2024,581,,2025/1
42992,NOVA,SIMPLO,SCOPE TRUCK (PICO SCOPE),23/12/2024,689,,2025/1
42992,NOVA,SIMPLO,PICO SCOPE,23/12/2024,689,,2025/1
46374,UPGRADE,SIMPLO,LUBRITEC,23/12/2024,5343,,2025/1
45175,NOVA,SIMPLO,ABS/ASR/ESP,23/12/2024,973,,2025/1
42908,NOVA,SIMPLO,CLIMA TRUCK,23/12/2024,168,,2025/1
36536,NOVA,SIMPLO,CLIMA TRUCK,23/12/2024,167,,2025/1
46361,UPGRADE,SIMPLO,LUBRITEC,23/12/2024,5349,,2025/1
46345,CORREÇÃO,SIMPLO,LUBRITEC,23/12/2024,1377,,2025/1
46343,UPGRADE,SIMPLO,LUBRITEC,23/12/2024,5342,,2025/1
46155,CORREÇÃO,SIMPLO,LUBRITEC,23/12/2024,4886,,2025/1
46334,CORREÇÃO,SIMPLO,LUBRITEC,23/12/2024,1375,,2025/1
46330,UPGRADE,SIMPLO,LUBRITEC,23/12/2024,5345,,2025/1
36356,NOVA,SIMPLO,CLIMA TRUCK,23/12/2024,166,,2025/1
42634,NOVA,SIMPLO,ABS/ASR/ESP,23/12/2024,972,,2025/1
46318,CORREÇÃO,SIMPLO,LUBRITEC,23/12/2024,1188,,2025/1
45160,NOVA,SIMPLO,ABS/ASR/ESP,23/12/2024,971,,2025/1
46298,CORREÇÃO,SIMPLO,LUBRITEC,23/12/2024,5299,,2025/1
46290,CORREÇÃO,SIMPLO,LUBRITEC,23/12/2024,1301,,2025/1
42959,NOVA,SIMPLO,PICO SCOPE,23/12/2024,688,,2025/1
46278,CORREÇÃO,SIMPLO,LUBRITEC,23/12/2024,5197,,2025/1
46258,CORREÇÃO,SIMPLO,LUBRITEC,23/12/2024,5291,,2025/1
42958,NOVA,SIMPLO,MT PRO,23/12/2024,322,,2025/1
46257,CORREÇÃO,SIMPLO,LUBRITEC,23/12/2024,43,,2025/1
46256,CORREÇÃO,SIMPLO,LUBRITEC,23/12/2024,4387,,2025/1
46255,CORREÇÃO,SIMPLO,LUBRITEC,23/12/2024,5585,,2025/1
42818,NOVA,SIMPLO,PICO SCOPE,23/12/2024,687,,2025/1
42788,NOVA,SIMPLO,PICO SCOPE,23/12/2024,686,,2025/1
42761,NOVA,SIMPLO,PICO SCOPE,23/12/2024,685,,2025/1
46214,CORREÇÃO,SIMPLO,LUBRITEC,23/12/2024,4892,,2025/1
46213,CORREÇÃO,SIMPLO,LUBRITEC,23/12/2024,4891,,2025/1
46160,UPGRADE,SIMPLO,LUBRITEC,23/12/2024,1186,,2025/1
46159,CORREÇÃO,SIMPLO,LUBRITEC,23/12/2024,1185,,2025/1
46158,CORREÇÃO,SIMPLO,LUBRITEC,23/12/2024,5543,,2025/1
46157,CORREÇÃO,SIMPLO,LUBRITEC,23/12/2024,5544,,2025/1
46153,CORREÇÃO,SIMPLO,LUBRITEC,23/12/2024,4885,,2025/1
46105,CORREÇÃO,SIMPLO,LUBRITEC,23/12/2024,4884,,2025/1
46104,CORREÇÃO,SIMPLO,LUBRITEC,23/12/2024,1112,,2025/1
46102,CORREÇÃO,SIMPLO,LUBRITEC,23/12/2024,5547,,2025/1
46084,CORREÇÃO,SIMPLO,LUBRITEC,23/12/2024,5546,,2025/1
46083,CORREÇÃO,SIMPLO,LUBRITEC,23/12/2024,4880,,2025/1
46061,CORREÇÃO,SIMPLO,LUBRITEC,23/12/2024,5748,,2025/1
46060,CORREÇÃO,SIMPLO,LUBRITEC,20/12/2024,5214,,2025/1
46036,CORREÇÃO,SIMPLO,LUBRITEC,20/12/2024,4898,,2025/1
46035,CORREÇÃO,SIMPLO,LUBRITEC,20/12/2024,4897,,2025/1
46020,CORREÇÃO,SIMPLO,LUBRITEC,20/12/2024,4896,,2025/1
46019,CORREÇÃO,SIMPLO,LUBRITEC,20/12/2024,4895,,2025/1
45997,CORREÇÃO,SIMPLO,LUBRITEC,20/12/2024,1185,,2025/1
45996,UPGRADE,SIMPLO,LUBRITEC,20/12/2024,5248,,2025/1
45995,UPGRADE,SIMPLO,LUBRITEC,20/12/2024,5253,,2025/1
45979,CORREÇÃO,SIMPLO,LUBRITEC,20/12/2024,1127,,2025/1
45970,CORREÇÃO,SIMPLO,LUBRITEC,20/12/2024,4894,,2025/1
45966,CORREÇÃO,SIMPLO,LUBRITEC,20/12/2024,4893,,2025/1
45963,CORREÇÃO,SIMPLO,LUBRITEC,20/12/2024,1574,,2025/1
45944,CORREÇÃO,SIMPLO,LUBRITEC,20/12/2024,1129,,2025/1
46371,UPGRADE,SIMPLO,MOTORES - LINHA LEVE,20/12/2024,1329,,2025/1
46369,UPGRADE,SIMPLO,MOTORES - LINHA LEVE,20/12/2024,1273,,2025/1
46368,CORREÇÃO,SIMPLO,INJEÇÃO,20/12/2024,989,,2025/1
45936,CORREÇÃO,SIMPLO,LUBRITEC,20/12/2024,5609,,2025/1
45931,CORREÇÃO,SIMPLO,LUBRITEC,20/12/2024,1576,,2025/1
45919,CORREÇÃO,SIMPLO,LUBRITEC,20/12/2024,5608,,2025/1
45917,CORREÇÃO,SIMPLO,LUBRITEC,20/12/2024,5716,,2025/1
45916,CORREÇÃO,SIMPLO,LUBRITEC,20/12/2024,5545,,2025/1
45913,CORREÇÃO,SIMPLO,LUBRITEC,20/12/2024,5607,,2025/1
45909,CORREÇÃO,SIMPLO,LUBRITEC,20/12/2024,5541,,2025/1
45900,CORREÇÃO,SIMPLO,LUBRITEC,20/12/2024,1575,,2025/1
45895,CORREÇÃO,SIMPLO,LUBRITEC,20/12/2024,4507,,2025/1
45894,CORREÇÃO,SIMPLO,LUBRITEC,20/12/2024,4741,,2025/1
45891,CORREÇÃO,SIMPLO,LUBRITEC,19/12/2024,2688,,2025/1
45883,CORREÇÃO,SIMPLO,LUBRITEC,19/12/2024,5533,,2025/1
45881,CORREÇÃO,SIMPLO,LUBRITEC,19/12/2024,5536,,2025/1
45874,CORREÇÃO,SIMPLO,LUBRITEC,19/12/2024,4740,,2025/1
45850,CORREÇÃO,SIMPLO,LUBRITEC,19/12/2024,4739,,2025/1
45848,CORREÇÃO,SIMPLO,LUBRITEC,19/12/2024,4504,,2025/1
36834,NOVA,SIMPLO,ABS/ASR/ESP,19/12/2024,970,,2025/1
45847,CORREÇÃO,SIMPLO,LUBRITEC,19/12/2024,5704,,2025/1
45846,CORREÇÃO,SIMPLO,LUBRITEC,19/12/2024,2687,,2025/1
44517,CORREÇÃO,SIMPLO,REVISA CAR,19/12/2024,284,,2025/1
44508,UPGRADE,SIMPLO,REVISA CAR,19/12/2024,335,,2025/1
46349,CORREÇÃO,SIMPLO,INJEÇÃO,19/12/2024,1767,,2025/1
32798,NOVA,SIMPLO,CLIMA CAR,19/12/2024,1177,,2025/1
45830,CORREÇÃO,SIMPLO,LUBRITEC,18/12/2024,4907,,2025/1
45829,CORREÇÃO,SIMPLO,LUBRITEC,18/12/2024,4904,,2025/1
45828,CORREÇÃO,SIMPLO,LUBRITEC,18/12/2024,4903,,2025/1
45827,CORREÇÃO,SIMPLO,LUBRITEC,18/12/2024,4390,,2025/1
45825,CORREÇÃO,SIMPLO,LUBRITEC,18/12/2024,5703,,2025/1
44521,CORREÇÃO,SIMPLO,REVISA CAR,18/12/2024,286,,2025/1
44520,CORREÇÃO,SIMPLO,REVISA CAR,18/12/2024,285,,2025/1
44519,CORREÇÃO,SIMPLO,REVISA CAR,18/12/2024,288,,2025/1
44518,CORREÇÃO,SIMPLO,REVISA CAR,18/12/2024,287,,2025/1
46224,NOVA,SIMPLO,LUBRITEC,18/12/2024,5755,,2025/1
44438,CORREÇÃO,SIMPLO,REVISA CAR,18/12/2024,267,,2025/1
44507,UPGRADE,SIMPLO,REVISA CAR,18/12/2024,336,,2025/1
44506,CORREÇÃO,SIMPLO,REVISA CAR,18/12/2024,338,,2025/1
44505,UPGRADE,SIMPLO,REVISA CAR,18/12/2024,337,,2025/1
44504,CORREÇÃO,SIMPLO,REVISA CAR,18/12/2024,334,,2025/1
44444,CORREÇÃO,SIMPLO,REVISA CAR,18/12/2024,323,,2025/1
41103,NOVA,SIMPLO,CLIMA CAR,18/12/2024,978,,2025/1
45947,NOVA,SIMPLO,CLIMA CAR,18/12/2024,977,,2025/1
33636,NOVA,SIMPLO,CLIMA CAR,18/12/2024,976,,2025/1
46331,CORREÇÃO,SIMPLO,ELECTRA,18/12/2024,189,,2025/1
33355,NOVA,SIMPLO,CLIMA CAR,18/12/2024,1147,,2025/1
33355,NOVA,SIMPLO,CLIMA CAR,18/12/2024,1146,,2025/1
39445,NOVA,SIMPLO,CLIMA TRUCK,17/12/2024,165,,2025/1
40043,NOVA,SIMPLO,CLIMA TRUCK,17/12/2024,164,,2025/1
39351,NOVA,SIMPLO,CLIMA TRUCK,17/12/2024,163,,2025/1
41944,NOVA,SIMPLO,REVISA CAR,17/12/2024,663,,2025/1
44801,NOVA,SIMPLO,SCOPE TRUCK (PICO SCOPE),17/12/2024,684,,2025/1
45787,CORREÇÃO,SIMPLO,LUBRITEC,17/12/2024,5564,,2025/1
44155,NOVA,SIMPLO,PICO SCOPE,17/12/2024,683,,2025/1
46296,NOVA,SIMPLO,PICO SCOPE,17/12/2024,682,,2025/1
44153,NOVA,SIMPLO,PICO SCOPE,17/12/2024,681,,2025/1
45707,NOVA,SIMPLO,ABS/ASR/ESP,17/12/2024,969,,2025/1
45776,CORREÇÃO,SIMPLO,LUBRITEC,17/12/2024,4905,,2025/1
45774,CORREÇÃO,SIMPLO,LUBRITEC,17/12/2024,4392,,2025/1
45763,CORREÇÃO,SIMPLO,LUBRITEC,17/12/2024,2556,,2025/1
38001,NOVA,SIMPLO,ABS/ASR/ESP,17/12/2024,968,,2025/1
45737,CORREÇÃO,SIMPLO,LUBRITEC,17/12/2024,3377,,2025/1
45734,CORREÇÃO,SIMPLO,LUBRITEC,17/12/2024,1366,,2025/1
36253,NOVA,SIMPLO,ABS/ASR/ESP,17/12/2024,967,,2025/1
45733,CORREÇÃO,SIMPLO,LUBRITEC,17/12/2024,1365,,2025/1
45714,CORREÇÃO,SIMPLO,LUBRITEC,17/12/2024,55,,2025/1
45701,UPGRADE,SIMPLO,LUBRITEC,17/12/2024,1600,,2025/1
36089,NOVA,SIMPLO,ABS/ASR/ESP,17/12/2024,966,,2025/1
33607,NOVA,SIMPLO,ABS/ASR/ESP,17/12/2024,965,,2025/1
33525,NOVA,SIMPLO,ABS/ASR/ESP,17/12/2024,964,,2025/1
45700,UPGRADE,SIMPLO,LUBRITEC,16/12/2024,1601,,2025/1
32945,NOVA,SIMPLO,LOCAR,16/12/2024,982,,2025/1
45699,CORREÇÃO,SIMPLO,LUBRITEC,16/12/2024,5534,,2025/1
45698,CORREÇÃO,SIMPLO,LUBRITEC,16/12/2024,5535,,2025/1
45697,CORREÇÃO,SIMPLO,LUBRITEC,16/12/2024,5537,,2025/1
45696,CORREÇÃO,SIMPLO,LUBRITEC,16/12/2024,5734,,2025/1
45626,CORREÇÃO,SIMPLO,LUBRITEC,16/12/2024,3756,,2025/1
45625,CORREÇÃO,SIMPLO,LUBRITEC,16/12/2024,3755,,2025/1
45624,CORREÇÃO,SIMPLO,LUBRITEC,16/12/2024,3754,,2025/1
45623,CORREÇÃO,SIMPLO,LUBRITEC,16/12/2024,3753,,2025/1
44472,NOVA,SIMPLO,LOCAR,16/12/2024,981,,2025/1
45510,CORREÇÃO,SIMPLO,LUBRITEC,16/12/2024,1526,,2025/1
45567,CORREÇÃO,SIMPLO,LUBRITEC,16/12/2024,910,,2025/1
45544,CORREÇÃO,SIMPLO,LUBRITEC,16/12/2024,5176,,2025/1
45532,CORREÇÃO,SIMPLO,LUBRITEC,16/12/2024,5175,,2025/1
45531,CORREÇÃO,SIMPLO,LUBRITEC,16/12/2024,5174,,2025/1
45515,CORREÇÃO,SIMPLO,LUBRITEC,16/12/2024,1527,,2025/1
44449,NOVA,SIMPLO,LOCAR,16/12/2024,980,,2025/1
44461,NOVA,SIMPLO,LOCAR,16/12/2024,979,,2025/1
44315,NOVA,SIMPLO,LOCAR,16/12/2024,978,,2025/1
45818,NOVA,SIMPLO,MT PRO,16/12/2024,321,,2025/1
45502,CORREÇÃO,SIMPLO,LUBRITEC,16/12/2024,1528,,2025/1
45484,CORREÇÃO,SIMPLO,LUBRITEC,16/12/2024,1525,,2025/1
45461,CORREÇÃO,SIMPLO,LUBRITEC,16/12/2024,5517,,2025/1
45454,CORREÇÃO,SIMPLO,LUBRITEC,13/12/2024,5524,,2025/1
45453,CORREÇÃO,SIMPLO,LUBRITEC,13/12/2024,5555,,2025/1
45451,CORREÇÃO,SIMPLO,LUBRITEC,13/12/2024,5523,,2025/1
45450,CORREÇÃO,SIMPLO,LUBRITEC,13/12/2024,851,,2025/1
45449,CORREÇÃO,SIMPLO,LUBRITEC,13/12/2024,1563,,2025/1
45448,CORREÇÃO,SIMPLO,LUBRITEC,13/12/2024,1562,,2025/1
45433,CORREÇÃO,SIMPLO,LUBRITEC,13/12/2024,5513,,2025/1
45410,UPGRADE,SIMPLO,LUBRITEC,13/12/2024,4514,,2025/1
44899,CORREÇÃO,SIMPLO,LUBRITEC,13/12/2024,1333,,2025/1
44896,CORREÇÃO,SIMPLO,LUBRITEC,13/12/2024,1335,,2025/1
44885,CORREÇÃO,SIMPLO,LUBRITEC,13/12/2024,5350,,2025/1
44883,CORREÇÃO,SIMPLO,LUBRITEC,13/12/2024,909,,2025/1
44666,CORREÇÃO,SIMPLO,LUBRITEC,13/12/2024,5569,,2025/1
44191,CORREÇÃO,SIMPLO,LUBRITEC,13/12/2024,5580,,2025/1
44024,NOVA,SIMPLO,PICO SCOPE,13/12/2024,680,,2025/1
44014,NOVA,SIMPLO,SCOPE TRUCK (PICO SCOPE),13/12/2024,679,,2025/1
43916,NOVA,SIMPLO,SCOPE TRUCK (PICO SCOPE),13/12/2024,678,,2025/1
44187,CORREÇÃO,SIMPLO,LUBRITEC,13/12/2024,4585,,2025/1
44181,CORREÇÃO,SIMPLO,LUBRITEC,13/12/2024,1628,,2025/1
44177,CORREÇÃO,SIMPLO,LUBRITEC,13/12/2024,5562,,2025/1
44173,CORREÇÃO,SIMPLO,LUBRITEC,13/12/2024,5177,,2025/1
44169,CORREÇÃO,SIMPLO,LUBRITEC,12/12/2024,2751,,2025/1
44168,CORREÇÃO,SIMPLO,LUBRITEC,12/12/2024,4503,,2025/1
44162,UPGRADE,SIMPLO,LUBRITEC,12/12/2024,5540,,2025/1
44159,CORREÇÃO,SIMPLO,LUBRITEC,12/12/2024,5521,,2025/1
44156,CORREÇÃO,SIMPLO,LUBRITEC,12/12/2024,465,,2025/1
44130,UPGRADE,SIMPLO,LUBRITEC,12/12/2024,5538,,2025/1
44129,UPGRADE,SIMPLO,LUBRITEC,12/12/2024,4391,,2025/1
44127,UPGRADE,SIMPLO,LUBRITEC,12/12/2024,5499,,2025/1
44126,UPGRADE,SIMPLO,LUBRITEC,12/12/2024,5498,,2025/1
44125,UPGRADE,SIMPLO,LUBRITEC,12/12/2024,5500,,2025/1
44122,UPGRADE,SIMPLO,LUBRITEC,12/12/2024,5542,,2025/1
44121,CORREÇÃO,SIMPLO,LUBRITEC,12/12/2024,4906,,2025/1
44120,CORREÇÃO,SIMPLO,LUBRITEC,12/12/2024,4389,,2025/1
44119,CORREÇÃO,SIMPLO,LUBRITEC,12/12/2024,4388,,2025/1
44118,UPGRADE,SIMPLO,LUBRITEC,12/12/2024,5497,,2025/1
46231,UPGRADE,SIMPLO,INJEÇÃO,12/12/2024,1733,,2025/1
46227,CORREÇÃO,SIMPLO,INJEÇÃO,12/12/2024,1320,,2025/1
46196,UPGRADE,SIMPLO,INJEÇÃO,12/12/2024,1331,,2025/1
46279,CORREÇÃO,SIMPLO,DIESEL,12/12/2024,319,,2025/1
46276,UPGRADE,SIMPLO,DIESEL,12/12/2024,236,,2025/1
46096,UPGRADE,SIMPLO,DIESEL,12/12/2024,35,,2025/1
44532,CORREÇÃO,SIMPLO,REVISA CAR,12/12/2024,279,,2025/1
43821,NOVA,SIMPLO,SCOPE TRUCK (PICO SCOPE),12/12/2024,677,,2025/1
43821,NOVA,SIMPLO,PICO SCOPE,12/12/2024,677,,2025/1
43933,NOVA,SIMPLO,PICO SCOPE,12/12/2024,676,,2025/1
43850,NOVA,SIMPLO,PICO SCOPE,12/12/2024,675,,2025/1
45819,NOVA,SIMPLO,MT PRO,12/12/2024,320,,2025/1
46285,UPGRADE,SIMPLO,CLIMA CAR,11/12/2024,173,,2025/1
46282,UPGRADE,SIMPLO,ELECTRA,11/12/2024,250,,2025/1
43819,UPGRADE,SIMPLO,ELECTRA,11/12/2024,247,,2025/1
44538,CORREÇÃO,SIMPLO,REVISA CAR,11/12/2024,281,,2025/1
44537,CORREÇÃO,SIMPLO,REVISA CAR,11/12/2024,280,,2025/1
44536,CORREÇÃO,SIMPLO,REVISA CAR,11/12/2024,278,,2025/1
44534,CORREÇÃO,SIMPLO,REVISA CAR,11/12/2024,283,,2025/1
44533,CORREÇÃO,SIMPLO,REVISA CAR,11/12/2024,282,,2025/1
44531,CORREÇÃO,SIMPLO,REVISA CAR,11/12/2024,277,,2025/1
44530,UPGRADE,SIMPLO,REVISA CAR,11/12/2024,213,,2025/1
46280,CORREÇÃO,SIMPLO,MOTORES - LINHA LEVE,11/12/2024,1394,,2025/1
46275,CORREÇÃO,SIMPLO,SINCRO - CORRENTES,11/12/2024,1781,,2025/1
46161,UPGRADE,SIMPLO,INJEÇÃO,11/12/2024,1852,,2025/1
46146,UPGRADE,SIMPLO,INJEÇÃO,11/12/2024,1225,,2025/1
46107,CORREÇÃO,SIMPLO,INJEÇÃO,11/12/2024,1658,,2025/1
46088,UPGRADE,SIMPLO,INJEÇÃO,11/12/2024,1495,,2025/1
46087,UPGRADE,SIMPLO,INJEÇÃO,11/12/2024,1353,,2025/1
46086,UPGRADE,SIMPLO,INJEÇÃO,11/12/2024,1684,,2025/1
46085,UPGRADE,SIMPLO,INJEÇÃO,11/12/2024,2055,,2025/1
40347,UPGRADE,SIMPLO,INJEÇÃO,10/12/2024,1410,,2025/1
44516,CORREÇÃO,SIMPLO,REVISA CAR,10/12/2024,317,,2025/1
44515,CORREÇÃO,SIMPLO,REVISA CAR,10/12/2024,315,,2025/1
44514,CORREÇÃO,SIMPLO,REVISA CAR,10/12/2024,311,,2025/1
44513,CORREÇÃO,SIMPLO,REVISA CAR,10/12/2024,312,,2025/1
44512,CORREÇÃO,SIMPLO,REVISA CAR,10/12/2024,316,,2025/1
44511,CORREÇÃO,SIMPLO,REVISA CAR,10/12/2024,310,,2025/1
44503,CORREÇÃO,SIMPLO,REVISA CAR,10/12/2024,332,,2025/1
44809,NOVA,SIMPLO,SINCRO - CORREIAS,10/12/2024,1972,,2025/1
43721,NOVA,SIMPLO,PICO SCOPE,10/12/2024,674,,2025/1
45922,NOVA,SIMPLO,SCOPE TRUCK (PICO SCOPE),10/12/2024,673,,2025/1
43662,NOVA,SIMPLO,PICO SCOPE,10/12/2024,672,,2025/1
46021,UPGRADE,SIMPLO,INJEÇÃO,09/12/2024,1580,,2025/1
45766,UPGRADE,SIMPLO,INJEÇÃO,09/12/2024,1649,,2025/1
40355,UPGRADE,SIMPLO,INJEÇÃO,09/12/2024,1586,,2025/1
42644,NOVA,ELÉTRICOS,ELETRICOS - REVISA,09/12/2024,31A,,2025/1 H&E
42601,NOVA,ELÉTRICOS,ELETRICOS - REVISA,09/12/2024,30A,,2025/1 H&E
42584,NOVA,HIBRIDOS,H&E - REVISA CAR,09/12/2024,43A,,2025/1 H&E
42581,NOVA,HIBRIDOS,H&E - REVISA CAR,09/12/2024,42A,,2025/1 H&E
44502,CORREÇÃO,SIMPLO,REVISA CAR,09/12/2024,331,,2025/1
46031,UPGRADE,SIMPLO,DIESEL,09/12/2024,38,,2025/1
39355,UPGRADE,SIMPLO,DIESEL,09/12/2024,212,,2025/1
46221,CORREÇÃO,SIMPLO,REVISA CAR,09/12/2024,106,,2025/1
44501,CORREÇÃO,SIMPLO,REVISA CAR,09/12/2024,274,,2025/1
45822,UPGRADE,SIMPLO,ELECTRA,09/12/2024,196,,2025/1
45974,UPGRADE,SIMPLO,ABS/ASR/ESP,09/12/2024,816,,2025/1
39676,NOVA,SIMPLO,ELECTRA,09/12/2024,298,,2025/1
46009,UPGRADE,SIMPLO,INJEÇÃO,06/12/2024,1335,,2025/1
45934,UPGRADE,SIMPLO,INJEÇÃO,06/12/2024,2040,,2025/1
46140,UPGRADE,SIMPLO,DIESEL,06/12/2024,58,,2025/1
46135,UPGRADE,SIMPLO,DIESEL,06/12/2024,256,,2025/1
46195,UPGRADE,SIMPLO,CLIMA CAR,06/12/2024,916,,2025/1
46222,NOVA,SIMPLO,LUBRITEC,06/12/2024,5754,,2025/1
46136,NOVA,SIMPLO,LUBRITEC,06/12/2024,5753,,2025/1
45854,UPGRADE,SIMPLO,MOTORES - LINHA LEVE,06/12/2024,936,,2025/1
46219,NOVA,SIMPLO,SCOPE TRUCK (MT PRO),06/12/2024,319,,2025/1
36226,NOVA,SIMPLO,CÂMBIO,06/12/2024,205,,2025/1
46215,CORREÇÃO,SIMPLO,MOTORES - LINHA LEVE,04/12/2024,1276,,2025/1
46217,CORREÇÃO,SIMPLO,MOTORES - LINHA LEVE,04/12/2024,1494,,2025/1
46198,UPGRADE,SIMPLO,MOTORES - LINHA LEVE,04/12/2024,1442,,2025/1
45863,CORREÇÃO,SIMPLO,MOTORES - LINHA LEVE,04/12/2024,13,,2025/1
45868,CORREÇÃO,SIMPLO,SINCRO - CORREIAS,04/12/2024,784,,2025/1
46194,CORREÇÃO,SIMPLO,CLIMA CAR,04/12/2024,940,,2025/1
44498,UPGRADE,SIMPLO,REVISA CAR,04/12/2024,330,,2025/1
46141,UPGRADE,SIMPLO,PICO SCOPE,04/12/2024,110,,2025/1
46106,CORREÇÃO,SIMPLO,CÂMBIO,04/12/2024,170,,2025/1
46112,UPGRADE,SIMPLO,ABS/ASR/ESP,04/12/2024,723,,2025/1
46197,UPGRADE,SIMPLO,ELECTRA,04/12/2024,208,,2025/1
46050,UPGRADE,SIMPLO,ELECTRA,04/12/2024,189,,2025/1
45872,NOVA,SIMPLO,MOTORES - LINHA LEVE,04/12/2024,1536,,2025/1
30295,NOVA,SIMPLO,ABS/ASR/ESP,04/12/2024,963,,2025/1
30295,NOVA,SIMPLO,ABS/ASR/ESP,04/12/2024,962,,2025/1
33360,NOVA,SIMPLO,ABS/ASR/ESP,04/12/2024,961,,2025/1
37928,NOVA,SIMPLO,CLIMA TRUCK,04/12/2024,162,,2025/1
40129,NOVA,SIMPLO,CLIMA CAR,04/12/2024,1182,,2025/1
40129,NOVA,SIMPLO,CLIMA CAR,04/12/2024,1181,,2025/1
40129,NOVA,SIMPLO,CLIMA CAR,04/12/2024,1180,,2025/1
39614,NOVA,SIMPLO,CLIMA CAR,04/12/2024,1179,,2025/1
33359,NOVA,SIMPLO,CLIMA CAR,04/12/2024,1178,,2025/1
46030,UPGRADE,SIMPLO,ELECTRA TRUCK,03/12/2024,123,,2025/1
46026,UPGRADE,SIMPLO,ELECTRA TRUCK,03/12/2024,123,,2025/1
45915,CORREÇÃO,SIMPLO,ELECTRA TRUCK,03/12/2024,175,,2025/1
45905,CORREÇÃO,SIMPLO,ELECTRA TRUCK,03/12/2024,175,,2025/1
45889,CORREÇÃO,SIMPLO,ELECTRA TRUCK,03/12/2024,170,,2025/1
45882,UPGRADE,SIMPLO,ELECTRA TRUCK,03/12/2024,170,,2025/1
45873,UPGRADE,SIMPLO,ELECTRA TRUCK,03/12/2024,173,,2025/1
45866,CORREÇÃO,SIMPLO,ELECTRA TRUCK,03/12/2024,119,,2025/1
45671,UPGRADE,SIMPLO,ELECTRA TRUCK,03/12/2024,161,,2025/1
46188,UPGRADE,SIMPLO,CLIMA CAR,03/12/2024,975,,2025/1
46124,UPGRADE,SIMPLO,CLIMA CAR,03/12/2024,881,,2025/1
45583,CORREÇÃO,SIMPLO,ELECTRA TRUCK,03/12/2024,13,,2025/1
45660,UPGRADE,SIMPLO,ELECTRA TRUCK,03/12/2024,189,,2025/1
45322,UPGRADE,SIMPLO,ELECTRA TRUCK,03/12/2024,189,,2025/1
46129,UPGRADE,SIMPLO,ELECTRA,02/12/2024,263,,2025/1
45982,CORREÇÃO,SIMPLO,ELECTRA TRUCK,02/12/2024,191,,2025/1
45982,CORREÇÃO,SIMPLO,ELECTRA,02/12/2024,288,,2025/1
45945,CORREÇÃO,SIMPLO,ELECTRA,02/12/2024,119,,2025/1
45908,CORREÇÃO,SIMPLO,ELECTRA,02/12/2024,223,,2025/1
45906,CORREÇÃO,SIMPLO,ELECTRA,02/12/2024,223,,2025/1
46029,UPGRADE,SIMPLO,ELECTRA,02/12/2024,123,,2025/1
45904,CORREÇÃO,SIMPLO,ELECTRA,02/12/2024,123,,2025/1
45884,UPGRADE,SIMPLO,ELECTRA,02/12/2024,68,,2025/1
45845,UPGRADE,SIMPLO,ELECTRA,02/12/2024,200,,2025/1
45887,CORREÇÃO,SIMPLO,ELECTRA,02/12/2024,199,,2025/1
45844,UPGRADE,SIMPLO,ELECTRA,02/12/2024,199,,2025/1
45888,CORREÇÃO,SIMPLO,ELECTRA,02/12/2024,198,,2025/1
45843,UPGRADE,SIMPLO,ELECTRA,02/12/2024,198,,2025/1
46148,UPGRADE,SIMPLO,INJEÇÃO,29/11/2024,2039,,2025/1
46147,UPGRADE,SIMPLO,INJEÇÃO,29/11/2024,2060,,2025/1
45669,UPGRADE,SIMPLO,ELECTRA,29/11/2024,193,,2025/1
45661,UPGRADE,SIMPLO,ELECTRA,29/11/2024,169,,2025/1
45644,UPGRADE,SIMPLO,ELECTRA,29/11/2024,159,,2025/1
45616,CORREÇÃO,SIMPLO,ELECTRA,29/11/2024,159,,2025/1
45581,CORREÇÃO,SIMPLO,ELECTRA,29/11/2024,107,,2025/1
45536,UPGRADE,SIMPLO,ELECTRA,29/11/2024,286,,2025/1
45530,UPGRADE,SIMPLO,CÂMBIO,28/11/2024,198,,2025/1
45530,UPGRADE,SIMPLO,ELECTRA,28/11/2024,292,,2025/1
45031,NOVA,SIMPLO,CÓDIGO DE FALHAS,28/11/2024,753,,2025/1
46082,UPGRADE,SIMPLO,MT PRO,28/11/2024,2,,2025/1
46098,UPGRADE,SIMPLO,SINCRO - POLY-V,28/11/2024,969,,2025/1
46100,CORREÇÃO,SIMPLO,INJEÇÃO,27/11/2024,1658,,2025/1
46101,CORREÇÃO,SIMPLO,INJEÇÃO,27/11/2024,2063,,2025/1
46099,CORREÇÃO,SIMPLO,CLIMA CAR,27/11/2024,649,,2025/1
46103,CORREÇÃO,SIMPLO,CLIMA CAR,27/11/2024,648,,2025/1
44767,CORREÇÃO,SIMPLO,CLIMA TRUCK,27/11/2024,78,,2025/1
44768,CORREÇÃO,SIMPLO,CLIMA TRUCK,27/11/2024,77,,2025/1
32798,NOVA,SIMPLO,CLIMA CAR,27/11/2024,1177,,2025/1
45467,NOVA,SIMPLO,REVISA CAR,27/11/2024,662,,2025/1
42786,NOVA,SIMPLO,MT PRO,27/11/2024,318,,2025/1
46081,CORREÇÃO,SIMPLO,MT PRO,27/11/2024,69,,2025/1
46080,CORREÇÃO,SIMPLO,PICO SCOPE,27/11/2024,364,,2025/1
42957,NOVA,SIMPLO,PICO SCOPE,27/11/2024,671,,2025/1
45466,NOVA,SIMPLO,REVISA CAR,27/11/2024,661,,2025/1
45464,NOVA,SIMPLO,REVISA CAR,27/11/2024,659,,2025/1
45649,UPGRADE,SIMPLO,CÓDIGO DE FALHAS,27/11/2024,745,,2025/1
46079,CORREÇÃO,SIMPLO,INJEÇÃO,27/11/2024,1570,,2025/1
45591,CORREÇÃO,SIMPLO,MOTORES - LINHA LEVE,26/11/2024,1478,,2025/1
45864,NOVA,SIMPLO,MOTORES - LINHA LEVE,26/11/2024,1535,,2025/1
45465,NOVA,SIMPLO,REVISA CAR,26/11/2024,660,,2025/1
45760,UPGRADE,SIMPLO,MOTORES TRACTOR,26/11/2024,20030,,2025/1
45760,UPGRADE,SIMPLO,MOTORES - LINHA PESADA,26/11/2024,1344,,2025/1
45397,NOVA,SIMPLO,REVISA CAR,26/11/2024,658,,2025/1
45587,CORREÇÃO,SIMPLO,MOTORES - LINHA LEVE,26/11/2024,341,,2025/1
45619,NOVA,SIMPLO,REVISA CAR,26/11/2024,657,,2025/1
45601,CORREÇÃO,SIMPLO,MOTORES - LINHA LEVE,26/11/2024,1076,,2025/1
45613,CORREÇÃO,SIMPLO,MOTORES - LINHA LEVE,26/11/2024,1125,,2025/1
40044,NOVA,SIMPLO,ABS/ASR/ESP,26/11/2024,960,,2025/1
38013,NOVA,SIMPLO,ABS/ASR/ESP,26/11/2024,959,,2025/1
37299,NOVA,SIMPLO,ABS/ASR/ESP,26/11/2024,958,,2025/1
45705,NOVA,SIMPLO,DIESEL,26/11/2024,411,,2025/1
43743,NOVA,SIMPLO,DIESEL,26/11/2024,410,,2025/1
45529,UPGRADE,SIMPLO,CÂMBIO,26/11/2024,199,,2025/1
45529,UPGRADE,SIMPLO,ELECTRA TRUCK,26/11/2024,190,,2025/1
45529,UPGRADE,SIMPLO,ELECTRA,26/11/2024,287,,2025/1
46016,NOVA,SIMPLO,INJEÇÃO,25/11/2024,2184,,2025/1
43674,NOVA,SIMPLO,INJEÇÃO,25/11/2024,2183,,2025/1
44362,UPGRADE,SIMPLO,ELECTRA,25/11/2024,263,,2025/1
44070,UPGRADE,SIMPLO,ELECTRA,25/11/2024,263,,2025/1
46049,UPGRADE,SIMPLO,ELECTRA,25/11/2024,189,,2025/1
46059,CORREÇÃO,SIMPLO,SINCRO - CORREIAS,25/11/2024,1858,,2025/1
45983,CORREÇÃO,SIMPLO,PICO SCOPE,25/11/2024,364,,2025/1
46048,UPGRADE,SIMPLO,MOTORES - LINHA LEVE,25/11/2024,1377,,2025/1
36918,NOVA,SIMPLO,INJEÇÃO,25/11/2024,2182,,2025/1
45791,UPGRADE,SIMPLO,MOTORES - LINHA LEVE,25/11/2024,880,,2025/1
45969,CORREÇÃO,SIMPLO,INJEÇÃO,25/11/2024,1754,,2025/1
45946,CORREÇÃO,SIMPLO,INJEÇÃO,25/11/2024,1363,,2025/1
45907,UPGRADE,SIMPLO,INJEÇÃO,25/11/2024,1689,,2025/1
45856,CORREÇÃO,SIMPLO,INJEÇÃO,25/11/2024,1194,,2025/1
45773,UPGRADE,SIMPLO,INJEÇÃO,25/11/2024,2054,,2025/1
39674,NOVA,SIMPLO,CLIMA CAR,25/11/2024,1176,,2025/1
39674,NOVA,SIMPLO,CLIMA CAR,25/11/2024,1175,,2025/1
39674,NOVA,SIMPLO,CLIMA CAR,25/11/2024,1174,,2025/1
39674,NOVA,SIMPLO,CLIMA CAR,25/11/2024,1173,,2025/1
39674,NOVA,SIMPLO,CLIMA CAR,25/11/2024,1172,,2025/1
39674,NOVA,SIMPLO,CLIMA CAR,25/11/2024,1171,,2025/1
39674,NOVA,SIMPLO,CLIMA CAR,25/11/2024,1170,,2025/1
39674,NOVA,SIMPLO,CLIMA CAR,25/11/2024,1169,,2025/1
39674,NOVA,SIMPLO,CLIMA CAR,25/11/2024,1168,,2025/1
45759,UPGRADE,SIMPLO,INJEÇÃO,25/11/2024,1779,,2025/1
45253,UPGRADE,SIMPLO,INJEÇÃO,22/11/2024,2156,,2025/1
44766,UPGRADE,SIMPLO,DIESEL,22/11/2024,127,,2025/1
46000,CORREÇÃO,SIMPLO,INJEÇÃO,22/11/2024,1048,,2025/1
42571,NOVA,SIMPLO,CLIMA TRUCK,21/11/2024,161,,2025/1
33347,NOVA,SIMPLO,ABS/ASR/ESP,21/11/2024,957,,2025/1
44817,NOVA,SIMPLO,ABS/ASR/ESP,21/11/2024,956,,2025/1
46005,UPGRADE,SIMPLO,CLIMA CAR,21/11/2024,975,,2025/1
45865,CORREÇÃO,SIMPLO,DIESEL,21/11/2024,74,,2025/1
45862,CORREÇÃO,SIMPLO,DIESEL,21/11/2024,316,,2025/1
45709,NOVA,SIMPLO,MOTORES - LINHA LEVE,19/11/2024,1534,,2025/1
44543,NOVA,SIMPLO,CÓDIGO DE FALHAS,19/11/2024,752,,2025/1
45861,CORREÇÃO,SIMPLO,DIESEL,19/11/2024,37,,2025/1
45525,UPGRADE,SIMPLO,DIESEL,19/11/2024,409,,2025/1
45187,UPGRADE,SIMPLO,DIESEL,19/11/2024,332,,2025/1
39905,UPGRADE,SIMPLO,DIESEL,19/11/2024,172,,2025/1
45989,UPGRADE,SIMPLO,DIESEL,19/11/2024,353,,2025/1
45988,UPGRADE,SIMPLO,DIESEL,19/11/2024,301,,2025/1
45987,UPGRADE,SIMPLO,DIESEL,19/11/2024,300,,2025/1
45986,UPGRADE,SIMPLO,DIESEL,19/11/2024,230,,2025/1
45985,UPGRADE,SIMPLO,DIESEL,19/11/2024,231,,2025/1
45984,CORREÇÃO,SIMPLO,DIESEL,19/11/2024,219,,2025/1
45959,CORREÇÃO,SIMPLO,CLIMA CAR,19/11/2024,993,,2025/1
45930,CORREÇÃO,SIMPLO,CLIMA CAR,19/11/2024,992,,2025/1
45967,CORREÇÃO,SIMPLO,CLIMA CAR,19/11/2024,977/978,,2025/1
45981,CORREÇÃO,SIMPLO,CLIMA CAR,19/11/2024,975/976,,2025/1
45456,NOVA,SIMPLO,CÂMBIO,19/11/2024,204,,2025/1
45456,UPGRADE,SIMPLO,ELECTRA,18/11/2024,293,,2025/1
44981,NOVA,SIMPLO,ELECTRA,18/11/2024,297,,2025/1
44819,NOVA,SIMPLO,ELECTRA,18/11/2024,296,,2025/1
45424,NOVA,SIMPLO,CÂMBIO,18/11/2024,203,,2025/1
45424,UPGRADE,SIMPLO,ELECTRA,18/11/2024,289,,2025/1
45920,NOVA,SIMPLO,SCOPE TRUCK (MT PRO),14/11/2024,317,,2025/1
45568,NOVA,SIMPLO,MT PRO,14/11/2024,316,,2025/1
40132,NOVA,SIMPLO,LOCAR TRUCK,14/11/2024,977,,2025/1
43919,NOVA,SIMPLO,LOCAR TRUCK,14/11/2024,976,,2025/1
44459,NOVA,SIMPLO,LOCAR,14/11/2024,975,,2025/1
45816,NOVA,SIMPLO,LUBRITEC,14/11/2024,5752,,2025/1
45631,NOVA,SIMPLO,LUBRITEC,14/11/2024,5751,,2025/1
39735,NOVA,SIMPLO,CLIMA CAR,14/11/2024,1167,,2025/1
33260,NOVA,SIMPLO,CLIMA CAR,14/11/2024,1166,,2025/1
33580,NOVA,SIMPLO,CLIMA CAR,14/11/2024,1165,,2025/1
33580,NOVA,SIMPLO,CLIMA CAR,14/11/2024,1164,,2025/1
33580,NOVA,SIMPLO,CLIMA CAR,14/11/2024,1163,,2025/1
33580,NOVA,SIMPLO,CLIMA CAR,14/11/2024,1162,,2025/1
33344,NOVA,SIMPLO,CLIMA CAR,14/11/2024,1161,,2025/1
45580,UPGRADE,SIMPLO,MOTORES - LINHA PESADA,14/11/2024,902,,2025/1
44452,UPGRADE,SIMPLO,LOCAR,14/11/2024,884,,2025/1
45855,CORREÇÃO,SIMPLO,MIX - IMOBILIZADOR,14/11/2024,433,,2025/1
45855,CORREÇÃO,SIMPLO,MIX - ALARMES,14/11/2024,433,,2025/1
45806,UPGRADE,SIMPLO,LUBRITEC,14/11/2024,5238,,2025/1
45805,CORREÇÃO,SIMPLO,LUBRITEC,14/11/2024,5241,,2025/1
45804,CORREÇÃO,SIMPLO,LUBRITEC,14/11/2024,5239,,2025/1
44124,CORREÇÃO,SIMPLO,LUBRITEC,14/11/2024,5242,,2025/1
44123,CORREÇÃO,SIMPLO,LUBRITEC,14/11/2024,1599,,2025/1
45389,NOVA,SIMPLO,CÂMBIO,14/11/2024,202,,2025/1
36189,NOVA,SIMPLO,CLIMA CAR,13/11/2024,1160,,2025/1
36189,NOVA,SIMPLO,CLIMA CAR,13/11/2024,1159,,2025/1
45783,NOVA,SIMPLO,CLIMA CAR,13/11/2024,1158,,2025/1
45783,NOVA,SIMPLO,CLIMA CAR,13/11/2024,1157,,2025/1
44450,NOVA,SIMPLO,LOCAR,13/11/2024,974,,2025/1
44391,NOVA,SIMPLO,LOCAR,13/11/2024,973,,2025/1
45389,UPGRADE,SIMPLO,ELECTRA TRUCK,13/11/2024,191,,2025/1
45389,UPGRADE,SIMPLO,ELECTRA,13/11/2024,288,,2025/1
45354,NOVA,SIMPLO,CÂMBIO,12/11/2024,201,,2025/1
45354,UPGRADE,SIMPLO,ELECTRA,12/11/2024,290,,2025/1
45000,UPGRADE,SIMPLO,ELECTRA,12/11/2024,220,,2025/1
45711,UPGRADE,SIMPLO,CÓDIGO DE FALHAS,12/11/2024,583,,2025/1
41638,NOVA,SIMPLO,SINCRO - CORRENTES,12/11/2024,1971,,2025/1
43013,NOVA,SIMPLO,SINCRO - CORRENTES,12/11/2024,1970,,2025/1
45665,NOVA,SIMPLO,SINCRO - CORRENTES,12/11/2024,1969,,2025/1
45414,NOVA,SIMPLO,SINCRO - CORREIAS,12/11/2024,1968,,2025/1
45664,NOVA,SIMPLO,MOTORES - LINHA LEVE,12/11/2024,1533,,2025/1
29766,NOVA,SIMPLO,MOTORES - LINHA LEVE,12/11/2024,1532,,2025/1
41007,NOVA,SIMPLO,MOTORES - LINHA LEVE,12/11/2024,1531,,2025/1
44821,NOVA,SIMPLO,MOTORES - LINHA LEVE,12/11/2024,1530,,2025/1
42736,NOVA,SIMPLO,PICO SCOPE,11/11/2024,670,,2025/1
45386,NOVA,SIMPLO,MT PRO,11/11/2024,315,,2025/1
42719,NOVA,SIMPLO,PICO SCOPE,11/11/2024,669,,2025/1
42691,NOVA,SIMPLO,PICO SCOPE,11/11/2024,668,,2025/1
44816,NOVA,SIMPLO,INJEÇÃO,11/11/2024,2181,,2025/1
35238,NOVA,SIMPLO,INJEÇÃO,11/11/2024,2180,,2025/1
35238,NOVA,SIMPLO,INJEÇÃO,11/11/2024,2179,,2025/1
45174,NOVA,SIMPLO,INJEÇÃO,11/11/2024,2178,,2025/1
45174,NOVA,SIMPLO,INJEÇÃO,11/11/2024,2177,,2025/1
43304,NOVA,SIMPLO,PICO SCOPE,11/11/2024,667,,2025/1
42685,NOVA,SIMPLO,PICO SCOPE,11/11/2024,666,,2025/1
43311,NOVA,SIMPLO,PICO SCOPE,11/11/2024,665,,2025/1
45890,UPGRADE,SIMPLO,DIESEL,11/11/2024,256,,2025/1
39585,UPGRADE,SIMPLO,ABS/ASR/ESP,11/11/2024,904,,2025/1
45840,UPGRADE,SIMPLO,CÂMBIO,08/11/2024,106,,2025/1
45840,UPGRADE,SIMPLO,CÂMBIO,08/11/2024,100,,2025/1
45840,UPGRADE,SIMPLO,CÂMBIO,08/11/2024,131,,2025/1
45840,UPGRADE,SIMPLO,CÂMBIO,08/11/2024,130,,2025/1
45681,UPGRADE,SIMPLO,CÓDIGO DE FALHAS,08/11/2024,663,,2025/1
43661,CORREÇÃO,SIMPLO,MOTORES - LINHA LEVE,08/11/2024,1467,,2025/1
45858,UPGRADE,SIMPLO,DIESEL,08/11/2024,238,,2025/1
45857,CORREÇÃO,SIMPLO,ARLA,08/11/2024,8,,2025/1
43725,NOVA,SIMPLO,SCOPE TRUCK (PICO SCOPE),08/11/2024,664,,2025/1
43725,NOVA,SIMPLO,PICO SCOPE,08/11/2024,664,,2025/1
45781,UPGRADE,SIMPLO,PICO SCOPE,07/11/2024,44,,2025/1
42316,NOVA,SIMPLO,PICO SCOPE,07/11/2024,663,,2025/1
41662,NOVA,SIMPLO,PICO SCOPE,07/11/2024,662,,2025/1
45593,CORREÇÃO,SIMPLO,PICO SCOPE,07/11/2024,274,,2025/1
45659,UPGRADE,TRACTOR,MOTORES TRACTOR,07/11/2024,20103,,2025/1 T
45659,UPGRADE,SIMPLO,MOTORES - LINHA PESADA,07/11/2024,572,,2025/1
45460,CORREÇÃO,TRACTOR,MOTORES TRACTOR,07/11/2024,20076,,2025/1 T
45460,CORREÇÃO,SIMPLO,MOTORES - LINHA PESADA,07/11/2024,195,,2025/1
45721,UPGRADE,SIMPLO,MOTORES - LINHA LEVE,07/11/2024,532,,2025/1
45654,CORREÇÃO,SIMPLO,MOTORES - LINHA LEVE,07/11/2024,1251,,2025/1
45634,CORREÇÃO,SIMPLO,MOTORES - LINHA LEVE,07/11/2024,1390,,2025/1
45630,CORREÇÃO,SIMPLO,MOTORES - LINHA LEVE,07/11/2024,1495,,2025/1
45629,CORREÇÃO,SIMPLO,MOTORES - LINHA LEVE,07/11/2024,1527,,2025/1
43985,CORREÇÃO,SIMPLO,MOTORES - LINHA LEVE,07/11/2024,1441,,2025/1
45836,CORREÇÃO,SIMPLO,DIESEL,07/11/2024,252,,2025/1
45817,NOVA,SIMPLO,INJEÇÃO,07/11/2024,2176,,2025/1
45606,UPGRADE,SIMPLO,SINCRO - CORRENTES,07/11/2024,1786,,2025/1
45519,UPGRADE,SIMPLO,SINCRO - CORRENTES,06/11/2024,1927,,2025/1
44144,UPGRADE,SIMPLO,SINCRO - CORRENTES,06/11/2024,1781,,2025/1
45638,CORREÇÃO,SIMPLO,ELECTRA,06/11/2024,170,,2025/1
45479,UPGRADE,SIMPLO,DIESEL,06/11/2024,407,,2025/1
45477,UPGRADE,SIMPLO,DIESEL,06/11/2024,404,,2025/1
45839,UPGRADE,SIMPLO,CLIMA CAR,06/11/2024,661,,2025/1
45834,CORREÇÃO,SIMPLO,CLIMA CAR,06/11/2024,1154/1155,,2025/1
45793,CORREÇÃO,SIMPLO,CLIMA CAR,06/11/2024,1063,,2025/1
45790,CORREÇÃO,SIMPLO,CLIMA CAR,06/11/2024,173,,2025/1
45764,CORREÇÃO,SIMPLO,CLIMA CAR,06/11/2024,983/984,,2025/1
45605,CORREÇÃO,SIMPLO,CLIMA CAR,06/11/2024,1149,,2025/1
45540,CORREÇÃO,SIMPLO,CLIMA CAR,06/11/2024,1154/1155,,2025/1
45539,CORREÇÃO,SIMPLO,CLIMA CAR,06/11/2024,1152/1153,,2025/1
45458,CORREÇÃO,SIMPLO,CLIMA CAR,05/11/2024,1097,,2025/1
45823,UPGRADE,SIMPLO,INJEÇÃO,05/11/2024,1633,,2025/1
45809,UPGRADE,SIMPLO,INJEÇÃO,05/11/2024,1715,,2025/1
45801,UPGRADE,SIMPLO,DIESEL,05/11/2024,353,,2025/1
45800,UPGRADE,SIMPLO,DIESEL,05/11/2024,301,,2025/1
45799,UPGRADE,SIMPLO,DIESEL,05/11/2024,300,,2025/1
45798,UPGRADE,SIMPLO,DIESEL,05/11/2024,230,,2025/1
45795,UPGRADE,SIMPLO,DIESEL,05/11/2024,219,,2025/1
45794,UPGRADE,SIMPLO,DIESEL,05/11/2024,231,,2025/1
45789,CORREÇÃO,SIMPLO,DIESEL,05/11/2024,212,,2025/1
45785,CORREÇÃO,SIMPLO,DIESEL,05/11/2024,5,,2025/1
45772,CORREÇÃO,SIMPLO,DIESEL,05/11/2024,262,,2025/1
45739,UPGRADE,SIMPLO,DIESEL,05/11/2024,365,,2025/1
45738,UPGRADE,SIMPLO,DIESEL,04/11/2024,364,,2025/1
45726,CORREÇÃO,SIMPLO,DIESEL,04/11/2024,331,,2025/1
45641,CORREÇÃO,SIMPLO,DIESEL,04/11/2024,117,,2025/1
45640,CORREÇÃO,SIMPLO,DIESEL,04/11/2024,57,,2025/1
45620,UPGRADE,SIMPLO,DIESEL,04/11/2024,257,,2025/1
45592,CORREÇÃO,SIMPLO,DIESEL,04/11/2024,236,,2025/1
45478,UPGRADE,SIMPLO,DIESEL,04/11/2024,392,,2025/1
45457,UPGRADE,SIMPLO,DIESEL,04/11/2024,408,,2025/1
45416,CORREÇÃO,SIMPLO,DIESEL,04/11/2024,214,,2025/1
45413,CORREÇÃO,SIMPLO,DIESEL,04/11/2024,10,,2025/1
45287,UPGRADE,SIMPLO,DIESEL,04/11/2024,254,,2025/1
45183,CORREÇÃO,SIMPLO,DIESEL,04/11/2024,358,,2025/1
44915,CORREÇÃO,SIMPLO,DIESEL,04/11/2024,169,,2025/1
45807,UPGRADE,SIMPLO,INJEÇÃO,04/11/2024,2099,,2025/1
45803,CORREÇÃO,SIMPLO,INJEÇÃO,04/11/2024,1424,,2025/1
45792,UPGRADE,SIMPLO,INJEÇÃO,04/11/2024,2048,,2025/1
45728,UPGRADE,SIMPLO,INJEÇÃO,04/11/2024,1321,,2025/1
45703,UPGRADE,SIMPLO,INJEÇÃO,04/11/2024,1676,,2025/1
45771,UPGRADE,SIMPLO,INJEÇÃO,01/11/2024,2026,,2025/1
45767,CORREÇÃO,SIMPLO,INJEÇÃO,01/11/2024,353,,2025/1
45723,UPGRADE,SIMPLO,INJEÇÃO,01/11/2024,1552,,2025/1
45720,UPGRADE,SIMPLO,INJEÇÃO,01/11/2024,1637,,2025/1
45708,UPGRADE,SIMPLO,INJEÇÃO,01/11/2024,1589,,2025/1
45690,CORREÇÃO,SIMPLO,INJEÇÃO,01/11/2024,1519,,2025/1
45689,CORREÇÃO,SIMPLO,INJEÇÃO,01/11/2024,1518,,2025/1
45687,UPGRADE,SIMPLO,INJEÇÃO,01/11/2024,1640,,2025/1
45684,UPGRADE,SIMPLO,INJEÇÃO,01/11/2024,1623,,2025/1
45678,CORREÇÃO,SIMPLO,INJEÇÃO,01/11/2024,1548,,2025/1
45662,UPGRADE,SIMPLO,INJEÇÃO,01/11/2024,1622,,2025/1
45658,CORREÇÃO,SIMPLO,INJEÇÃO,01/11/2024,1621,,2025/1
45653,CORREÇÃO,SIMPLO,INJEÇÃO,01/11/2024,1701,,2025/1
45647,CORREÇÃO,SIMPLO,INJEÇÃO,01/11/2024,1311,,2025/1
45635,CORREÇÃO,SIMPLO,INJEÇÃO,01/11/2024,2107,,2025/1
45632,CORREÇÃO,SIMPLO,INJEÇÃO,31/10/2024,2073,,2025/1
45615,CORREÇÃO,SIMPLO,INJEÇÃO,31/10/2024,1588,,2025/1
45603,CORREÇÃO,SIMPLO,INJEÇÃO,31/10/2024,1561,,2025/1
45595,UPGRADE,SIMPLO,INJEÇÃO,31/10/2024,1658,,2025/1
45594,CORREÇÃO,SIMPLO,INJEÇÃO,31/10/2024,512,,2025/1
45578,CORREÇÃO,SIMPLO,INJEÇÃO,31/10/2024,1258,,2025/1
45553,UPGRADE,SIMPLO,INJEÇÃO,31/10/2024,1507,,2025/1
45541,CORREÇÃO,SIMPLO,INJEÇÃO,31/10/2024,2162,,2025/1
45538,CORREÇÃO,SIMPLO,INJEÇÃO,31/10/2024,2172,,2025/1
45537,CORREÇÃO,SIMPLO,INJEÇÃO,31/10/2024,2173,,2025/1
45535,CORREÇÃO,SIMPLO,INJEÇÃO,31/10/2024,1021,,2025/1
45533,CORREÇÃO,SIMPLO,INJEÇÃO,31/10/2024,1222,,2025/1
45526,UPGRADE,SIMPLO,INJEÇÃO,30/10/2024,2061,,2025/1
45786,CORREÇÃO,SIMPLO,INJEÇÃO,30/10/2024,1817,,2025/1
45513,UPGRADE,SIMPLO,INJEÇÃO,30/10/2024,1754,,2025/1
45508,CORREÇÃO,SIMPLO,INJEÇÃO,30/10/2024,1810,,2025/1
45494,UPGRADE,SIMPLO,INJEÇÃO,30/10/2024,2168,,2025/1
45493,UPGRADE,SIMPLO,INJEÇÃO,30/10/2024,2164,,2025/1
45492,UPGRADE,SIMPLO,INJEÇÃO,30/10/2024,2163,,2025/1
45488,UPGRADE,SIMPLO,INJEÇÃO,30/10/2024,2175,,2025/1
45487,UPGRADE,SIMPLO,INJEÇÃO,30/10/2024,2174,,2025/1
45476,UPGRADE,SIMPLO,INJEÇÃO,30/10/2024,1809,,2025/1
45447,UPGRADE,SIMPLO,INJEÇÃO,30/10/2024,1475,,2025/1
45436,UPGRADE,SIMPLO,INJEÇÃO,30/10/2024,2165,,2025/1
45435,UPGRADE,SIMPLO,INJEÇÃO,30/10/2024,2171,,2025/1
44632,NOVA,SIMPLO,CÂMBIO,30/10/2024,200,,2025/1
42666,NOVA,SIMPLO,PICO SCOPE,30/10/2024,661,,2025/1
45107,CORREÇÃO,SIMPLO,INJEÇÃO,29/10/2024,68,,2025/1
44919,UPGRADE,SIMPLO,INJEÇÃO,29/10/2024,1187,,2025/1
45480,NOVA,SIMPLO,CLIMA CAR,29/10/2024,1156,,2025/1
44861,CORREÇÃO,SIMPLO,INJEÇÃO,29/10/2024,1620,,2025/1
44860,CORREÇÃO,SIMPLO,INJEÇÃO,29/10/2024,2054,,2025/1
44824,CORREÇÃO,SIMPLO,INJEÇÃO,29/10/2024,1579,,2025/1
44823,CORREÇÃO,SIMPLO,INJEÇÃO,29/10/2024,1949,,2025/1
44002,UPGRADE,SIMPLO,INJEÇÃO,29/10/2024,2190,,2025/1
39506,NOVA,SIMPLO,CLIMA TRUCK,29/10/2024,160,,2025/1
42624,NOVA,SIMPLO,PICO SCOPE,29/10/2024,660,,2025/1
43704,NOVA,SIMPLO,SCOPE TRUCK (MT PRO),29/10/2024,314,,2025/1
43704,NOVA,SIMPLO,MT PRO,29/10/2024,314,,2025/1
43847,NOVA,SIMPLO,MT PRO,29/10/2024,313,,2025/1
43658,NOVA,SIMPLO,MT PRO,29/10/2024,312,,2025/1
43614,NOVA,SIMPLO,MT PRO,29/10/2024,311,,2025/1
43611,NOVA,SIMPLO,MT PRO,29/10/2024,310,,2025/1
43574,NOVA,SIMPLO,MT PRO,29/10/2024,309,,2025/1
43511,NOVA,SIMPLO,MT PRO,29/10/2024,308,,2025/1
38052,NOVA,SIMPLO,MT PRO,29/10/2024,307,,2025/1
44601,CORREÇÃO,SIMPLO,INJEÇÃO,28/10/2024,1580,,2025/1
44584,CORREÇÃO,SIMPLO,INJEÇÃO,28/10/2024,1498,,2025/1
44226,CORREÇÃO,SIMPLO,INJEÇÃO,28/10/2024,1176,,2025/1
43875,NOVA,SIMPLO,MT PRO,28/10/2024,306,,2025/1
44399,CORREÇÃO,SIMPLO,INJEÇÃO,28/10/2024,1694,,2025/1
40447,UPGRADE,SIMPLO,INJEÇÃO,28/10/2024,1841,,2025/1
45628,NOVA,SIMPLO,MT PRO,28/10/2024,305,,2025/1
39719,UPGRADE,SIMPLO,INJEÇÃO,28/10/2024,1811,,2025/1
42669,NOVA,SIMPLO,PICO SCOPE,28/10/2024,659,,2025/1
42926,NOVA,SIMPLO,SCOPE TRUCK (PICO SCOPE),28/10/2024,658,,2025/1
42926,NOVA,SIMPLO,PICO SCOPE,28/10/2024,658,,2025/1
43527,NOVA,SIMPLO,PICO SCOPE,28/10/2024,657,,2025/1
42622,NOVA,SIMPLO,PICO SCOPE,28/10/2024,656,,2025/1
43512,NOVA,SIMPLO,PICO SCOPE,28/10/2024,655,,2025/1
43385,NOVA,SIMPLO,PICO SCOPE,28/10/2024,654,,2025/1
42595,NOVA,SIMPLO,PICO SCOPE,28/10/2024,653,,2025/1
44229,NOVA,SIMPLO,PICO SCOPE,28/10/2024,652,,2025/1
42566,NOVA,SIMPLO,PICO SCOPE,28/10/2024,651,,2025/1
42556,NOVA,SIMPLO,PICO SCOPE,25/10/2024,650,,2025/1
42324,NOVA,SIMPLO,PICO SCOPE,25/10/2024,649,,2025/1
42311,NOVA,SIMPLO,PICO SCOPE,25/10/2024,648,,2025/1
42001,NOVA,SIMPLO,PICO SCOPE,25/10/2024,647,,2025/1
45691,NOVA,SIMPLO,PICO SCOPE,25/10/2024,646,,2025/1
45683,NOVA,SIMPLO,PICO SCOPE,25/10/2024,645,,2025/1
45725,UPGRADE,SIMPLO,ELECTRA TRUCK,23/10/2024,17,,2025/1
45652,UPGRADE,SIMPLO,DIESEL,15/10/2024,179,,2025/1
45637,CORREÇÃO,SIMPLO,ELECTRA,15/10/2024,177,,2025/1
45636,CORREÇÃO,SIMPLO,LUBRITEC,14/10/2024,5537,,2025/1
45554,CORREÇÃO,SIMPLO,ELECTRA,08/10/2024,244,,2025/1
45552,CORREÇÃO,SIMPLO,DIESEL,08/10/2024,304,,2025/1
45528,UPGRADE,SIMPLO,DIESEL,07/10/2024,309,,2025/1
44111,NOVA,ELÉTRICOS,ELETRICOS - LUBRITEC,09/10/2024,29Y,,2024/2 H&E
42326,NOVA,ELÉTRICOS,ELETRICOS - CÓDIGO DE FALHAS,09/10/2024,29A,,2024/2 H&E
45485,UPGRADE,HIBRIDOS,H&E - MOTORES,09/10/2024,11L,,2024/2 H&E
45184,UPGRADE,HIBRIDOS,H&E - LUBRITEC,09/10/2024,03CJ,,2024/2 H&E
45214,NOVA,HIBRIDOS,H&E - LUBRITEC,09/10/2024,26B,,2024/2 H&E
45545,NOVA,HIBRIDOS,H&E - LUBRITEC,09/10/2024,41A,,2024/2 H&E
45486,NOVA,HIBRIDOS,H&E - MOTORES,09/10/2024,40A,,2024/2 H&E
44812,NOVA,HIBRIDOS,H&E - MOTORES,09/10/2024,31B,,2024/2 H&E
45333,NOVA,HIBRIDOS,H&E - LUBRITEC,09/10/2024,39A,,2024/2 H&E
44190,NOVA,ELÉTRICOS,ELETRICOS - LUBRITEC,09/10/2024,13B,,2024/2 H&E
44189,NOVA,ELÉTRICOS,ELETRICOS - LUBRITEC,09/10/2024,14B,,2024/2 H&E
44893,NOVA,HIBRIDOS,H&E - INTERLOCK,09/10/2024,30B,,2024/2 H&E
44522,NOVA,HIBRIDOS,H&E - INTERLOCK,09/10/2024,38A,,2024/2 H&E
44238,NOVA,HIBRIDOS,H&E - INTERLOCK,09/10/2024,37A,,2024/2 H&E
44217,NOVA,HIBRIDOS,H&E - INTERLOCK,09/10/2024,36A,,2024/2 H&E
44010,NOVA,HIBRIDOS,H&E - INTERLOCK,09/10/2024,35A,,2024/2 H&E
43870,NOVA,HIBRIDOS,H&E - INTERLOCK,08/10/2024,34A,,2024/2 H&E
43868,NOVA,HIBRIDOS,H&E - INTERLOCK,08/10/2024,33A,,2024/2 H&E
43838,NOVA,HIBRIDOS,H&E - INTERLOCK,08/10/2024,32A,,2024/2 H&E
44370,NOVA,ELÉTRICOS,ELETRICOS - INTERLOCK,08/10/2024,28A,,2024/2 H&E
44366,NOVA,ELÉTRICOS,ELETRICOS - INTERLOCK,08/10/2024,27,,2024/2 H&E
44364,NOVA,ELÉTRICOS,ELETRICOS - INTERLOCK,08/10/2024,26,,2024/2 H&E
44358,NOVA,ELÉTRICOS,ELETRICOS - INTERLOCK,08/10/2024,25,,2024/2 H&E
44353,NOVA,ELÉTRICOS,ELETRICOS - INTERLOCK,08/10/2024,24,,2024/2 H&E
44348,NOVA,ELÉTRICOS,ELETRICOS - INTERLOCK,08/10/2024,23,,2024/2 H&E
44347,NOVA,ELÉTRICOS,ELETRICOS - INTERLOCK,08/10/2024,22,,2024/2 H&E
44344,NOVA,ELÉTRICOS,ELETRICOS - INTERLOCK,08/10/2024,21,,2024/2 H&E
44343,NOVA,ELÉTRICOS,ELETRICOS - INTERLOCK,08/10/2024,20,,2024/2 H&E
44289,NOVA,ELÉTRICOS,ELETRICOS - INTERLOCK,08/10/2024,19,,2024/2 H&E
44278,NOVA,ELÉTRICOS,ELETRICOS - INTERLOCK,08/10/2024,18,,2024/2 H&E
44236,NOVA,ELÉTRICOS,ELETRICOS - INTERLOCK,08/10/2024,17,,2024/2 H&E
44208,NOVA,ELÉTRICOS,ELETRICOS - INTERLOCK,08/10/2024,16,,2024/2 H&E
44205,NOVA,ELÉTRICOS,ELETRICOS - INTERLOCK,08/10/2024,15,,2024/2 H&E
44204,NOVA,ELÉTRICOS,ELETRICOS - INTERLOCK,07/10/2024,14,,2024/2 H&E
44203,NOVA,ELÉTRICOS,ELETRICOS - INTERLOCK,07/10/2024,13,,2024/2 H&E
44202,NOVA,ELÉTRICOS,ELETRICOS - INTERLOCK,07/10/2024,12,,2024/2 H&E
44201,NOVA,ELÉTRICOS,ELETRICOS - INTERLOCK,07/10/2024,11,,2024/2 H&E
43999,NOVA,ELÉTRICOS,ELETRICOS - INTERLOCK,07/10/2024,10,,2024/2 H&E
44349,UPGRADE,ELÉTRICOS,ELETRICOS - INTERLOCK,07/10/2024,7,,2024/2 H&E
44368,NOVA,ELÉTRICOS,ELETRICOS - INTERLOCK,07/10/2024,9,,2024/2 H&E
44279,NOVA,ELÉTRICOS,ELETRICOS - INTERLOCK,07/10/2024,8,,2024/2 H&E
40493,NOVA,HIBRIDOS,H&E,07/10/2024,31,,2024/2 H&E
44886,UPGRADE,ELÉTRICOS,ELETRICOS - LUBRITEC,07/10/2024,6,,2024/2 H&E
43228,UPGRADE,HIBRIDOS,H&E - LUBRITEC,07/10/2024,8,,2024/2 H&E
36905,NOVA,SIMPLO,MOTORES - LINHA LEVE,30/09/2024,1523,,2024/3
39737,NOVA,SIMPLO,MOTORES - LINHA LEVE,30/09/2024,1524,,2024/3
40957,UPGRADE,SIMPLO,MOTORES - LINHA LEVE,30/09/2024,1384,,2024/3
45003,NOVA,SIMPLO,SINCRO - CORRENTES,30/09/2024,1967,,2024/3
43779,NOVA,SIMPLO,CÂMBIO,30/09/2024,197,,2024/3
45387,NOVA,SIMPLO,DIESEL,30/09/2024,409,,2024/3
45068,NOVA,SIMPLO,INJEÇÃO,30/09/2024,2174,,2024/3
45069,NOVA,SIMPLO,INJEÇÃO,30/09/2024,2175,,2024/3
40127,NOVA,SIMPLO,MOTORES - LINHA LEVE,30/09/2024,1525,,2024/3
40754,NOVA,SIMPLO,MOTORES - LINHA LEVE,30/09/2024,1526,,2024/3
40852,NOVA,SIMPLO,MOTORES - LINHA LEVE,30/09/2024,1527,,2024/3
42873,NOVA,SIMPLO,MOTORES - LINHA LEVE,30/09/2024,1528,,2024/3
45388,NOVA,SIMPLO,MOTORES - LINHA LEVE,30/09/2024,1529,,2024/3
32770,NOVA,SIMPLO,ELECTRA,30/09/2024,292,,2024/3
32770,NOVA,SIMPLO,CÂMBIO,30/09/2024,198,,2024/3
40477,NOVA,SIMPLO,ELECTRA,30/09/2024,293,,2024/3
45380,NOVA,SIMPLO,ELECTRA,30/09/2024,294,,2024/3
26623,NOVA,SIMPLO,ELECTRA,30/09/2024,283,,2024/3
44810,NOVA,SIMPLO,SINCRO - POLY-V,30/09/2024,1956,,2024/3
44811,NOVA,SIMPLO,SINCRO - CORREIAS,30/09/2024,1944,,2024/3
42460,NOVA,SIMPLO,CÓDIGO DE FALHAS,30/09/2024,751,,2024/3
26623,UPGRADE,SIMPLO,CÂMBIO,30/09/2024,193,,2024/3
40497,NOVA,SIMPLO,CÂMBIO,30/09/2024,199,,2024/3
39497,NOVA,SIMPLO,ELECTRA,30/09/2024,295,,2024/3
39497,NOVA,SIMPLO,ELECTRA TRUCK,30/09/2024,192,,2024/3
43736,NOVA,SIMPLO,CÓDIGO DE FALHAS,27/09/2024,749,,2024/3
44000,NOVA,SIMPLO,CÓDIGO DE FALHAS,27/09/2024,750,,2024/3
39861,UPGRADE,SIMPLO,DIESEL,27/09/2024,322,,2024/3
42830,UPGRADE,SIMPLO,MT PRO,27/09/2024,277,,2024/3
44317,UPGRADE,SIMPLO,LOCAR,27/09/2024,836,,2024/3
33356,UPGRADE,SIMPLO,ELECTRA,27/09/2024,275,,2024/3
40497,NOVA,SIMPLO,ELECTRA,27/09/2024,287,,2024/3
40497,NOVA,SIMPLO,ELECTRA TRUCK,27/09/2024,190,,2024/3
38020,NOVA,SIMPLO,ELECTRA,27/09/2024,288,,2024/3
38020,NOVA,SIMPLO,ELECTRA TRUCK,27/09/2024,191,,2024/3
32329,NOVA,SIMPLO,ELECTRA,27/09/2024,289,,2024/3
33262,NOVA,SIMPLO,ELECTRA,27/09/2024,290,,2024/3
26628,NOVA,SIMPLO,ELECTRA,27/09/2024,291,,2024/3
45188,NOVA,SIMPLO,DIESEL,27/09/2024,408,,2024/3
45411,NOVA,SIMPLO,LUBRITEC,27/09/2024,5750,,2024/3
32641,NOVA,SIMPLO,MOTORES - LINHA PESADA,27/09/2024,1516,,2024/3
33429,NOVA,SIMPLO,MOTORES - LINHA PESADA,27/09/2024,1517,,2024/3
33429,NOVA,TRACTOR,MOTORES TRACTOR,27/09/2024,20115,,2025/1 T
36987,NOVA,SIMPLO,MOTORES - LINHA PESADA,27/09/2024,1518,,2024/3
37061,NOVA,SIMPLO,MOTORES - LINHA PESADA,27/09/2024,1519,,2024/3
39298,NOVA,SIMPLO,MOTORES - LINHA PESADA,27/09/2024,1520,,2024/3
45443,NOVA,SIMPLO,MOTORES - LINHA PESADA,27/09/2024,1521,,2024/3
40236,NOVA,SIMPLO,MOTORES - LINHA PESADA,27/09/2024,1522,,2024/3
38018,UPGRADE,SIMPLO,MOTORES - LINHA LEVE,27/09/2024,1071,,2024/3
40724,UPGRADE,SIMPLO,INJEÇÃO,27/09/2024,1308,,2024/3
45220,CORREÇÃO,SIMPLO,SINCRO - CORRENTES,27/09/2024,1927,,2024/3
26623,NOVA,SIMPLO,CÂMBIO,26/09/2024,193,,2024/3
33743,NOVA,SIMPLO,CÂMBIO,26/09/2024,194,,2024/3
39479,NOVA,SIMPLO,CÂMBIO,26/09/2024,195,,2024/3
42962,NOVA,SIMPLO,CÂMBIO,26/09/2024,196,,2024/3
45022,NOVA,SIMPLO,INJEÇÃO,26/09/2024,2163,,2024/3
45023,NOVA,SIMPLO,INJEÇÃO,26/09/2024,2164,,2024/3
45073,NOVA,SIMPLO,INJEÇÃO,26/09/2024,2165,,2024/3
44994,NOVA,SIMPLO,INJEÇÃO,26/09/2024,2166,,2024/3
45021,NOVA,SIMPLO,INJEÇÃO,26/09/2024,2167,,2024/3
45024,NOVA,SIMPLO,INJEÇÃO,26/09/2024,2168,,2024/3
45067,NOVA,SIMPLO,INJEÇÃO,26/09/2024,2169,,2024/3
45070,NOVA,SIMPLO,INJEÇÃO,26/09/2024,2170,,2024/3
45071,NOVA,SIMPLO,INJEÇÃO,26/09/2024,2171,,2024/3
44983,NOVA,SIMPLO,INJEÇÃO,26/09/2024,2172,,2024/3
44983,NOVA,SIMPLO,INJEÇÃO,26/09/2024,2173,,2024/3
45147,NOVA,SIMPLO,DIESEL,26/09/2024,404,,2024/3
45054,NOVA,SIMPLO,DIESEL,26/09/2024,405,,2024/3
45059,NOVA,SIMPLO,DIESEL,26/09/2024,406,,2024/3
45072,NOVA,SIMPLO,DIESEL,26/09/2024,407,,2024/3
40270,UPGRADE,SIMPLO,INJEÇÃO,26/09/2024,1649,,2024/3
40724,UPGRADE,SIMPLO,INJEÇÃO,26/09/2024,1308,,2024/3
45420,CORREÇÃO,SIMPLO,INJEÇÃO,26/09/2024,1416,,2024/3
44859,CORREÇÃO,SIMPLO,DIESEL,26/09/2024,393,,2024/3
45360,UPGRADE,SIMPLO,DIESEL,26/09/2024,380,,2024/3
44583,CORREÇÃO,SIMPLO,CLIMA CAR,26/09/2024,192,,2024/3
45349,NOVA,SIMPLO,ARLA,26/09/2024,20,,2024/3
44304,NOVA,SIMPLO,LOCAR,26/09/2024,966,,2024/3
34617,NOVA,SIMPLO,LOCAR,26/09/2024,967,,2024/3
44380,NOVA,SIMPLO,LOCAR,26/09/2024,968,,2024/3
44328,NOVA,SIMPLO,LOCAR,26/09/2024,969,,2024/3
44451,NOVA,SIMPLO,LOCAR,26/09/2024,970,,2024/3
45201,UPGRADE,SIMPLO,CLIMA CAR,26/09/2024,856,,2024/3
45412,CORREÇÃO,SIMPLO,CLIMA CAR,26/09/2024,834,,2024/3
45421,UPGRADE,SIMPLO,SINCRO - CORRENTES,26/09/2024,1780,,2024/3
45432,UPGRADE,SIMPLO,ELECTRA TRUCK,26/09/2024,174,,2024/3
42480,NOVA,SIMPLO,CÓDIGO DE FALHAS,26/09/2024,748,,2024/3
41017,NOVA,SIMPLO,SINCRO - POLY-V,26/09/2024,1966,,2024/3
38031,NOVA,SIMPLO,ELECTRA,26/09/2024,286,,2024/3
45376,UPGRADE,SIMPLO,INJEÇÃO,25/09/2024,672,,2024/3
43384,UPGRADE,SIMPLO,ELECTRA,25/09/2024,259,,2024/3
43766,UPGRADE,SIMPLO,SINCRO - CORREIAS,25/09/2024,1825,,2024/3
45077,UPGRADE,SIMPLO,INJEÇÃO,25/09/2024,2069,,2024/3
45341,UPGRADE,SIMPLO,DIESEL,25/09/2024,367,,2024/3
45336,NOVA,SIMPLO,SINCRO - POLY-V,25/09/2024,1951,,2024/3
43772,NOVA,SIMPLO,SINCRO - POLY-V,25/09/2024,1952,,2024/3
45328,NOVA,SIMPLO,SINCRO - POLY-V,25/09/2024,1953,,2024/3
43943,NOVA,SIMPLO,SINCRO - POLY-V,25/09/2024,1954,,2024/3
45385,NOVA,SIMPLO,SINCRO - POLY-V,25/09/2024,1955,,2024/3
44810,NOVA,SIMPLO,SINCRO - POLY-V,25/09/2024,1956,,2024/3
44805,NOVA,SIMPLO,SINCRO - POLY-V,25/09/2024,1957,,2024/3
44808,NOVA,SIMPLO,SINCRO - POLY-V,25/09/2024,1958,,2024/3
44804,NOVA,SIMPLO,SINCRO - POLY-V,25/09/2024,1959,,2024/3
44800,NOVA,SIMPLO,SINCRO - POLY-V,25/09/2024,1960,,2024/3
38488,NOVA,SIMPLO,SINCRO - POLY-V,25/09/2024,1961,,2024/3
36871,NOVA,SIMPLO,SINCRO - POLY-V,25/09/2024,1962,,2024/3
43007,NOVA,SIMPLO,SINCRO - POLY-V,25/09/2024,1963,,2024/3
43006,NOVA,SIMPLO,SINCRO - POLY-V,25/09/2024,1964,,2024/3
45391,NOVA,SIMPLO,REVISA CAR,25/09/2024,651,,2024/3
45392,NOVA,SIMPLO,REVISA CAR,25/09/2024,652,,2024/3
45393,NOVA,SIMPLO,REVISA CAR,25/09/2024,653,,2024/3
45399,NOVA,SIMPLO,REVISA CAR,25/09/2024,654,,2024/3
45395,NOVA,SIMPLO,REVISA CAR,25/09/2024,655,,2024/3
45396,NOVA,SIMPLO,REVISA CAR,25/09/2024,656,,2024/3
45382,CORREÇÃO,SIMPLO,DIESEL,25/09/2024,236,,2024/3
45418,UPGRADE,SIMPLO,SINCRO - CORRENTES,25/09/2024,1395,,2024/3
45419,CORREÇÃO,SIMPLO,MOTORES - LINHA LEVE,25/09/2024,549,,2024/3
42817,NOVA,SIMPLO,MT PRO,25/09/2024,304,,2024/3
42822,NOVA,SIMPLO,PICO SCOPE,25/09/2024,644,,2024/3
44815,NOVA,SIMPLO,SINCRO - POLY-V,25/09/2024,1965,,2024/3
26632,NOVA,SIMPLO,CÂMBIO,25/09/2024,191,,2024/3
43792,NOVA,SIMPLO,CÂMBIO,25/09/2024,192,,2024/3
44984,NOVA,SIMPLO,INJEÇÃO,25/09/2024,2162,,2024/3
43862,UPGRADE,SIMPLO,ELECTRA,24/09/2024,68,,2024/3
43984,UPGRADE,SIMPLO,ELECTRA,24/09/2024,62,,2024/3
44167,UPGRADE,SIMPLO,ELECTRA,24/09/2024,191,,2024/3
41592,NOVA,SIMPLO,MOTORES - LINHA LEVE,24/09/2024,1511,,2024/3
45330,CORREÇÃO,SIMPLO,ELECTRA,24/09/2024,247,,2024/3
45310,UPGRADE,SIMPLO,ELECTRA,24/09/2024,223,,2024/3
45346,UPGRADE,SIMPLO,ELECTRA TRUCK,24/09/2024,175,,2024/3
42066,NOVA,SIMPLO,MOTORES - LINHA LEVE,24/09/2024,1512,,2024/3
42067,NOVA,SIMPLO,MOTORES - LINHA LEVE,24/09/2024,1513,,2024/3
42122,UPGRADE,SIMPLO,ELECTRA TRUCK,24/09/2024,181,,2024/3
45111,UPGRADE,SIMPLO,ELECTRA TRUCK,24/09/2024,145,,2024/3
45352,UPGRADE,SIMPLO,DIESEL,24/09/2024,402,,2024/3
42068,NOVA,SIMPLO,MOTORES - LINHA LEVE,24/09/2024,1514,,2024/3
42069,NOVA,SIMPLO,MOTORES - LINHA LEVE,24/09/2024,1515,,2024/3
44587,UPGRADE,SIMPLO,INJEÇÃO,24/09/2024,1533,,2024/3
44874,CORREÇÃO,SIMPLO,LUBRITEC,24/09/2024,5351,,2024/3
45402,CORREÇÃO,SIMPLO,MOTORES - LINHA LEVE,24/09/2024,414,,2024/3
44921,CORREÇÃO,SIMPLO,CÓDIGO DE FALHAS,24/09/2024,414,,2024/3
45366,NOVA,SIMPLO,REVISA CAR,24/09/2024,646,,2024/3
45368,NOVA,SIMPLO,REVISA CAR,24/09/2024,647,,2024/3
44769,CORREÇÃO,SIMPLO,SINCRO - POLY-V,24/09/2024,1852,,2024/3
45369,NOVA,SIMPLO,REVISA CAR,24/09/2024,648,,2024/3
45372,NOVA,SIMPLO,REVISA CAR,24/09/2024,649,,2024/3
45373,NOVA,SIMPLO,REVISA CAR,24/09/2024,650,,2024/3
44180,NOVA,SIMPLO,LUBRITEC,24/09/2024,5744,,2024/3
44184,NOVA,SIMPLO,LUBRITEC,24/09/2024,5745,,2024/3
44186,NOVA,SIMPLO,LUBRITEC,24/09/2024,5746,,2024/3
44200,NOVA,SIMPLO,LUBRITEC,24/09/2024,5747,,2024/3
44117,NOVA,SIMPLO,LUBRITEC,24/09/2024,5748,,2024/3
44197,NOVA,SIMPLO,LUBRITEC,24/09/2024,5749,,2024/3
45014,UPGRADE,SIMPLO,INJEÇÃO,24/09/2024,1222,,2024/3
45015,UPGRADE,SIMPLO,INJEÇÃO,24/09/2024,1021,,2024/3
44744,NOVA,SIMPLO,MOTORES - LINHA LEVE,23/09/2024,1505,,2024/3
44746,NOVA,SIMPLO,MOTORES - LINHA LEVE,23/09/2024,1506,,2024/3
44748,NOVA,SIMPLO,MOTORES - LINHA LEVE,23/09/2024,1507,,2024/3
44807,NOVA,SIMPLO,MOTORES - LINHA LEVE,23/09/2024,1508,,2024/3
42870,NOVA,SIMPLO,MOTORES - LINHA LEVE,23/09/2024,1509,,2024/3
41154,NOVA,SIMPLO,MOTORES - LINHA LEVE,23/09/2024,1510,,2024/3
42142,UPGRADE,SIMPLO,ELECTRA,23/09/2024,210,,2024/3
45285,NOVA,SIMPLO,REVISA CAR,23/09/2024,642,,2024/3
45319,NOVA,SIMPLO,REVISA CAR,23/09/2024,643,,2024/3
42142,NOVA,SIMPLO,CÂMBIO,23/09/2024,190,,2024/3
43452,UPGRADE,SIMPLO,ELECTRA,23/09/2024,184,,2024/3
43452,UPGRADE,SIMPLO,ELECTRA TRUCK,23/09/2024,169,,2024/3
45367,NOVA,SIMPLO,REVISA CAR,23/09/2024,644,,2024/3
45370,NOVA,SIMPLO,REVISA CAR,23/09/2024,645,,2024/3
43560,UPGRADE,SIMPLO,ELECTRA,23/09/2024,191,,2024/3
44245,NOVA,SIMPLO,MT PRO,23/09/2024,303,,2024/3
44245,NOVA,SIMPLO,MT PRO,23/09/2024,303,,2024/3
43684,UPGRADE,SIMPLO,ELECTRA,23/09/2024,21,,2024/3
45052,NOVA,SIMPLO,INJEÇÃO,23/09/2024,2161,,2024/3
43196,NOVA,SIMPLO,CLIMA CAR,20/09/2024,1152,,2024/3
43196,NOVA,SIMPLO,CLIMA CAR,20/09/2024,1153,,2024/3
43196,NOVA,SIMPLO,CLIMA CAR,20/09/2024,1154,,2024/3
43196,NOVA,SIMPLO,CLIMA CAR,20/09/2024,1155,,2024/3
45283,NOVA,SIMPLO,REVISA CAR,20/09/2024,633,,2024/3
45303,NOVA,SIMPLO,REVISA CAR,20/09/2024,634,,2024/3
45312,NOVA,SIMPLO,REVISA CAR,20/09/2024,635,,2024/3
45313,NOVA,SIMPLO,REVISA CAR,20/09/2024,636,,2024/3
45314,NOVA,SIMPLO,REVISA CAR,20/09/2024,637,,2024/3
45318,NOVA,SIMPLO,REVISA CAR,20/09/2024,638,,2024/3
45320,NOVA,SIMPLO,REVISA CAR,20/09/2024,639,,2024/3
45274,UPGRADE,SIMPLO,DIESEL,20/09/2024,341,,2024/3
45275,UPGRADE,SIMPLO,DIESEL,20/09/2024,361,,2024/3
45276,UPGRADE,SIMPLO,DIESEL,20/09/2024,366,,2024/3
45315,NOVA,SIMPLO,REVISA CAR,20/09/2024,640,,2024/3
45317,NOVA,SIMPLO,REVISA CAR,20/09/2024,641,,2024/3
44174,NOVA,SIMPLO,LUBRITEC,20/09/2024,5740,,2024/3
44179,NOVA,SIMPLO,LUBRITEC,20/09/2024,5741,,2024/3
44185,NOVA,SIMPLO,LUBRITEC,20/09/2024,5742,,2024/3
44198,NOVA,SIMPLO,LUBRITEC,20/09/2024,5743,,2024/3
43435,UPGRADE,SIMPLO,INJEÇÃO,20/09/2024,1354,,2024/3
43608,UPGRADE,SIMPLO,INJEÇÃO,20/09/2024,1507,,2024/3
44228,NOVA,SIMPLO,MT PRO,20/09/2024,302,,2024/3
45335,UPGRADE,SIMPLO,INJEÇÃO,20/09/2024,2082,,2024/3
45002,NOVA,SIMPLO,MOTORES - LINHA LEVE,20/09/2024,1503,,2024/3
44771,NOVA,SIMPLO,MOTORES - LINHA LEVE,20/09/2024,1504,,2024/3
45185,UPGRADE,SIMPLO,INJEÇÃO,20/09/2024,450,,2024/3
44308,UPGRADE,SIMPLO,LOCAR,20/09/2024,931,,2024/3
45326,NOVA,SIMPLO,PICO SCOPE,20/09/2024,643,,2024/3
44331,UPGRADE,SIMPLO,MOTORES - LINHA LEVE,19/09/2024,819,,2024/3
44397,UPGRADE,SIMPLO,MOTORES - LINHA LEVE,19/09/2024,1422,,2024/3
44862,UPGRADE,SIMPLO,MOTORES - LINHA LEVE,19/09/2024,310,,2024/3
45316,NOVA,SIMPLO,REVISA CAR,19/09/2024,630,,2024/3
45286,NOVA,SIMPLO,REVISA CAR,19/09/2024,631,,2024/3
45304,NOVA,SIMPLO,REVISA CAR,19/09/2024,632,,2024/3
44148,NOVA,SIMPLO,MT PRO,19/09/2024,301,,2024/3
42962,NOVA,SIMPLO,ELECTRA TRUCK,19/09/2024,189,,2024/3
43892,UPGRADE,SIMPLO,CÂMBIO,19/09/2024,186,,2024/3
43892,UPGRADE,SIMPLO,CÂMBIO,19/09/2024,189,,2024/3
42376,UPGRADE,SIMPLO,CLIMA CAR,19/09/2024,849,,2024/3
42376,UPGRADE,SIMPLO,CLIMA TRUCK,19/09/2024,124,,2024/3
42705,UPGRADE,SIMPLO,CLIMA CAR,19/09/2024,827,,2024/3
43568,UPGRADE,SIMPLO,CLIMA CAR,19/09/2024,940,,2024/3
43854,UPGRADE,SIMPLO,CLIMA CAR,19/09/2024,975,,2024/3
44951,UPGRADE,SIMPLO,CLIMA CAR,19/09/2024,881,,2024/3
45203,UPGRADE,SIMPLO,CLIMA CAR,19/09/2024,909,,2024/3
44840,NOVA,HIBRIDOS,H&E - REVISA CAR,18/09/2024,26A,,2024/2 H&E
45331,CORREÇÃO,SIMPLO,DIESEL,18/09/2024,303,,2024/3
45338,CORREÇÃO,SIMPLO,ABS/ASR/ESP,18/09/2024,640,,2024/3
44841,NOVA,HIBRIDOS,H&E - REVISA CAR,18/09/2024,27A,,2024/2 H&E
45170,NOVA,HIBRIDOS,H&E - REVISA CAR,18/09/2024,28A,,2024/2 H&E
43882,UPGRADE,SIMPLO,ABS/ASR/ESP,18/09/2024,947,,2024/3
44260,UPGRADE,SIMPLO,ABS/ASR/ESP,18/09/2024,784,,2024/3
44954,UPGRADE,SIMPLO,ABS/ASR/ESP,18/09/2024,723,,2024/3
44953,UPGRADE,SIMPLO,CÂMBIO,18/09/2024,170,,2024/3
39038,UPGRADE,SIMPLO,SINCRO - CORRENTES,18/09/2024,842,,2024/3
44145,UPGRADE,SIMPLO,SINCRO - CORRENTES,18/09/2024,1805,,2024/3
44906,NOVA,HIBRIDOS,H&E - REVISA CAR,18/09/2024,29A,,2024/2 H&E
45273,NOVA,HIBRIDOS,H&E - REVISA CAR,18/09/2024,30A,,2024/2 H&E
39417,UPGRADE,SIMPLO,MOTORES - LINHA PESADA,18/09/2024,214,,2024/3
43860,UPGRADE,SIMPLO,CLIMA TRUCK,18/09/2024,122,,2024/3
43993,UPGRADE,SIMPLO,MOTORES - LINHA LEVE,18/09/2024,10,,2024/3
44048,UPGRADE,SIMPLO,MOTORES - LINHA LEVE,18/09/2024,835,,2024/3
45270,NOVA,SIMPLO,REVISA CAR,18/09/2024,628,,2024/3
45282,NOVA,SIMPLO,REVISA CAR,18/09/2024,629,,2024/3
44265,UPGRADE,SIMPLO,MOTORES - LINHA LEVE,18/09/2024,932,,2024/3
44955,NOVA,SIMPLO,ARLA,17/09/2024,18,,2024/3
44957,NOVA,SIMPLO,ARLA,17/09/2024,19,,2024/3
44022,NOVA,SIMPLO,PICO SCOPE,17/09/2024,641,,2024/3
45249,CORREÇÃO,SIMPLO,REVISA CAR,17/09/2024,77,,2024/3
43962,NOVA,SIMPLO,SCOPE TRUCK (PICO SCOPE),17/09/2024,642,,2024/3
45250,CORREÇÃO,SIMPLO,REVISA CAR,17/09/2024,78,,2024/3
45251,CORREÇÃO,SIMPLO,REVISA CAR,17/09/2024,79,,2024/3
45272,NOVA,SIMPLO,REVISA CAR,17/09/2024,626,,2024/3
45284,NOVA,SIMPLO,REVISA CAR,17/09/2024,627,,2024/3
44128,NOVA,SIMPLO,LUBRITEC,17/09/2024,5734,,2024/3
44165,NOVA,SIMPLO,LUBRITEC,17/09/2024,5735,,2024/3
44166,NOVA,SIMPLO,LUBRITEC,17/09/2024,5736,,2024/3
44178,NOVA,SIMPLO,LUBRITEC,17/09/2024,5737,,2024/3
45309,NOVA,SIMPLO,LUBRITEC,17/09/2024,5738,,2024/3
45207,CORREÇÃO,SIMPLO,INJEÇÃO,17/09/2024,1102,,2024/3
45202,UPGRADE,SIMPLO,INJEÇÃO,17/09/2024,1581,,2024/3
44029,NOVA,SIMPLO,MT PRO,17/09/2024,299,,2024/3
43974,UPGRADE,SIMPLO,ELECTRA,17/09/2024,189,,2024/3
43055,NOVA,SIMPLO,MT PRO,17/09/2024,300,,2024/3
43055,NOVA,SIMPLO,SCOPE TRUCK (MT PRO),17/09/2024,300,,2024/3
44199,NOVA,SIMPLO,LUBRITEC,17/09/2024,5739,,2024/3
45004,NOVA,SIMPLO,SINCRO - POLY-V,17/09/2024,1950,,2024/3
45311,CORREÇÃO,SIMPLO,INJEÇÃO,17/09/2024,1257,,2024/3
45281,CORREÇÃO,SIMPLO,MOTORES - LINHA PESADA,16/09/2024,1105,,2024/3
32951,NOVA,SIMPLO,INJEÇÃO,16/09/2024,2156,,2024/3
34972,NOVA,SIMPLO,INJEÇÃO,16/09/2024,2157,,2024/3
45017,NOVA,SIMPLO,INJEÇÃO,16/09/2024,2158,,2024/3
45263,CORREÇÃO,SIMPLO,PICO SCOPE,16/09/2024,445,,2024/3
45263,CORREÇÃO,SIMPLO,SCOPE TRUCK (PICO SCOPE),16/09/2024,445,,2024/3
41599,UPGRADE,SIMPLO,PICO SCOPE,16/09/2024,517,,2024/3
41950,UPGRADE,SIMPLO,PICO SCOPE,16/09/2024,74,,2024/3
37277,NOVA,SIMPLO,INJEÇÃO,16/09/2024,2159,,2024/3
37278,NOVA,SIMPLO,INJEÇÃO,16/09/2024,2160,,2024/3
45087,NOVA,SIMPLO,SINCRO - POLY-V,16/09/2024,1949,,2024/3
45264,CORREÇÃO,SIMPLO,MT PRO,16/09/2024,104,,2024/3
45264,CORREÇÃO,SIMPLO,SCOPE TRUCK (MT PRO),16/09/2024,104,,2024/3
42054,NOVA,SIMPLO,MT PRO,16/09/2024,296,,2024/3
43215,NOVA,SIMPLO,MT PRO,16/09/2024,297,,2024/3
44021,NOVA,SIMPLO,MT PRO,16/09/2024,298,,2024/3
44239,UPGRADE,SIMPLO,DIESEL,16/09/2024,274,,2024/3
45298,CORREÇÃO,SIMPLO,DIESEL,16/09/2024,342,,2024/3
45299,CORREÇÃO,SIMPLO,DIESEL,16/09/2024,343,,2024/3
45247,CORREÇÃO,SIMPLO,REVISA CAR,16/09/2024,75,,2024/3
45248,CORREÇÃO,SIMPLO,REVISA CAR,16/09/2024,76,,2024/3
45294,CORREÇÃO,SIMPLO,MOTORES - LINHA LEVE,16/09/2024,690,,2024/3
45256,CORREÇÃO,SIMPLO,LUBRITEC,13/09/2024,2514,,2024/3
45026,UPGRADE,SIMPLO,INJEÇÃO,13/09/2024,1307,,2024/3
45029,UPGRADE,SIMPLO,INJEÇÃO,13/09/2024,1308,,2024/3
45030,UPGRADE,SIMPLO,INJEÇÃO,13/09/2024,1345,,2024/3
45049,UPGRADE,SIMPLO,INJEÇÃO,13/09/2024,1666,,2024/3
45051,UPGRADE,SIMPLO,INJEÇÃO,13/09/2024,1279,,2024/3
45075,UPGRADE,SIMPLO,INJEÇÃO,13/09/2024,512,,2024/3
45076,UPGRADE,SIMPLO,INJEÇÃO,13/09/2024,1355,,2024/3
45242,CORREÇÃO,SIMPLO,REVISA CAR,13/09/2024,70,,2024/3
45244,CORREÇÃO,SIMPLO,REVISA CAR,13/09/2024,72,,2024/3
44396,UPGRADE,SIMPLO,INJEÇÃO,13/09/2024,1658,,2024/3
43891,UPGRADE,SIMPLO,DIESEL,13/09/2024,214,,2024/3
43896,UPGRADE,SIMPLO,DIESEL,13/09/2024,391,,2024/3
43925,UPGRADE,SIMPLO,DIESEL,13/09/2024,397,,2024/3
44926,NOVA,SIMPLO,REVISA CAR,13/09/2024,622,,2024/3
44933,NOVA,SIMPLO,REVISA CAR,13/09/2024,623,,2024/3
45121,NOVA,SIMPLO,REVISA CAR,13/09/2024,624,,2024/3
45268,NOVA,SIMPLO,REVISA CAR,13/09/2024,625,,2024/3
43928,UPGRADE,SIMPLO,DIESEL,13/09/2024,212,,2024/3
45265,NOVA,SIMPLO,LUBRITEC,13/09/2024,5727,,2024/3
45259,NOVA,SIMPLO,LUBRITEC,13/09/2024,5728,,2024/3
44780,NOVA,SIMPLO,LUBRITEC,13/09/2024,5729,,2024/3
43937,UPGRADE,SIMPLO,DIESEL,13/09/2024,399,,2024/3
45020,UPGRADE,SIMPLO,INJEÇÃO,13/09/2024,1404,,2024/3
44844,NOVA,SIMPLO,LUBRITEC,13/09/2024,5730,,2024/3
44884,NOVA,SIMPLO,LUBRITEC,13/09/2024,5731,,2024/3
45190,NOVA,SIMPLO,LUBRITEC,13/09/2024,5732,,2024/3
45173,CORREÇÃO,SIMPLO,INJEÇÃO,13/09/2024,1640,,2024/3
45240,NOVA,SIMPLO,LUBRITEC,13/09/2024,5733,,2024/3
42991,NOVA,SIMPLO,MT PRO,13/09/2024,295,,2024/3
42991,NOVA,SIMPLO,SCOPE TRUCK (MT PRO),13/09/2024,295,,2024/3
45245,CORREÇÃO,SIMPLO,REVISA CAR,13/09/2024,73,,2024/3
45246,CORREÇÃO,SIMPLO,REVISA CAR,13/09/2024,74,,2024/3
45280,CORREÇÃO,SIMPLO,PICO SCOPE,13/09/2024,504,,2024/3
33743,NOVA,SIMPLO,ELECTRA,12/09/2024,284,,2024/3
44972,UPGRADE,SIMPLO,INJEÇÃO,12/09/2024,1049,,2024/3
39479,NOVA,SIMPLO,ELECTRA,12/09/2024,285,,2024/3
44441,CORREÇÃO,SIMPLO,REVISA CAR,12/09/2024,318,,2024/3
44443,CORREÇÃO,SIMPLO,REVISA CAR,12/09/2024,320,,2024/3
44445,CORREÇÃO,SIMPLO,REVISA CAR,12/09/2024,322,,2024/3
44446,CORREÇÃO,SIMPLO,REVISA CAR,12/09/2024,325,,2024/3
44655,CORREÇÃO,SIMPLO,REVISA CAR,12/09/2024,56,,2024/3
44497,CORREÇÃO,SIMPLO,REVISA CAR,12/09/2024,324,,2024/3
45028,CORREÇÃO,SIMPLO,REVISA CAR,12/09/2024,233,,2024/3
45105,CORREÇÃO,SIMPLO,REVISA CAR,12/09/2024,59,,2024/3
45127,CORREÇÃO,SIMPLO,REVISA CAR,12/09/2024,60,,2024/3
45211,CORREÇÃO,SIMPLO,REVISA CAR,12/09/2024,69,,2024/3
45243,CORREÇÃO,SIMPLO,REVISA CAR,12/09/2024,71,,2024/3
45228,CORREÇÃO,SIMPLO,MOTORES - LINHA LEVE,11/09/2024,222,,2024/3
45229,CORREÇÃO,SIMPLO,MOTORES - LINHA LEVE,11/09/2024,1442,,2024/3
43792,NOVA,SIMPLO,ELECTRA,11/09/2024,282,,2024/3
45230,CORREÇÃO,SIMPLO,SINCRO - CORRENTES,11/09/2024,1508,,2024/3
45231,CORREÇÃO,SIMPLO,SINCRO - CORRENTES,11/09/2024,1053,,2024/3
45209,CORREÇÃO,SIMPLO,REVISA CAR,11/09/2024,374,,2024/3
26623,NOVA,SIMPLO,ELECTRA,11/09/2024,283,,2024/3
45210,CORREÇÃO,SIMPLO,REVISA CAR,11/09/2024,373,,2024/3
38590,UPGRADE,SIMPLO,INJEÇÃO,11/09/2024,392,,2024/3
42841,UPGRADE,SIMPLO,INJEÇÃO,11/09/2024,1397,,2024/3
43175,UPGRADE,SIMPLO,INJEÇÃO,11/09/2024,446,,2024/3
40905,UPGRADE,SIMPLO,INJEÇÃO,11/09/2024,622,,2024/3
43730,UPGRADE,SIMPLO,INJEÇÃO,11/09/2024,530,,2024/3
44941,UPGRADE,SIMPLO,INJEÇÃO,11/09/2024,1320,,2024/3
45204,CORREÇÃO,SIMPLO,INJEÇÃO,10/09/2024,1064,,2024/3
44013,NOVA,SIMPLO,SCOPE TRUCK (MT PRO),10/09/2024,293,,2024/3
44672,NOVA,SIMPLO,INJEÇÃO,10/09/2024,2155,,2024/3
44250,NOVA,SIMPLO,CLIMA CAR,10/09/2024,1146,,2024/3
44250,NOVA,SIMPLO,CLIMA CAR,10/09/2024,1147,,2024/3
44250,NOVA,SIMPLO,CLIMA CAR,10/09/2024,1148,,2024/3
44250,NOVA,SIMPLO,CLIMA CAR,10/09/2024,1149,,2024/3
44250,NOVA,SIMPLO,CLIMA CAR,10/09/2024,1150,,2024/3
44250,NOVA,SIMPLO,CLIMA CAR,10/09/2024,1151,,2024/3
42367,NOVA,SIMPLO,MT PRO,10/09/2024,294,,2024/3
26632,NOVA,SIMPLO,ELECTRA,10/09/2024,281,,2024/3
43976,CORREÇÃO,SIMPLO,REVISA CAR,10/09/2024,321,,2024/3
45191,CORREÇÃO,SIMPLO,REVISA CAR,10/09/2024,137,,2024/3
45192,CORREÇÃO,SIMPLO,REVISA CAR,10/09/2024,138,,2024/3
45208,CORREÇÃO,SIMPLO,REVISA CAR,10/09/2024,139,,2024/3
45225,CORREÇÃO,SIMPLO,MOTORES - LINHA LEVE,10/09/2024,41,,2024/3
45226,CORREÇÃO,SIMPLO,MOTORES - LINHA LEVE,10/09/2024,47,,2024/3
45227,CORREÇÃO,SIMPLO,MOTORES - LINHA LEVE,10/09/2024,221,,2024/3
45236,NOVA,SIMPLO,LUBRITEC,10/09/2024,5726,,2024/3
45200,CORREÇÃO,SIMPLO,ELECTRA TRUCK,10/09/2024,179,,2024/3
45126,CORREÇÃO,SIMPLO,REVISA CAR,09/09/2024,58,,2024/3
45145,CORREÇÃO,SIMPLO,REVISA CAR,09/09/2024,61,,2024/3
45163,CORREÇÃO,SIMPLO,REVISA CAR,09/09/2024,63,,2024/3
45164,CORREÇÃO,SIMPLO,REVISA CAR,09/09/2024,64,,2024/3
45165,CORREÇÃO,SIMPLO,REVISA CAR,09/09/2024,65,,2024/3
44742,CORREÇÃO,SIMPLO,MOTORES - LINHA LEVE,09/09/2024,1283,,2024/3
45133,CORREÇÃO,SIMPLO,MOTORES - LINHA LEVE,09/09/2024,814,,2024/3
45162,CORREÇÃO,SIMPLO,REVISA CAR,09/09/2024,62,,2024/3
45167,CORREÇÃO,SIMPLO,REVISA CAR,09/09/2024,66,,2024/3
45168,CORREÇÃO,SIMPLO,REVISA CAR,09/09/2024,67,,2024/3
44999,CORREÇÃO,SIMPLO,ELECTRA,09/09/2024,224,,2024/3
44999,CORREÇÃO,SIMPLO,CÂMBIO,09/09/2024,112,,2024/3
45035,CORREÇÃO,SIMPLO,ELECTRA,09/09/2024,247,,2024/3
45066,CORREÇÃO,SIMPLO,ELECTRA,09/09/2024,119,,2024/3
45205,CORREÇÃO,SIMPLO,MOTORES - LINHA LEVE,09/09/2024,64,,2024/3
45064,CORREÇÃO,SIMPLO,ELECTRA TRUCK,09/09/2024,119,,2024/3
44292,CORREÇÃO,SIMPLO,INJEÇÃO,09/09/2024,2048,,2024/3
45048,CORREÇÃO,SIMPLO,INJEÇÃO,09/09/2024,1826,,2024/3
45050,CORREÇÃO,SIMPLO,INJEÇÃO,09/09/2024,2099,,2024/3
45055,CORREÇÃO,SIMPLO,INJEÇÃO,09/09/2024,2049,,2024/3
45056,CORREÇÃO,SIMPLO,INJEÇÃO,09/09/2024,2046,,2024/3
45085,CORREÇÃO,SIMPLO,INJEÇÃO,09/09/2024,1451,,2024/3
45157,CORREÇÃO,SIMPLO,INJEÇÃO,09/09/2024,2053,,2024/3
45120,NOVA,SIMPLO,REVISA CAR,09/09/2024,619,,2024/3
45182,NOVA,SIMPLO,REVISA CAR,09/09/2024,620,,2024/3
45197,NOVA,SIMPLO,REVISA CAR,09/09/2024,621,,2024/3
45150,NOVA,SIMPLO,LUBRITEC,09/09/2024,5725,,2024/3
44327,NOVA,SIMPLO,LOCAR,09/09/2024,964,,2024/3
44323,NOVA,SIMPLO,LOCAR,09/09/2024,965,,2024/3
45169,CORREÇÃO,SIMPLO,REVISA CAR,09/09/2024,68,,2024/3
44593,CORREÇÃO,SIMPLO,LOCAR,09/09/2024,905,,2024/3
45146,CORREÇÃO,SIMPLO,INJEÇÃO,09/09/2024,2059,,2024/3
44576,NOVA,SIMPLO,ABS/ASR/ESP,09/09/2024,955,,2024/3
44637,NOVA,SIMPLO,SINCRO - CORRENTES,09/09/2024,1948,,2024/3
45087,NOVA,SIMPLO,SINCRO - POLY-V,09/09/2024,1949,,2024/3
45155,CORREÇÃO,SIMPLO,INJEÇÃO,09/09/2024,2063,,2024/3
45156,CORREÇÃO,SIMPLO,INJEÇÃO,09/09/2024,2062,,2024/3
39172,NOVA,SIMPLO,MT PRO,05/09/2024,291,,2024/3
43004,NOVA,SIMPLO,MT PRO,05/09/2024,292,,2024/3
44826,CORREÇÃO,SIMPLO,LUBRITEC,05/09/2024,1341,,2024/3
44828,CORREÇÃO,SIMPLO,LUBRITEC,05/09/2024,1342,,2024/3
44829,CORREÇÃO,SIMPLO,LUBRITEC,05/09/2024,4381,,2024/3
44847,CORREÇÃO,SIMPLO,LUBRITEC,05/09/2024,4382,,2024/3
44864,CORREÇÃO,SIMPLO,LUBRITEC,05/09/2024,963,,2024/3
44867,CORREÇÃO,SIMPLO,LUBRITEC,05/09/2024,4384,,2024/3
44871,CORREÇÃO,SIMPLO,LUBRITEC,05/09/2024,5557,,2024/3
44873,CORREÇÃO,SIMPLO,LUBRITEC,05/09/2024,910,,2024/3
44900,CORREÇÃO,SIMPLO,LUBRITEC,05/09/2024,1336,,2024/3
45082,CORREÇÃO,SIMPLO,LUBRITEC,05/09/2024,2640,,2024/3
44652,CORREÇÃO,SIMPLO,REVISA CAR,04/09/2024,54,,2024/3
42623,NOVA,SIMPLO,MT PRO,04/09/2024,289,,2024/3
42715,NOVA,SIMPLO,MT PRO,04/09/2024,290,,2024/3
44654,CORREÇÃO,SIMPLO,REVISA CAR,04/09/2024,55,,2024/3
44658,CORREÇÃO,SIMPLO,REVISA CAR,04/09/2024,57,,2024/3
44993,CORREÇÃO,SIMPLO,REVISA CAR,04/09/2024,181,,2024/3
45027,CORREÇÃO,SIMPLO,REVISA CAR,04/09/2024,232,,2024/3
44437,CORREÇÃO,SIMPLO,REVISA CAR,04/09/2024,268,,2024/3
44435,CORREÇÃO,SIMPLO,REVISA CAR,04/09/2024,269,,2024/3
44442,CORREÇÃO,SIMPLO,REVISA CAR,04/09/2024,319,,2024/3
45104,CORREÇÃO,SIMPLO,REVISA CAR,04/09/2024,368,,2024/3
44962,NOVA,SIMPLO,CLIMA TRUCK,04/09/2024,156,,2024/3
44753,CORREÇÃO,SIMPLO,LUBRITEC,04/09/2024,4720,,2024/3
44760,CORREÇÃO,SIMPLO,LUBRITEC,04/09/2024,5583,,2024/3
44761,CORREÇÃO,SIMPLO,LUBRITEC,04/09/2024,5556,,2024/3
44961,NOVA,SIMPLO,CLIMA TRUCK,04/09/2024,157,,2024/3
44762,CORREÇÃO,SIMPLO,LUBRITEC,04/09/2024,5566,,2024/3
44960,NOVA,SIMPLO,CLIMA TRUCK,04/09/2024,158,,2024/3
44775,CORREÇÃO,SIMPLO,LUBRITEC,04/09/2024,5568,,2024/3
42570,NOVA,SIMPLO,CLIMA TRUCK,04/09/2024,159,,2024/3
44793,CORREÇÃO,SIMPLO,LUBRITEC,04/09/2024,5606,,2024/3
44662,NOVA,SIMPLO,REVISA CAR,04/09/2024,617,,2024/3
45119,NOVA,SIMPLO,REVISA CAR,04/09/2024,618,,2024/3
44795,CORREÇÃO,SIMPLO,LUBRITEC,04/09/2024,5558,,2024/3
45131,NOVA,SIMPLO,LUBRITEC,04/09/2024,5723,,2024/3
45149,NOVA,SIMPLO,LUBRITEC,04/09/2024,5724,,2024/3
45118,UPGRADE,SIMPLO,MT PRO,03/09/2024,16,,2024/3
43859,UPGRADE,SIMPLO,DIESEL,03/09/2024,200,,2024/3
45019,CORREÇÃO,SIMPLO,DIESEL,03/09/2024,69,,2024/3
44997,CORREÇÃO,SIMPLO,CLIMA CAR,03/09/2024,207,,2024/3
45123,CORREÇÃO,SIMPLO,DIESEL,03/09/2024,291,,2024/3
45128,CORREÇÃO,SIMPLO,DIESEL,03/09/2024,265,,2024/3
44774,CORREÇÃO,SIMPLO,LUBRITEC,02/09/2024,5567,,2024/3
45091,CORREÇÃO,SIMPLO,MOTORES - LINHA LEVE,02/09/2024,696,,2024/3
44577,NOVA,SIMPLO,CLIMA CAR,30/08/2024,1143,,2024/3
44577,NOVA,SIMPLO,CLIMA CAR,30/08/2024,1144,,2024/3
44577,NOVA,SIMPLO,CLIMA CAR,30/08/2024,1145,,2024/3
45012,NOVA,SIMPLO,REVISA CAR,30/08/2024,616,,2024/3
45083,NOVA,SIMPLO,LUBRITEC,30/08/2024,5722,,2024/3
44987,NOVA,SIMPLO,REVISA CAR,27/08/2024,611,,2024/3
44988,NOVA,SIMPLO,REVISA CAR,27/08/2024,612,,2024/3
44989,NOVA,SIMPLO,REVISA CAR,27/08/2024,613,,2024/3
44865,NOVA,SIMPLO,LUBRITEC,27/08/2024,5721,,2024/3
42821,NOVA,SIMPLO,MT PRO,27/08/2024,287,,2024/3
45009,NOVA,SIMPLO,REVISA CAR,27/08/2024,614,,2024/3
45010,NOVA,SIMPLO,REVISA CAR,27/08/2024,615,,2024/3
43789,NOVA,SIMPLO,INJEÇÃO,27/08/2024,2154,,2024/3
44496,NOVA,SIMPLO,ARLA,27/08/2024,17,,2024/3
35017,NOVA,SIMPLO,LOCAR,27/08/2024,962,,2024/3
43982,NOVA,SIMPLO,LOCAR,27/08/2024,963,,2024/3
43790,NOVA,SIMPLO,ABS/ASR/ESP,27/08/2024,954,,2024/3
42146,NOVA,SIMPLO,PICO SCOPE,27/08/2024,640,,2024/3
43791,NOVA,SIMPLO,CLIMA CAR,27/08/2024,1142,,2024/3
45081,CORREÇÃO,SIMPLO,MOTORES - LINHA LEVE,27/08/2024,403,,2024/3
41999,NOVA,SIMPLO,MT PRO,27/08/2024,288,,2024/3
45006,CORREÇÃO,SIMPLO,LOCAR,26/08/2024,913,,2024/3
33483,NOVA,SIMPLO,LOCAR,26/08/2024,961,,2024/3
45061,CORREÇÃO,SIMPLO,INJEÇÃO,26/08/2024,1962,,2024/3
45044,CORREÇÃO,SIMPLO,MOTORES - LINHA LEVE,23/08/2024,379,,2024/3
45047,CORREÇÃO,SIMPLO,ELECTRA,23/08/2024,38,,2024/3
45011,CORREÇÃO,SIMPLO,INJEÇÃO,21/08/2024,1575,,2024/3
43602,UPGRADE,SIMPLO,DIESEL,19/08/2024,273,,2024/3
43804,UPGRADE,SIMPLO,DIESEL,19/08/2024,396,,2024/3
43830,UPGRADE,SIMPLO,DIESEL,19/08/2024,400,,2024/3
43831,UPGRADE,SIMPLO,DIESEL,19/08/2024,402,,2024/3
44636,NOVA,SIMPLO,SINCRO - CORRENTES,19/08/2024,1946,,2024/3
44803,NOVA,SIMPLO,SINCRO - CORRENTES,19/08/2024,1947,,2024/3
44927,NOVA,SIMPLO,REVISA CAR,19/08/2024,604,,2024/3
44932,NOVA,SIMPLO,REVISA CAR,19/08/2024,605,,2024/3
44934,NOVA,SIMPLO,REVISA CAR,19/08/2024,606,,2024/3
44935,NOVA,SIMPLO,REVISA CAR,19/08/2024,607,,2024/3
44936,NOVA,SIMPLO,REVISA CAR,19/08/2024,608,,2024/3
44959,NOVA,SIMPLO,LUBRITEC,19/08/2024,5720,,2024/3
44985,NOVA,SIMPLO,REVISA CAR,19/08/2024,609,,2024/3
44986,NOVA,SIMPLO,REVISA CAR,19/08/2024,610,,2024/3
44324,NOVA,SIMPLO,LOCAR,19/08/2024,959,,2024/3
44316,NOVA,SIMPLO,LOCAR,19/08/2024,960,,2024/3
44360,UPGRADE,SIMPLO,INJEÇÃO,16/08/2024,419,,2024/3
44361,UPGRADE,SIMPLO,INJEÇÃO,16/08/2024,824,,2024/3
44588,UPGRADE,SIMPLO,INJEÇÃO,16/08/2024,1379,,2024/3
44699,UPGRADE,SIMPLO,INJEÇÃO,16/08/2024,1836,,2024/3
44976,CORREÇÃO,SIMPLO,INJEÇÃO,16/08/2024,1288,,2024/3
44968,CORREÇÃO,SIMPLO,MOTORES - LINHA LEVE,16/08/2024,289,,2024/3
44594,UPGRADE,SIMPLO,MOTORES - LINHA LEVE,16/08/2024,1230,,2024/3
44691,CORREÇÃO,SIMPLO,LUBRITEC,16/08/2024,4915,,2024/3
44779,CORREÇÃO,SIMPLO,LUBRITEC,16/08/2024,5623,,2024/3
44967,CORREÇÃO,SIMPLO,REVISA CAR,16/08/2024,381,,2024/3
43622,NOVA,SIMPLO,INJEÇÃO,16/08/2024,2152,,2024/3
43072,NOVA,SIMPLO,INJEÇÃO,16/08/2024,2153,,2024/3
44969,CORREÇÃO,SIMPLO,DIESEL,16/08/2024,355,,2024/3
44975,CORREÇÃO,SIMPLO,ABS/ASR/ESP,16/08/2024,809,,2024/3
44945,CORREÇÃO,SIMPLO,INJEÇÃO,15/08/2024,2143,,2024/3
44946,CORREÇÃO,SIMPLO,INJEÇÃO,15/08/2024,1920,,2024/3
44947,CORREÇÃO,SIMPLO,INJEÇÃO,15/08/2024,1919,,2024/3
44948,CORREÇÃO,SIMPLO,INJEÇÃO,15/08/2024,2077,,2024/3
44950,CORREÇÃO,SIMPLO,INJEÇÃO,15/08/2024,2076,,2024/3
44690,CORREÇÃO,SIMPLO,LUBRITEC,15/08/2024,1366,,2024/3
43739,UPGRADE,SIMPLO,INJEÇÃO,15/08/2024,1419,,2024/3
43871,UPGRADE,SIMPLO,INJEÇÃO,15/08/2024,1826,,2024/3
43886,UPGRADE,SIMPLO,INJEÇÃO,15/08/2024,2073,,2024/3
43887,UPGRADE,SIMPLO,INJEÇÃO,15/08/2024,2107,,2024/3
43926,UPGRADE,SIMPLO,INJEÇÃO,15/08/2024,624,,2024/3
43940,UPGRADE,SIMPLO,INJEÇÃO,15/08/2024,1634,,2024/3
44064,UPGRADE,SIMPLO,INJEÇÃO,15/08/2024,54,,2024/3
44288,UPGRADE,SIMPLO,INJEÇÃO,15/08/2024,445,,2024/3
44322,UPGRADE,SIMPLO,INJEÇÃO,15/08/2024,1695,,2024/3
43738,UPGRADE,SIMPLO,INJEÇÃO,14/08/2024,1420,,2024/3
44682,UPGRADE,SIMPLO,LUBRITEC,14/08/2024,1365,,2024/3
44635,NOVA,SIMPLO,SINCRO - CORRENTES,14/08/2024,1945,,2024/3
44635,NOVA,SIMPLO,SINCRO - CORRENTES,14/08/2024,1945,,2024/3
44924,NOVA,SIMPLO,REVISA CAR,13/08/2024,603,,2024/3
44878,CORREÇÃO,SIMPLO,CÂMBIO,13/08/2024,168,,2024/3
44878,CORREÇÃO,SIMPLO,ELECTRA,13/08/2024,259,,2024/3
44937,CORREÇÃO,SIMPLO,LUBRITEC,13/08/2024,1049,,2024/3
44940,CORREÇÃO,SIMPLO,ABS/ASR/ESP,13/08/2024,640,,2024/3
44682,CORREÇÃO,SIMPLO,LUBRITEC,13/08/2024,1365,,2024/3
44916,CORREÇÃO,SIMPLO,INJEÇÃO,13/08/2024,1422,,2024/3
38382,UPGRADE,SIMPLO,INJEÇÃO,13/08/2024,393,,2024/3
43149,NOVA,TRACTOR,ELECTRA TRACTOR,12/08/2024,118,,2025/1 T
43866,NOVA,TRACTOR,ELECTRA TRACTOR,12/08/2024,119,,2025/1 T
44881,CORREÇÃO,SIMPLO,INJEÇÃO,12/08/2024,1319,,2024/3
43187,NOVA,TRACTOR,CLIMA TRACTOR,12/08/2024,175,,2025/1 T
44020,NOVA,TRACTOR,CLIMA TRACTOR,12/08/2024,176,,2025/1 T
44034,NOVA,TRACTOR,CLIMA TRACTOR,12/08/2024,177,,2025/1 T
44653,CORREÇÃO,SIMPLO,MOTORES - LINHA LEVE,12/08/2024,1313,,2024/3
43151,NOVA,TRACTOR,INJEÇÃO TRACTOR,12/08/2024,76,,2025/1 T
44764,CORREÇÃO,SIMPLO,MOTORES - LINHA LEVE,12/08/2024,63,,2024/3
44922,NOVA,SIMPLO,REVISA CAR,12/08/2024,602,,2024/3
44811,NOVA,SIMPLO,SINCRO - CORREIAS,12/08/2024,1944,,2024/3
44106,NOVA,SIMPLO,LUBRITEC,09/08/2024,5717,,2024/3
44676,NOVA,SIMPLO,LUBRITEC,09/08/2024,5718,,2024/3
44845,NOVA,SIMPLO,LUBRITEC,09/08/2024,5719,,2024/3
44866,NOVA,SIMPLO,LUBRITEC,09/08/2024,5709,,2024/3
44904,NOVA,SIMPLO,LUBRITEC,09/08/2024,5710,,2024/3
44839,NOVA,SIMPLO,REVISA CAR,09/08/2024,598,,2024/3
44678,CORREÇÃO,SIMPLO,LUBRITEC,09/08/2024,4914,,2024/3
44895,NOVA,SIMPLO,REVISA CAR,09/08/2024,599,,2024/3
44691,CORREÇÃO,SIMPLO,LUBRITEC,09/08/2024,4915,,2024/3
44907,NOVA,SIMPLO,REVISA CAR,09/08/2024,600,,2024/3
44694,CORREÇÃO,SIMPLO,LUBRITEC,09/08/2024,1356,,2024/3
44731,CORREÇÃO,SIMPLO,LUBRITEC,09/08/2024,4484,,2024/3
44908,NOVA,SIMPLO,REVISA CAR,09/08/2024,601,,2024/3
44732,CORREÇÃO,SIMPLO,LUBRITEC,09/08/2024,5231,,2024/3
44925,CORREÇÃO,SIMPLO,ELECTRA,09/08/2024,128,,2024/3
44733,CORREÇÃO,SIMPLO,LUBRITEC,09/08/2024,4485,,2024/3
44751,CORREÇÃO,SIMPLO,LUBRITEC,09/08/2024,4719,,2024/3
44796,CORREÇÃO,SIMPLO,LUBRITEC,09/08/2024,5393,,2024/3
44825,CORREÇÃO,SIMPLO,LUBRITEC,09/08/2024,5394,,2024/3
44911,CORREÇÃO,SIMPLO,ABS/ASR/ESP,08/08/2024,551,,2024/3
44910,CORREÇÃO,SIMPLO,ELECTRA,08/08/2024,77,,2024/3
42861,NOVA,SIMPLO,MOTORES - LINHA LEVE,06/08/2024,1499L,,2024/3
42861,NOVA,TRACTOR,MOTORES TRACTOR,06/08/2024,20114,,2025/1 T
44084,NOVA,SIMPLO,MOTORES - LINHA PESADA,06/08/2024,1500,,2024/3
43714,NOVA,SIMPLO,MOTORES - LINHA PESADA,06/08/2024,1501,,2024/3
43808,NOVA,SIMPLO,MOTORES - LINHA PESADA,06/08/2024,1502,,2024/3
42422,NOVA,SIMPLO,CÂMBIO,06/08/2024,189A,,2024/3
39889,NOVA,SIMPLO,CLIMA CAR,05/08/2024,1140,,2024/3
39889,NOVA,SIMPLO,CLIMA CAR,05/08/2024,1441,,2024/3
42412,NOVA,SIMPLO,MOTORES - LINHA LEVE,02/08/2024,1498L,,2024/3
42412,NOVA,SIMPLO,MOTORES - LINHA PESADA,02/08/2024,1498P,,2024/3
42861,NOVA,SIMPLO,MOTORES - LINHA PESADA,02/08/2024,1499P,,2024/3
38594,NOVA,SIMPLO,ABS/ASR/ESP,02/08/2024,952,,2024/3
38594,NOVA,SIMPLO,ABS/ASR/ESP,02/08/2024,953,,2024/3
33851,NOVA,SIMPLO,CLIMA CAR,02/08/2024,1131,,2024/3
33851,NOVA,SIMPLO,CLIMA CAR,02/08/2024,1132,,2024/3
33851,NOVA,SIMPLO,CLIMA CAR,02/08/2024,1133,,2024/3
33851,NOVA,SIMPLO,CLIMA CAR,02/08/2024,1134,,2024/3
33851,NOVA,SIMPLO,CLIMA CAR,02/08/2024,1135,,2024/3
44133,CORREÇÃO,SIMPLO,LUBRITEC,02/08/2024,5570,,2024/3
43220,UPGRADE,SIMPLO,LUBRITEC,02/08/2024,2900,,2024/3
43221,UPGRADE,SIMPLO,LUBRITEC,02/08/2024,2916,,2024/3
43222,UPGRADE,SIMPLO,LUBRITEC,02/08/2024,2922,,2024/3
43815,UPGRADE,SIMPLO,LUBRITEC,02/08/2024,4503,,2024/3
43825,UPGRADE,SIMPLO,LUBRITEC,02/08/2024,5522,,2024/3
43938,UPGRADE,SIMPLO,LUBRITEC,02/08/2024,2632,,2024/3
43945,UPGRADE,SIMPLO,LUBRITEC,02/08/2024,2508,,2024/3
43946,UPGRADE,SIMPLO,LUBRITEC,02/08/2024,5185,,2024/3
43952,UPGRADE,SIMPLO,LUBRITEC,02/08/2024,5174,,2024/3
43968,UPGRADE,SIMPLO,LUBRITEC,02/08/2024,2916,,2024/3
33324,NOVA,SIMPLO,CLIMA CAR,02/08/2024,1136,,2024/3
33324,NOVA,SIMPLO,CLIMA CAR,02/08/2024,1137,,2024/3
33324,NOVA,SIMPLO,CLIMA CAR,02/08/2024,1138,,2024/3
33324,NOVA,SIMPLO,CLIMA CAR,02/08/2024,1139,,2024/3
43969,UPGRADE,SIMPLO,LUBRITEC,02/08/2024,2925,,2024/3
34070,NOVA,SIMPLO,ELECTRA,01/08/2024,280,,2024/3
33451,NOVA,SIMPLO,INJEÇÃO,01/08/2024,2149,,2024/3
44433,CORREÇÃO,SIMPLO,REVISA CAR,01/08/2024,52,,2024/3
44434,CORREÇÃO,SIMPLO,REVISA CAR,01/08/2024,53,,2024/3
32811,NOVA,SIMPLO,INJEÇÃO,01/08/2024,2150,,2024/3
44855,CORREÇÃO,SIMPLO,LUBRITEC,01/08/2024,42,,2024/3
44345,NOVA,SIMPLO,INJEÇÃO,01/08/2024,2151,,2024/3
43224,CORREÇÃO,SIMPLO,LUBRITEC,01/08/2024,1574,,2024/3
43223,UPGRADE,SIMPLO,LUBRITEC,01/08/2024,1575,,2024/3
44777,NOVA,SIMPLO,LUBRITEC,01/08/2024,5716,,2024/3
43225,UPGRADE,SIMPLO,LUBRITEC,01/08/2024,1576,,2024/3
32814,NOVA,SIMPLO,ABS/ASR/ESP,01/08/2024,949,,2024/3
33852,NOVA,SIMPLO,ABS/ASR/ESP,01/08/2024,950,,2024/3
44776,UPGRADE,SIMPLO,LUBRITEC,01/08/2024,5607,,2024/3
39890,NOVA,SIMPLO,ABS/ASR/ESP,01/08/2024,951,,2024/3
44778,UPGRADE,SIMPLO,LUBRITEC,01/08/2024,5608,,2024/3
44104,CORREÇÃO,SIMPLO,LUBRITEC,01/08/2024,4380,,2024/3
44105,CORREÇÃO,SIMPLO,LUBRITEC,01/08/2024,4379,,2024/3
42456,NOVA,SIMPLO,MOTORES - LINHA LEVE,01/08/2024,1497,,2024/3
44107,CORREÇÃO,SIMPLO,LUBRITEC,01/08/2024,5565,,2024/3
44112,CORREÇÃO,SIMPLO,LUBRITEC,01/08/2024,5569,,2024/3
44132,CORREÇÃO,SIMPLO,LUBRITEC,01/08/2024,5575,,2024/3
44726,CORREÇÃO,SIMPLO,LUBRITEC,01/08/2024,4483,,2024/3
44493,NOVA,SIMPLO,LUBRITEC,31/07/2024,5713,,2024/3
44838,CORREÇÃO,SIMPLO,ELECTRA,31/07/2024,148,,2024/3
44763,CORREÇÃO,SIMPLO,CLIMA CAR,31/07/2024,832,,2024/3
44773,CORREÇÃO,SIMPLO,CLIMA CAR,31/07/2024,1117,,2024/3
44102,NOVA,SIMPLO,LUBRITEC,31/07/2024,5714,,2024/3
44108,NOVA,SIMPLO,LUBRITEC,31/07/2024,5715,,2024/3
44822,CORREÇÃO,SIMPLO,CLIMA CAR,31/07/2024,912,,2024/3
44822,CORREÇÃO,SIMPLO,CLIMA CAR,31/07/2024,1006,,2024/3
41051,NOVA,SIMPLO,LOCAR,31/07/2024,956,,2024/3
44843,CORREÇÃO,SIMPLO,MOTORES - LINHA LEVE,31/07/2024,83,,2024/3
44710,CORREÇÃO,SIMPLO,INJEÇÃO,31/07/2024,1268,,2024/3
43354,NOVA,SIMPLO,LOCAR,31/07/2024,957,,2024/3
44772,CORREÇÃO,SIMPLO,INJEÇÃO,31/07/2024,1321,,2024/3
32964,NOVA,SIMPLO,LOCAR,31/07/2024,958,,2024/3
44782,CORREÇÃO,SIMPLO,INJEÇÃO,31/07/2024,992,,2024/3
44426,CORREÇÃO,SIMPLO,REVISA CAR,30/07/2024,45,,2024/3
44427,CORREÇÃO,SIMPLO,REVISA CAR,30/07/2024,46,,2024/3
44428,CORREÇÃO,SIMPLO,REVISA CAR,30/07/2024,47,,2024/3
44429,CORREÇÃO,SIMPLO,REVISA CAR,30/07/2024,48,,2024/3
44430,CORREÇÃO,SIMPLO,REVISA CAR,30/07/2024,49,,2024/3
44431,CORREÇÃO,SIMPLO,REVISA CAR,30/07/2024,50,,2024/3
44432,CORREÇÃO,SIMPLO,REVISA CAR,30/07/2024,51,,2024/3
43188,UPGRADE,SIMPLO,INJEÇÃO,25/07/2024,1246,,2024/3
43329,UPGRADE,SIMPLO,INJEÇÃO,25/07/2024,405,,2024/3
43496,UPGRADE,SIMPLO,INJEÇÃO,25/07/2024,992,,2024/3
43562,UPGRADE,SIMPLO,INJEÇÃO,25/07/2024,417,,2024/3
43578,UPGRADE,SIMPLO,INJEÇÃO,25/07/2024,416,,2024/3
43948,CORREÇÃO,HIBRIDOS,H&E,24/07/2024,3,,2024/2 H&E
44135,CORREÇÃO,HIBRIDOS,H&E - LOCAR,24/07/2024,9,,2024/2 H&E
44136,CORREÇÃO,HIBRIDOS,H&E - LOCAR,24/07/2024,9,,2024/2 H&E
44656,CORREÇÃO,HIBRIDOS,H&E,24/07/2024,9,,2024/2 H&E
37683,UPGRADE,ELÉTRICOS,H&E - LOCAR,24/07/2024,6,,2024/2 H&E
43885,UPGRADE,ELÉTRICOS,H&E,24/07/2024,6,,2024/2 H&E
43888,UPGRADE,ELÉTRICOS,H&E,24/07/2024,6,,2024/2 H&E
43480,NOVA,HIBRIDOS,H&E - INJEÇÃO,24/07/2024,25,,2024/2 H&E
44425,CORREÇÃO,SIMPLO,REVISA CAR,24/07/2024,44,,2024/3
40397,UPGRADE,SIMPLO,INJEÇÃO,24/07/2024,1343,,2024/3
42631,UPGRADE,SIMPLO,INJEÇÃO,24/07/2024,1395,,2024/3
43146,UPGRADE,SIMPLO,INJEÇÃO,24/07/2024,512,,2024/3
44757,UPGRADE,SIMPLO,INJEÇÃO,24/07/2024,1660,,2024/3
43161,UPGRADE,SIMPLO,INJEÇÃO,24/07/2024,1056,,2024/3
43174,UPGRADE,SIMPLO,INJEÇÃO,24/07/2024,55,,2024/3
44712,CORREÇÃO,SIMPLO,LUBRITEC,23/07/2024,4718,,2024/3
43827,CORREÇÃO,SIMPLO,MOTORES - LINHA LEVE,23/07/2024,735,,2024/3
43944,CORREÇÃO,SIMPLO,MOTORES - LINHA LEVE,23/07/2024,1311,,2024/3
44009,CORREÇÃO,SIMPLO,MOTORES - LINHA LEVE,23/07/2024,1259,,2024/3
44049,CORREÇÃO,SIMPLO,MOTORES - LINHA LEVE,23/07/2024,1217,,2024/3
44139,CORREÇÃO,SIMPLO,MOTORES - LINHA LEVE,23/07/2024,549,,2024/3
44333,CORREÇÃO,SIMPLO,MOTORES - LINHA LEVE,23/07/2024,83,,2024/3
44356,CORREÇÃO,SIMPLO,MOTORES - LINHA LEVE,23/07/2024,1316,,2024/3
44395,CORREÇÃO,SIMPLO,MOTORES - LINHA LEVE,23/07/2024,1331,,2024/3
44596,CORREÇÃO,SIMPLO,MOTORES - LINHA LEVE,23/07/2024,1367,,2024/3
44630,CORREÇÃO,SIMPLO,MOTORES - LINHA LEVE,23/07/2024,64,,2024/3
44615,CORREÇÃO,SIMPLO,MOTORES - LINHA PESADA,23/07/2024,1428,,2024/3
44615,CORREÇÃO,TRACTOR,MOTORES TRACTOR,23/07/2024,20052,,2025/1 T
44422,CORREÇÃO,SIMPLO,REVISA CAR,23/07/2024,41,,2024/3
44423,CORREÇÃO,SIMPLO,REVISA CAR,23/07/2024,42,,2024/3
44424,CORREÇÃO,SIMPLO,REVISA CAR,23/07/2024,43,,2024/3
44717,CORREÇÃO,SIMPLO,LUBRITEC,23/07/2024,5671,,2024/3
44620,CORREÇÃO,SIMPLO,ELECTRA,22/07/2024,71,,2024/3
43422,CORREÇÃO,SIMPLO,ELECTRA TRUCK,22/07/2024,4,,2024/3
43856,CORREÇÃO,SIMPLO,ELECTRA TRUCK,22/07/2024,148,,2024/3
43994,CORREÇÃO,SIMPLO,ELECTRA TRUCK,22/07/2024,171,,2024/3
44261,CORREÇÃO,SIMPLO,ELECTRA TRUCK,22/07/2024,173,,2024/3
44282,CORREÇÃO,SIMPLO,ELECTRA TRUCK,22/07/2024,81,,2024/3
44114,CORREÇÃO,SIMPLO,LUBRITEC,22/07/2024,4371,,2024/3
44172,CORREÇÃO,SIMPLO,LUBRITEC,22/07/2024,4372,,2024/3
42053,CORREÇÃO,SIMPLO,MT PRO,22/07/2024,66,,2024/3
44047,CORREÇÃO,SIMPLO,SINCRO - CORREIAS,22/07/2024,1826,,2024/3
44310,CORREÇÃO,SIMPLO,SINCRO - CORREIAS,22/07/2024,367,,2024/3
44679,CORREÇÃO,SIMPLO,LUBRITEC,22/07/2024,370,,2024/3
43703,UPGRADE,SIMPLO,MOTORES - LINHA LEVE,19/07/2024,1337,,2024/3
44711,CORREÇÃO,SIMPLO,INJEÇÃO,19/07/2024,1355,,2024/3
44713,CORREÇÃO,SIMPLO,INJEÇÃO,19/07/2024,1354,,2024/3
44421,CORREÇÃO,SIMPLO,REVISA CAR,19/07/2024,40,,2024/3
44659,CORREÇÃO,SIMPLO,ELECTRA,19/07/2024,216,,2024/3
44681,CORREÇÃO,SIMPLO,ELECTRA,19/07/2024,220,,2024/3
44677,CORREÇÃO,SIMPLO,INJEÇÃO,18/07/2024,1951,,2024/3
44679,CORREÇÃO,SIMPLO,LUBRITEC,18/07/2024,370,,2024/3
44660,CORREÇÃO,SIMPLO,CLIMA CAR,18/07/2024,660,,2024/3
43570,CORREÇÃO,SIMPLO,CLIMA TRUCK,18/07/2024,116,,2024/3
43996,CORREÇÃO,SIMPLO,CLIMA TRUCK,18/07/2024,116,,2024/3
43996,CORREÇÃO,SIMPLO,CLIMA TRUCK,18/07/2024,121,,2024/3
44357,CORREÇÃO,SIMPLO,DIESEL,17/07/2024,266,,2024/3
44573,CORREÇÃO,SIMPLO,DIESEL,17/07/2024,168,,2024/3
44617,CORREÇÃO,SIMPLO,DIESEL,17/07/2024,348,,2024/3
44629,CORREÇÃO,SIMPLO,DIESEL,17/07/2024,357,,2024/3
44402,CORREÇÃO,SIMPLO,INJEÇÃO,17/07/2024,2103,,2024/3
44657,CORREÇÃO,SIMPLO,INJEÇÃO,17/07/2024,1339,,2024/3
44416,CORREÇÃO,SIMPLO,REVISA CAR,15/07/2024,36,,2024/3
44417,CORREÇÃO,SIMPLO,REVISA CAR,15/07/2024,37,,2024/3
44419,CORREÇÃO,SIMPLO,REVISA CAR,15/07/2024,38,,2024/3
44420,CORREÇÃO,SIMPLO,REVISA CAR,15/07/2024,39,,2024/3
44619,CORREÇÃO,SIMPLO,LUBRITEC,15/07/2024,516,,2024/3
44622,CORREÇÃO,SIMPLO,LUBRITEC,15/07/2024,1527,,2024/3
43157,UPGRADE,SIMPLO,INJEÇÃO,12/07/2024,821,,2024/3
44384,CORREÇÃO,SIMPLO,REVISA CAR,12/07/2024,25,,2024/3
44385,CORREÇÃO,SIMPLO,REVISA CAR,12/07/2024,26,,2024/3
44386,CORREÇÃO,SIMPLO,REVISA CAR,12/07/2024,27,,2024/3
44408,CORREÇÃO,SIMPLO,REVISA CAR,12/07/2024,28,,2024/3
44409,CORREÇÃO,SIMPLO,REVISA CAR,12/07/2024,29,,2024/3
44410,CORREÇÃO,SIMPLO,REVISA CAR,12/07/2024,30,,2024/3
44411,CORREÇÃO,SIMPLO,REVISA CAR,12/07/2024,31,,2024/3
44412,CORREÇÃO,SIMPLO,REVISA CAR,12/07/2024,32,,2024/3
44413,CORREÇÃO,SIMPLO,REVISA CAR,12/07/2024,33,,2024/3
44414,CORREÇÃO,SIMPLO,REVISA CAR,12/07/2024,34,,2024/3
44415,CORREÇÃO,SIMPLO,REVISA CAR,12/07/2024,35,,2024/3
42927,CORREÇÃO,SIMPLO,LUBRITEC,11/07/2024,2008,,2024/3
44605,CORREÇÃO,SIMPLO,LUBRITEC,11/07/2024,2105,,2024/3
44606,CORREÇÃO,SIMPLO,LUBRITEC,11/07/2024,2104,,2024/3
44609,CORREÇÃO,SIMPLO,LUBRITEC,11/07/2024,4514,,2024/3
44591,CORREÇÃO,SIMPLO,REVISA CAR,11/07/2024,356,,2024/3
44592,NOVA,SIMPLO,REVISA CAR,11/07/2024,597,,2024/3
44398,CORREÇÃO,SIMPLO,ELECTRA,09/07/2024,121,,2024/3
44398,CORREÇÃO,SIMPLO,ELECTRA TRUCK,09/07/2024,121,,2024/3
44398,CORREÇÃO,SIMPLO,CÂMBIO,09/07/2024,36,,2024/3
44571,CORREÇÃO,SIMPLO,ELECTRA,09/07/2024,199,,2024/3
42896,CORREÇÃO,SIMPLO,LUBRITEC,09/07/2024,2101,,2024/3
42905,CORREÇÃO,SIMPLO,LUBRITEC,09/07/2024,2092,,2024/3
42907,CORREÇÃO,SIMPLO,LUBRITEC,09/07/2024,2091,,2024/3
42916,CORREÇÃO,SIMPLO,LUBRITEC,09/07/2024,2084,,2024/3
42917,CORREÇÃO,SIMPLO,LUBRITEC,09/07/2024,2083,,2024/3
42920,CORREÇÃO,SIMPLO,LUBRITEC,09/07/2024,2081,,2024/3
44337,NOVA,SIMPLO,LUBRITEC,05/07/2024,5712,,2024/3
42523,NOVA,SIMPLO,PICO SCOPE,05/07/2024,638,,2024/3
42137,NOVA,SIMPLO,PICO SCOPE,05/07/2024,639,,2024/3
43802,CORREÇÃO,SIMPLO,ELECTRA,04/07/2024,151,,2024/3
43855,CORREÇÃO,SIMPLO,ELECTRA,04/07/2024,81,,2024/3
43995,CORREÇÃO,SIMPLO,ELECTRA,04/07/2024,189,,2024/3
44090,CORREÇÃO,SIMPLO,ELECTRA,04/07/2024,137,,2024/3
44140,CORREÇÃO,SIMPLO,ELECTRA,04/07/2024,199,,2024/3
44141,CORREÇÃO,SIMPLO,ELECTRA,04/07/2024,237,,2024/3
44225,CORREÇÃO,SIMPLO,ELECTRA,04/07/2024,202,,2024/3
44227,CORREÇÃO,SIMPLO,ELECTRA,04/07/2024,86,,2024/3
44262,CORREÇÃO,SIMPLO,ELECTRA,04/07/2024,200,,2024/3
43194,CORREÇÃO,SIMPLO,ELECTRA,03/07/2024,221,,2024/3
43239,CORREÇÃO,SIMPLO,ELECTRA,03/07/2024,197,,2024/3
43530,CORREÇÃO,SIMPLO,ELECTRA,03/07/2024,212,,2024/3
43676,CORREÇÃO,SIMPLO,ELECTRA,03/07/2024,133,,2024/3
43685,CORREÇÃO,SIMPLO,ELECTRA,03/07/2024,175,,2024/3
43833,UPGRADE,SIMPLO,ELECTRA,02/07/2024,278,,2024/3
43833,NOVA,SIMPLO,CÂMBIO,02/07/2024,187,,2024/3
42461,NOVA,SIMPLO,CÂMBIO,02/07/2024,188,,2024/3
42815,CORREÇÃO,SIMPLO,ELECTRA,02/07/2024,179,,2024/3
44448,CORREÇÃO,SIMPLO,CLIMA CAR,28/06/2024,707,,2024/3
42882,CORREÇÃO,SIMPLO,LUBRITEC,28/06/2024,2118,,2024/3
42885,CORREÇÃO,SIMPLO,LUBRITEC,28/06/2024,2114,,2024/3
42893,CORREÇÃO,SIMPLO,LUBRITEC,28/06/2024,2105,,2024/3
42894,CORREÇÃO,SIMPLO,LUBRITEC,28/06/2024,2104,,2024/3
44406,CORREÇÃO,SIMPLO,LUBRITEC,28/06/2024,2751,,2024/3
43300,CORREÇÃO,SIMPLO,REVISA CAR,28/06/2024,21,,2024/3
44381,CORREÇÃO,SIMPLO,REVISA CAR,28/06/2024,22,,2024/3
44382,CORREÇÃO,SIMPLO,REVISA CAR,28/06/2024,23,,2024/3
44383,CORREÇÃO,SIMPLO,REVISA CAR,28/06/2024,24,,2024/3
43889,CORREÇÃO,SIMPLO,ABS/ASR/ESP,27/06/2024,679,,2024/3
44018,CORREÇÃO,SIMPLO,ABS/ASR/ESP,27/06/2024,816,,2024/3
43290,CORREÇÃO,SIMPLO,REVISA CAR,27/06/2024,15,,2024/3
43291,CORREÇÃO,SIMPLO,REVISA CAR,27/06/2024,16,,2024/3
43292,CORREÇÃO,SIMPLO,REVISA CAR,27/06/2024,17,,2024/3
43297,CORREÇÃO,SIMPLO,REVISA CAR,27/06/2024,18,,2024/3
43298,CORREÇÃO,SIMPLO,REVISA CAR,27/06/2024,19,,2024/3
43299,CORREÇÃO,SIMPLO,REVISA CAR,27/06/2024,20,,2024/3
44468,NOVA,SIMPLO,INJEÇÃO,25/06/2024,2148,,2024/3
43287,CORREÇÃO,SIMPLO,REVISA CAR,25/06/2024,12,,2024/3
43288,CORREÇÃO,SIMPLO,REVISA CAR,25/06/2024,13,,2024/3
43289,CORREÇÃO,SIMPLO,REVISA CAR,25/06/2024,14,,2024/3
44405,CORREÇÃO,SIMPLO,LUBRITEC,25/06/2024,3798,,2024/3
43805,CORREÇÃO,SIMPLO,ABS/ASR/ESP,25/06/2024,754,,2024/3
44273,CORREÇÃO,SIMPLO,LUBRITEC,24/06/2024,4880,,2024/3
44284,CORREÇÃO,SIMPLO,LUBRITEC,24/06/2024,4585,,2024/3
44285,CORREÇÃO,SIMPLO,LUBRITEC,24/06/2024,5580,,2024/3
43160,CORREÇÃO,SIMPLO,TABELA DE GÁS,24/06/2024,186,,2024/3
43163,CORREÇÃO,SIMPLO,TABELA DE GÁS,24/06/2024,171,,2024/3
43164,CORREÇÃO,SIMPLO,TABELA DE GÁS,24/06/2024,172,,2024/3
43165,CORREÇÃO,SIMPLO,TABELA DE GÁS,24/06/2024,173,,2024/3
43307,CORREÇÃO,SIMPLO,TABELA DE GÁS,24/06/2024,168,,2024/3
43516,CORREÇÃO,SIMPLO,TABELA DE GÁS,24/06/2024,191,,2024/3
43260,CORREÇÃO,SIMPLO,REVISA CAR,24/06/2024,54,,2024/3
43276,CORREÇÃO,SIMPLO,REVISA CAR,24/06/2024,55,,2024/3
43277,CORREÇÃO,SIMPLO,REVISA CAR,24/06/2024,56,,2024/3
43278,CORREÇÃO,SIMPLO,REVISA CAR,24/06/2024,57,,2024/3
43280,CORREÇÃO,SIMPLO,REVISA CAR,24/06/2024,5,,2024/3
43281,CORREÇÃO,SIMPLO,REVISA CAR,24/06/2024,6,,2024/3
43282,CORREÇÃO,SIMPLO,REVISA CAR,24/06/2024,7,,2024/3
43283,CORREÇÃO,SIMPLO,REVISA CAR,24/06/2024,8,,2024/3
43284,CORREÇÃO,SIMPLO,REVISA CAR,24/06/2024,9,,2024/3
43285,CORREÇÃO,SIMPLO,REVISA CAR,24/06/2024,10,,2024/3
43286,CORREÇÃO,SIMPLO,REVISA CAR,24/06/2024,11,,2024/3
44355,CORREÇÃO,SIMPLO,INJEÇÃO,21/06/2024,1778,,2024/3
42892,CORREÇÃO,SIMPLO,LUBRITEC,21/06/2024,2106,,2024/3
42895,CORREÇÃO,SIMPLO,LUBRITEC,21/06/2024,2102,,2024/3
42897,CORREÇÃO,SIMPLO,LUBRITEC,21/06/2024,2098,,2024/3
42898,CORREÇÃO,SIMPLO,LUBRITEC,21/06/2024,2097,,2024/3
42901,CORREÇÃO,SIMPLO,LUBRITEC,21/06/2024,2094,,2024/3
42903,CORREÇÃO,SIMPLO,LUBRITEC,21/06/2024,2093,,2024/3
42910,CORREÇÃO,SIMPLO,LUBRITEC,21/06/2024,2090,,2024/3
42911,CORREÇÃO,SIMPLO,LUBRITEC,21/06/2024,2089,,2024/3
44271,CORREÇÃO,SIMPLO,LUBRITEC,21/06/2024,5546,,2024/3
44270,CORREÇÃO,SIMPLO,DIESEL,20/06/2024,213,,2024/3
44287,CORREÇÃO,SIMPLO,DIESEL,20/06/2024,291,,2024/3
44306,CORREÇÃO,SIMPLO,DIESEL,20/06/2024,360,,2024/3
44040,CORREÇÃO,SIMPLO,INJEÇÃO,20/06/2024,1517,,2024/3
44346,CORREÇÃO,SIMPLO,INJEÇÃO,20/06/2024,1765,,2024/3
44365,CORREÇÃO,SIMPLO,INJEÇÃO,20/06/2024,1700,,2024/3
44005,CORREÇÃO,SIMPLO,DIESEL,19/06/2024,384,,2024/3
44142,CORREÇÃO,SIMPLO,DIESEL,19/06/2024,68,,2024/3
44143,CORREÇÃO,SIMPLO,DIESEL,19/06/2024,257,,2024/3
44246,CORREÇÃO,SIMPLO,DIESEL,19/06/2024,167,,2024/3
43941,CORREÇÃO,SIMPLO,DIESEL,18/06/2024,335,,2024/3
43950,CORREÇÃO,SIMPLO,DIESEL,18/06/2024,351,,2024/3
43975,CORREÇÃO,SIMPLO,DIESEL,18/06/2024,353,,2024/3
43990,CORREÇÃO,SIMPLO,DIESEL,18/06/2024,128,,2024/3
44277,CORREÇÃO,SIMPLO,INJEÇÃO,17/06/2024,1583,,2024/3
43475,CORREÇÃO,SIMPLO,DIESEL,17/06/2024,343,,2024/3
43476,CORREÇÃO,SIMPLO,DIESEL,17/06/2024,342,,2024/3
43596,CORREÇÃO,SIMPLO,DIESEL,17/06/2024,292,,2024/3
43737,CORREÇÃO,SIMPLO,DIESEL,17/06/2024,93,,2024/3
43800,CORREÇÃO,SIMPLO,DIESEL,17/06/2024,177,,2024/3
43801,CORREÇÃO,SIMPLO,DIESEL,17/06/2024,206,,2024/3
43909,CORREÇÃO,SIMPLO,DIESEL,17/06/2024,367,,2024/3
43910,CORREÇÃO,SIMPLO,DIESEL,17/06/2024,216,,2024/3
44298,CORREÇÃO,SIMPLO,MT PRO,14/06/2024,262,,2024/3
44299,CORREÇÃO,SIMPLO,MT PRO,14/06/2024,245,,2024/3
44300,CORREÇÃO,SIMPLO,MT PRO,14/06/2024,249,,2024/3
44041,CORREÇÃO,SIMPLO,INJEÇÃO,14/06/2024,81,,2024/3
44045,CORREÇÃO,SIMPLO,INJEÇÃO,14/06/2024,1965,,2024/3
44147,CORREÇÃO,SIMPLO,INJEÇÃO,14/06/2024,1688,,2024/3
44150,CORREÇÃO,SIMPLO,INJEÇÃO,14/06/2024,1750,,2024/3
44151,CORREÇÃO,SIMPLO,INJEÇÃO,14/06/2024,2094,,2024/3
44214,CORREÇÃO,SIMPLO,INJEÇÃO,14/06/2024,1402,,2024/3
44223,CORREÇÃO,SIMPLO,INJEÇÃO,14/06/2024,526,,2024/3
44243,CORREÇÃO,SIMPLO,INJEÇÃO,14/06/2024,2118,,2024/3
44253,CORREÇÃO,SIMPLO,INJEÇÃO,14/06/2024,1725,,2024/3
44256,CORREÇÃO,SIMPLO,INJEÇÃO,14/06/2024,1416,,2024/3
44269,CORREÇÃO,SIMPLO,INJEÇÃO,14/06/2024,1690,,2024/3
43681,CORREÇÃO,SIMPLO,INJEÇÃO,13/06/2024,1984,,2024/3
43769,CORREÇÃO,SIMPLO,INJEÇÃO,13/06/2024,1430,,2024/3
43858,CORREÇÃO,SIMPLO,INJEÇÃO,13/06/2024,1871,,2024/3
43873,CORREÇÃO,SIMPLO,INJEÇÃO,13/06/2024,1793,,2024/3
43897,CORREÇÃO,SIMPLO,INJEÇÃO,13/06/2024,1310,,2024/3
43911,CORREÇÃO,SIMPLO,INJEÇÃO,13/06/2024,1282,,2024/3
43942,CORREÇÃO,SIMPLO,INJEÇÃO,13/06/2024,1288,,2024/3
43997,CORREÇÃO,SIMPLO,INJEÇÃO,13/06/2024,1833,,2024/3
44006,CORREÇÃO,SIMPLO,INJEÇÃO,13/06/2024,1947,,2024/3
43972,CORREÇÃO,SIMPLO,DIESEL,13/06/2024,236,,2024/3
44266,CORREÇÃO,SIMPLO,INJEÇÃO,13/06/2024,2057,,2024/3
43241,CORREÇÃO,SIMPLO,INJEÇÃO,12/06/2024,1077,,2024/3
43478,CORREÇÃO,SIMPLO,INJEÇÃO,12/06/2024,2065,,2024/3
43518,CORREÇÃO,SIMPLO,INJEÇÃO,12/06/2024,1334,,2024/3
43521,CORREÇÃO,SIMPLO,INJEÇÃO,12/06/2024,1810,,2024/3
43525,CORREÇÃO,SIMPLO,INJEÇÃO,12/06/2024,1544,,2024/3
43534,CORREÇÃO,SIMPLO,INJEÇÃO,12/06/2024,1339,,2024/3
43548,CORREÇÃO,SIMPLO,INJEÇÃO,12/06/2024,1627,,2024/3
43569,CORREÇÃO,SIMPLO,INJEÇÃO,12/06/2024,1901,,2024/3
43589,CORREÇÃO,SIMPLO,INJEÇÃO,12/06/2024,1835,,2024/3
43591,CORREÇÃO,SIMPLO,INJEÇÃO,12/06/2024,1832,,2024/3
43592,CORREÇÃO,SIMPLO,INJEÇÃO,12/06/2024,1633,,2024/3
44264,CORREÇÃO,SIMPLO,MOTORES - LINHA LEVE,11/06/2024,1367,,2024/3
42880,CORREÇÃO,SIMPLO,LUBRITEC,11/06/2024,2099,,2024/3
42881,CORREÇÃO,SIMPLO,LUBRITEC,11/06/2024,2119,,2024/3
42888,CORREÇÃO,SIMPLO,LUBRITEC,11/06/2024,2111,,2024/3
42889,CORREÇÃO,SIMPLO,LUBRITEC,11/06/2024,2110,,2024/3
42891,CORREÇÃO,SIMPLO,LUBRITEC,11/06/2024,2107,,2024/3
42892,CORREÇÃO,SIMPLO,LUBRITEC,11/06/2024,2106,,2024/3
43344,CORREÇÃO,SIMPLO,LUBRITEC,11/06/2024,418,,2024/3
44255,CORREÇÃO,SIMPLO,CLIMA CAR,11/06/2024,765,,2024/3
44095,NOVA,SIMPLO,LUBRITEC,10/06/2024,5708,,2024/3
44096,NOVA,SIMPLO,LUBRITEC,10/06/2024,5709,,2024/3
44099,NOVA,SIMPLO,LUBRITEC,10/06/2024,5710,,2024/3
44100,NOVA,SIMPLO,LUBRITEC,10/06/2024,5711,,2024/3
41006,NOVA,SIMPLO,LOCAR,10/06/2024,955,,2024/3
43226,NOVA,SIMPLO,LUBRITEC,07/06/2024,5705,,2024/3
43227,NOVA,SIMPLO,LUBRITEC,07/06/2024,5706,,2024/3
44043,NOVA,SIMPLO,LUBRITEC,07/06/2024,5707,,2024/3
43720,NOVA,SIMPLO,MT PRO,07/06/2024,279,,2024/3
43258,CORREÇÃO,SIMPLO,REVISA CAR,07/06/2024,3,,2024/3
43259,CORREÇÃO,SIMPLO,REVISA CAR,07/06/2024,4,,2024/3
43279,CORREÇÃO,SIMPLO,REVISA CAR,07/06/2024,482,,2024/3
44032,CORREÇÃO,SIMPLO,LUBRITEC,07/06/2024,4583,,2024/3
43008,NOVA,SIMPLO,MOTORES - LINHA LEVE,07/06/2024,1495,,2024/3
43559,CORREÇÃO,SIMPLO,CLIMA CAR,07/06/2024,828,,2024/3
43672,CORREÇÃO,SIMPLO,CLIMA CAR,07/06/2024,400,,2024/3
43817,NOVA,SIMPLO,MOTORES - LINHA PESADA,07/06/2024,1496,,2024/3
43673,CORREÇÃO,SIMPLO,CLIMA CAR,07/06/2024,641,,2024/3
44244,CORREÇÃO,SIMPLO,INJEÇÃO,07/06/2024,1949,,2024/3
43865,CORREÇÃO,SIMPLO,CLIMA CAR,07/06/2024,977,,2024/3
43865,CORREÇÃO,SIMPLO,CLIMA CAR,07/06/2024,978,,2024/3
44183,CORREÇÃO,SIMPLO,CLIMA CAR,07/06/2024,827,,2024/3
44207,CORREÇÃO,SIMPLO,CLIMA CAR,07/06/2024,829,,2024/3
43251,CORREÇÃO,SIMPLO,REVISA CAR,06/06/2024,264,,2024/3
43252,CORREÇÃO,SIMPLO,REVISA CAR,06/06/2024,263,,2024/3
43253,CORREÇÃO,SIMPLO,REVISA CAR,06/06/2024,260,,2024/3
43254,CORREÇÃO,SIMPLO,REVISA CAR,06/06/2024,259,,2024/3
43255,CORREÇÃO,SIMPLO,REVISA CAR,06/06/2024,261,,2024/3
43256,CORREÇÃO,SIMPLO,REVISA CAR,06/06/2024,262,,2024/3
42693,CORREÇÃO,SIMPLO,CLIMA CAR,05/06/2024,983,,2024/3
43081,CORREÇÃO,SIMPLO,CLIMA CAR,05/06/2024,849,,2024/3
43081,CORREÇÃO,SIMPLO,CLIMA TRUCK,05/06/2024,124,,2024/3
43571,CORREÇÃO,SIMPLO,CLIMA CAR,05/06/2024,773,,2024/3
43572,CORREÇÃO,SIMPLO,CLIMA CAR,05/06/2024,774,,2024/3
43635,CORREÇÃO,SIMPLO,CLIMA CAR,05/06/2024,960,,2024/3
43639,CORREÇÃO,SIMPLO,CLIMA CAR,05/06/2024,882,,2024/3
42120,NOVA,SIMPLO,CLIMA TRUCK,04/06/2024,154,,2024/3
42612,NOVA,SIMPLO,CLIMA TRUCK,04/06/2024,155,,2024/3
42714,NOVA,SIMPLO,ABS/ASR/ESP,04/06/2024,948,,2024/3
42461,NOVA,SIMPLO,ELECTRA,04/06/2024,279,,2024/3
37005,NOVA,SIMPLO,ELECTRA TRUCK,04/06/2024,188,,2024/3
42091,CORREÇÃO,SIMPLO,MT PRO,04/06/2024,P89,,2024/3
42755,CORREÇÃO,SIMPLO,MT PRO,04/06/2024,P52,,2024/3
43182,CORREÇÃO,SIMPLO,MT PRO,04/06/2024,P48,,2024/3
42986,CORREÇÃO,SIMPLO,PICO SCOPE,04/06/2024,590,,2024/3
43720,NOVA,SIMPLO,MT PRO,03/06/2024,279,,2024/3
41954,NOVA,SIMPLO,MT PRO,03/06/2024,280,,2024/3
42322,NOVA,SIMPLO,MT PRO,03/06/2024,281,,2024/3
42690,NOVA,SIMPLO,MT PRO,03/06/2024,282,,2024/3
42684,NOVA,SIMPLO,MT PRO,03/06/2024,283,,2024/3
42516,NOVA,SIMPLO,PICO SCOPE,03/06/2024,633,,2024/3
41979,NOVA,SIMPLO,PICO SCOPE,03/06/2024,634,,2024/3
38056,NOVA,SIMPLO,PICO SCOPE,03/06/2024,635,,2024/3
43915,NOVA,SIMPLO,SCOPE TRUCK (MT PRO),03/06/2024,284,,2024/3
42529,NOVA,SIMPLO,MT PRO,03/06/2024,285,,2024/3
42564,NOVA,SIMPLO,MT PRO,03/06/2024,286,,2024/3
42073,NOVA,SIMPLO,SCOPE TRUCK (PICO SCOPE),03/06/2024,636,,2024/3
42073,NOVA,SIMPLO,PICO SCOPE,03/06/2024,636,,2024/3
42051,NOVA,SIMPLO,SCOPE TRUCK (PICO SCOPE),03/06/2024,637,,2024/3
42051,NOVA,SIMPLO,PICO SCOPE,03/06/2024,637,,2024/3
35385,NOVA,SIMPLO,LOCAR,03/06/2024,952,,2024/3
35387,NOVA,SIMPLO,LOCAR,03/06/2024,953,,2024/3
41409,CORREÇÃO,SIMPLO,PICO SCOPE,03/06/2024,451,,2024/3
43199,NOVA,SIMPLO,LOCAR,03/06/2024,954,,2024/3
42092,CORREÇÃO,SIMPLO,PICO SCOPE,03/06/2024,516,,2024/3
43328,NOVA,SIMPLO,LUBRITEC,03/06/2024,5703,,2024/3
43824,NOVA,SIMPLO,LUBRITEC,03/06/2024,5704,,2024/3
42799,NOVA,SIMPLO,REVISA CAR,28/05/2024,591,,2024/3
42798,NOVA,SIMPLO,REVISA CAR,28/05/2024,592,,2024/3
42800,NOVA,SIMPLO,REVISA CAR,28/05/2024,593,,2024/3
42801,NOVA,SIMPLO,REVISA CAR,28/05/2024,594,,2024/3
42803,NOVA,SIMPLO,REVISA CAR,28/05/2024,595,,2024/3
42804,NOVA,SIMPLO,REVISA CAR,28/05/2024,596,,2024/3
44025,UPGRADE,SIMPLO,INJEÇÃO,28/05/2024,1689,,2024/3
42555,NOVA,SIMPLO,MT PRO,28/05/2024,278,,2024/3
44007,CORREÇÃO,SIMPLO,MOTORES - LINHA LEVE,24/05/2024,1340,,2024/3
43927,CORREÇÃO,SIMPLO,DIESEL,24/05/2024,237,,2024/3
18874,NOVA,SIMPLO,CÓDIGO DE FALHAS,02/05/2024,cod746,,2024/2
40753,NOVA,SIMPLO,CÓDIGO DE FALHAS,02/05/2024,cod747,,2024/2
42452,NOVA,SIMPLO,ELECTRA TRUCK,02/05/2024,et187,,2024/2
42499,NOVA,SIMPLO,CÓDIGO DE FALHAS,02/05/2024,cod744,,2024/2
42606,NOVA,SIMPLO,CÓDIGO DE FALHAS,02/05/2024,cod743,,2024/2
42654,NOVA,TRACTOR,ELECTRA TRACTOR,02/05/2024,tel115,,2024/1 T
42718,NOVA,SIMPLO,CÓDIGO DE FALHAS,02/05/2024,cod745,,2024/2
42809,NOVA,TRACTOR,ELECTRA TRACTOR,02/05/2024,tel116,,2024/1 T
42834,NOVA,TRACTOR,ELECTRA TRACTOR,02/05/2024,tel117,,2024/1 T
43009,NOVA,SIMPLO,MOTORES - LINHA LEVE,02/05/2024,dt1494,,2024/2
43679,UPGRADE,SIMPLO,INJEÇÃO,02/05/2024,C1714,,2024/2
43783,UPGRADE,SIMPLO,ABS/ASR/ESP,02/05/2024,ABS793,,2024/2
43797,CORREÇÃO,SIMPLO,DIESEL,02/05/2024,DC315,,2024/2
43809,UPGRADE,SIMPLO,LUBRITEC,02/05/2024,l3673,,2024/2
43810,UPGRADE,SIMPLO,LUBRITEC,02/05/2024,l3674,,2024/2
43812,UPGRADE,SIMPLO,LUBRITEC,02/05/2024,l3675,,2024/2
43813,UPGRADE,SIMPLO,LUBRITEC,02/05/2024,l3676,,2024/2
43814,UPGRADE,SIMPLO,LUBRITEC,02/05/2024,l3721,,2024/2
43816,UPGRADE,SIMPLO,LUBRITEC,02/05/2024,l3722,,2024/2
13322,NOVA,SIMPLO,CÂMBIO,30/04/2024,cb183,,2024/2
33352,NOVA,SIMPLO,CÂMBIO,30/04/2024,cb184,,2024/2
34537,NOVA,TRACTOR,ELECTRA TRACTOR,30/04/2024,tel114,,2024/1 T
36667,NOVA,SIMPLO,ELECTRA,30/04/2024,el278,,2024/2
37635,UPGRADE,HIBRIDOS,H&E - LOCAR,30/04/2024,he03C,,2024/1 H&E
42421,NOVA,SIMPLO,CÂMBIO,30/04/2024,cb186,,2024/2
42452,NOVA,SIMPLO,CÂMBIO,30/04/2024,cb185,,2024/2
42608,NOVA,SIMPLO,CÓDIGO DE FALHAS,30/04/2024,cod741,,2024/2
42609,NOVA,SIMPLO,CÓDIGO DE FALHAS,30/04/2024,cod742,,2024/2
42613,NOVA,SIMPLO,CÂMBIO,30/04/2024,cb182,,2024/2
42655,NOVA,TRACTOR,CLIMA TRACTOR,30/04/2024,tac172,,2024/1 T
42679,NOVA,SIMPLO,MT PRO,30/04/2024,MP277,,2024/2
42796,NOVA,SIMPLO,REVISA CAR,30/04/2024,RC589,,2024/2
42797,NOVA,SIMPLO,REVISA CAR,30/04/2024,RC590,,2024/2
42810,NOVA,TRACTOR,INJEÇÃO TRACTOR,30/04/2024,tinj74,,2024/1 T
42811,NOVA,TRACTOR,CLIMA TRACTOR,30/04/2024,tac173,,2024/1 T
42835,NOVA,TRACTOR,CLIMA TRACTOR,30/04/2024,tac174,,2024/1 T
42836,NOVA,TRACTOR,INJEÇÃO TRACTOR,30/04/2024,tinj75,,2024/1 T
42848,NOVA,SIMPLO,DIESEL,30/04/2024,DC400,,2024/2
42863,NOVA,SIMPLO,DIESEL,30/04/2024,DC403,,2024/2
42919,NOVA,SIMPLO,MT PRO,30/04/2024,MP276,,2024/2
42919,NOVA,SIMPLO,SCOPE TRUCK (MT PRO),30/04/2024,SMP276,,2024/2
42960,NOVA,SIMPLO,DIESEL,30/04/2024,DC401,,2024/2
42982,NOVA,SIMPLO,INJEÇÃO,30/04/2024,C2144,,2024/2
42982,NOVA,SIMPLO,INJEÇÃO,30/04/2024,C2145,,2024/2
43197,NOVA,SIMPLO,ABS/ASR/ESP,30/04/2024,ABS947,,2024/2
43312,NOVA,SIMPLO,INJEÇÃO,30/04/2024,C2146,,2024/2
43312,NOVA,SIMPLO,INJEÇÃO,30/04/2024,C2147,,2024/2
43443,NOVA,SIMPLO,DIESEL,30/04/2024,DC402,,2024/2
43488,NOVA,SIMPLO,ARLA,30/04/2024,AR16,,2024/2
43780,NOVA,SIMPLO,INJEÇÃO,30/04/2024,C2143,,2024/2
,NOVA,SIMPLO,CLIMA TRUCK,30/04/2024,ct153,,2024/2
42028,NOVA,SIMPLO,PICO SCOPE,29/04/2024,OC632,,2024/2
42056,NOVA,SIMPLO,CÓDIGO DE FALHAS,29/04/2024,cod737,,2024/2
42354,NOVA,SIMPLO,CÓDIGO DE FALHAS,29/04/2024,cod738,,2024/2
42633,NOVA,SIMPLO,DIESEL,29/04/2024,DC398,,2024/2
42713,NOVA,SIMPLO,DIESEL,29/04/2024,DC399,,2024/2
42945,NOVA,SIMPLO,DIESEL,29/04/2024,DC397,,2024/2
43084,NOVA,SIMPLO,INJEÇÃO,29/04/2024,C2141,,2024/2
43195,NOVA,SIMPLO,INJEÇÃO,29/04/2024,C2142,,2024/2
43352,NOVA,SIMPLO,CÓDIGO DE FALHAS,29/04/2024,cod739,,2024/2
43440,NOVA,SIMPLO,CÓDIGO DE FALHAS,29/04/2024,cod740,,2024/2
43771,NOVA,SIMPLO,INJEÇÃO,29/04/2024,C2143,,2024/2
32744,NOVA,SIMPLO,ABS/ASR/ESP,26/04/2024,ABS943,,2024/2
32744,NOVA,SIMPLO,ABS/ASR/ESP,26/04/2024,ABS944,,2024/2
36503,UPGRADE,SIMPLO,SINCRO - CORRENTES,26/04/2024,CC1192,,2024/2
37208,NOVA,SIMPLO,CLIMA CAR,26/04/2024,ACC1122 a ACC1127,,2024/2
39675,NOVA,SIMPLO,ABS/ASR/ESP,26/04/2024,ABS946,,2024/2
41617,NOVA,SIMPLO,ABS/ASR/ESP,26/04/2024,ABS945,,2024/2
41878,UPGRADE,SIMPLO,CÂMBIO,26/04/2024,cb1278,,2024/2
41978,NOVA,SIMPLO,MT PRO,26/04/2024,MP273,,2024/2
42320,NOVA,SIMPLO,MT PRO,26/04/2024,MP274,,2024/2
42451,NOVA,SIMPLO,CLIMA CAR,26/04/2024,ACC1128 a ACC1130,,2024/2
42452,NOVA,SIMPLO,ELECTRA,26/04/2024,el277,,2024/2
42621,NOVA,SIMPLO,MT PRO,26/04/2024,MP275,,2024/2
42694,NOVA,SIMPLO,DIESEL,26/04/2024,DC396,,2024/2
42795,NOVA,SIMPLO,REVISA CAR,26/04/2024,RC588,,2024/2
42984,CORREÇÃO,SIMPLO,MT PRO,26/04/2024,MP201,,2024/2
43585,NOVA,SIMPLO,INJEÇÃO,26/04/2024,C2139,,2024/2
43586,NOVA,SIMPLO,INJEÇÃO,26/04/2024,C2140,,2024/2
43713,UPGRADE,SIMPLO,ABS/ASR/ESP,26/04/2024,ABS789,,2024/2
43731,UPGRADE,SIMPLO,DIESEL,26/04/2024,DC264,,2024/2
43754,NOVA,SIMPLO,MOTORES - LINHA PESADA,26/04/2024,dt1490,,2024/2
43754,NOVA,TRACTOR,MOTORES TRACTOR,26/04/2024,mt20110,,2024/1 T
43755,NOVA,SIMPLO,MOTORES - LINHA PESADA,26/04/2024,dt1491,,2024/2
43755,NOVA,TRACTOR,MOTORES TRACTOR,26/04/2024,mt20111,,2024/1 T
43756,NOVA,SIMPLO,MOTORES - LINHA PESADA,26/04/2024,dt1492,,2024/2
43756,NOVA,TRACTOR,MOTORES TRACTOR,26/04/2024,mt20112,,2024/1 T
43757,NOVA,SIMPLO,MOTORES - LINHA PESADA,26/04/2024,dt1493,,2024/2
43757,NOVA,TRACTOR,MOTORES TRACTOR,26/04/2024,mt20113,,2024/1 T
40476,NOVA,SIMPLO,ABS/ASR/ESP,25/04/2024,ABS940,,2024/2
41871,NOVA,SIMPLO,ABS/ASR/ESP,25/04/2024,ABS942,,2024/2
42611,NOVA,SIMPLO,ABS/ASR/ESP,25/04/2024,ABS941,,2024/2
42613,NOVA,SIMPLO,ELECTRA TRUCK,25/04/2024,et186,,2024/2
42734,NOVA,SIMPLO,MT PRO,25/04/2024,MP272,,2024/2
42902,NOVA,SIMPLO,DIESEL,25/04/2024,DC395,,2024/2
39951,NOVA,SIMPLO,CLIMA CAR,24/04/2024,ACC1120/ACC1121,,2024/2
41149,UPGRADE,SIMPLO,INJEÇÃO,24/04/2024,C1508,,2024/2
41150,NOVA,SIMPLO,ABS/ASR/ESP,24/04/2024,ABS939,,2024/2
41151,NOVA,SIMPLO,CLIMA CAR,24/04/2024,ACC1119,,2024/2
42794,NOVA,SIMPLO,REVISA CAR,24/04/2024,RC587,,2024/2
43305,NOVA,SIMPLO,CÂMBIO,24/04/2024,cb181A,,2024/2
43565,CORREÇÃO,SIMPLO,MOTORES - LINHA PESADA,24/04/2024,dt1305,,2024/2
43643,CORREÇÃO,SIMPLO,ELECTRA,24/04/2024,el172,,2024/2
43719,CORREÇÃO,SIMPLO,DIESEL,24/04/2024,DC355,,2024/2
43727,CORREÇÃO,SIMPLO,INJEÇÃO,24/04/2024,C1278,,2024/2
40954,NOVA,SIMPLO,ABS/ASR/ESP,23/04/2024,ABS938,,2024/2
41784,NOVA,SIMPLO,MT PRO,23/04/2024,MP269,,2024/2
42156,NOVA,SIMPLO,ABS/ASR/ESP,23/04/2024,ABS936,,2024/2
42230,NOVA,SIMPLO,ABS/ASR/ESP,23/04/2024,ABS937,,2024/2
42639,NOVA,SIMPLO,MT PRO,23/04/2024,MP270,,2024/2
42756,NOVA,SIMPLO,MT PRO,23/04/2024,MP271,,2024/2
42792,NOVA,SIMPLO,REVISA CAR,23/04/2024,RC585,,2024/2
42793,NOVA,SIMPLO,REVISA CAR,23/04/2024,RC586,,2024/2
42988,CORREÇÃO,SIMPLO,SCOPE TRUCK (MT PRO),23/04/2024,SMP147,,2024/2
43243,NOVA,SIMPLO,ARLA,23/04/2024,AR15,,2024/2
43648,UPGRADE,SIMPLO,CLIMA CAR,23/04/2024,ACC838,,2024/2
43649,UPGRADE,SIMPLO,CLIMA CAR,23/04/2024,ACC837,,2024/2
43689,UPGRADE,SIMPLO,CLIMA CAR,23/04/2024,ACC1085,,2024/2
43690,CORREÇÃO,SIMPLO,INJEÇÃO,23/04/2024,C1918,,2024/2
43691,CORREÇÃO,SIMPLO,INJEÇÃO,23/04/2024,C1917,,2024/2
43695,CORREÇÃO,SIMPLO,INJEÇÃO,23/04/2024,C2076,,2024/2
43696,CORREÇÃO,SIMPLO,INJEÇÃO,23/04/2024,C2077,,2024/2
43697,CORREÇÃO,SIMPLO,INJEÇÃO,23/04/2024,C1920,,2024/2
43698,CORREÇÃO,SIMPLO,INJEÇÃO,23/04/2024,C1919,,2024/2
43699,CORREÇÃO,SIMPLO,MOTORES - LINHA LEVE,23/04/2024,dt68,,2024/2
41149,UPGRADE,SIMPLO,INJEÇÃO,22/04/2024,C1508,,2024/2
42813,CORREÇÃO,SIMPLO,SINCRO - CORRENTES,22/04/2024,CC1154,,2024/2
43237,CORREÇÃO,SIMPLO,INJEÇÃO,22/04/2024,C1367,,2024/2
43582,UPGRADE,SIMPLO,INJEÇÃO,22/04/2024,C2137,,2024/2
43652,UPGRADE,SIMPLO,INJEÇÃO,22/04/2024,C2063,,2024/2
43656,UPGRADE,SIMPLO,INJEÇÃO,22/04/2024,C2046,,2024/2
43664,UPGRADE,SIMPLO,INJEÇÃO,22/04/2024,C2097,,2024/2
36405,CORREÇÃO,SIMPLO,INJEÇÃO,19/04/2024,C147,,2024/2
37370,CORREÇÃO,SIMPLO,INJEÇÃO,19/04/2024,C1922,,2024/2
41218,NOVA,SIMPLO,CLIMA CAR,19/04/2024,ACC1118,,2024/2
41401,NOVA,ELÉTRICOS,H&E - RESETS,19/04/2024,eh06,,2024/1 H&E
41823,NOVA,SIMPLO,PICO SCOPE,19/04/2024,OC629,,2024/2
41955,NOVA,SIMPLO,PICO SCOPE,19/04/2024,OC630,,2024/2
42140,NOVA,SIMPLO,PICO SCOPE,19/04/2024,OC631,,2024/2
42355,NOVA,SIMPLO,MT PRO,19/04/2024,MP268,,2024/2
42355,NOVA,SIMPLO,SCOPE TRUCK (MT PRO),19/04/2024,SMP268,,2024/2
42787,NOVA,SIMPLO,REVISA CAR,19/04/2024,RC582,,2024/2
42789,NOVA,SIMPLO,REVISA CAR,19/04/2024,RC583,,2024/2
42790,NOVA,SIMPLO,REVISA CAR,19/04/2024,RC584,,2024/2
43244,NOVA,SIMPLO,ARLA,19/04/2024,AR12,,2024/2
43486,NOVA,SIMPLO,ARLA,19/04/2024,AR13,,2024/2
43489,NOVA,SIMPLO,ARLA,19/04/2024,AR14,,2024/2
43653,CORREÇÃO,SIMPLO,DIESEL,19/04/2024,DC167,,2024/2
13322,NOVA,SIMPLO,ELECTRA,18/04/2024,el276,,2024/2
42814,CORREÇÃO,SIMPLO,SINCRO - CORRENTES,18/04/2024,CC1702,,2024/2
43178,CORREÇÃO,SIMPLO,MOTORES - LINHA PESADA,18/04/2024,dt1435,,2024/2
43179,UPGRADE,SIMPLO,MOTORES - LINHA PESADA,18/04/2024,dt902,,2024/2
43235,CORREÇÃO,SIMPLO,SINCRO - CORRENTES,18/04/2024,CC1136,,2024/2
43236,CORREÇÃO,SIMPLO,SINCRO - CORRENTES,18/04/2024,CC781,,2024/2
43625,CORREÇÃO,SIMPLO,MOTORES - LINHA PESADA,18/04/2024,dt575,,2024/2
43625,CORREÇÃO,TRACTOR,MOTORES TRACTOR,18/04/2024,mt20108,,2024/1 T
43629,CORREÇÃO,SIMPLO,MOTORES - LINHA PESADA,18/04/2024,dt574,,2024/2
43629,CORREÇÃO,TRACTOR,MOTORES TRACTOR,18/04/2024,mt20109,,2024/1 T
33352,NOVA,SIMPLO,ELECTRA,17/04/2024,el275,,2024/2
39591,CORREÇÃO,SIMPLO,CLIMA CAR,17/04/2024,ACC903,,2024/2
42785,NOVA,SIMPLO,REVISA CAR,17/04/2024,RC581,,2024/2
43487,NOVA,SIMPLO,ARLA,17/04/2024,AR11,,2024/2
43618,UPGRADE,SIMPLO,LUBRITEC,17/04/2024,l2914,,2024/2
43634,CORREÇÃO,SIMPLO,MOTORES - LINHA LEVE,17/04/2024,dt86,,2024/2
42781,NOVA,SIMPLO,REVISA CAR,16/04/2024,RC577,,2024/2
42782,NOVA,SIMPLO,REVISA CAR,16/04/2024,RC578,,2024/2
42783,NOVA,SIMPLO,REVISA CAR,16/04/2024,RC579,,2024/2
42784,NOVA,SIMPLO,REVISA CAR,16/04/2024,RC580,,2024/2
43581,NOVA,SIMPLO,INJEÇÃO,16/04/2024,C2138,,2024/2
42816,CORREÇÃO,SIMPLO,INJEÇÃO,15/04/2024,C1824,,2024/2
43003,UPGRADE,HIBRIDOS,H&E - MT PRO,15/04/2024,he09N,,2024/1 H&E
43022,UPGRADE,SIMPLO,MOTORES - LINHA LEVE,15/04/2024,dt1387,,2024/2
43083,CORREÇÃO,SIMPLO,MOTORES - LINHA LEVE,15/04/2024,dt1478,,2024/2
43587,CORREÇÃO,SIMPLO,ELECTRA TRUCK,15/04/2024,et174,,2024/2
43588,CORREÇÃO,SIMPLO,ELECTRA,15/04/2024,el217,,2024/2
43601,UPGRADE,SIMPLO,INJEÇÃO,15/04/2024,C1695,,2024/2
34146,NOVA,SIMPLO,ELECTRA,12/04/2024,el274,,2024/2
42773,NOVA,SIMPLO,REVISA CAR,12/04/2024,RC573,,2024/2
42777,NOVA,SIMPLO,REVISA CAR,12/04/2024,RC574,,2024/2
42778,NOVA,SIMPLO,REVISA CAR,12/04/2024,RC575,,2024/2
42780,NOVA,SIMPLO,REVISA CAR,12/04/2024,RC576,,2024/2
43245,NOVA,SIMPLO,ARLA,12/04/2024,AR10,,2024/2
43536,UPGRADE,SIMPLO,INJEÇÃO,12/04/2024,C2077,,2024/2
43537,UPGRADE,SIMPLO,INJEÇÃO,12/04/2024,C2076,,2024/2
43538,UPGRADE,SIMPLO,INJEÇÃO,12/04/2024,C2078,,2024/2
43539,UPGRADE,SIMPLO,INJEÇÃO,12/04/2024,C2079,,2024/2
43551,UPGRADE,SIMPLO,INJEÇÃO,12/04/2024,C1617,,2024/2
43556,UPGRADE,SIMPLO,INJEÇÃO,12/04/2024,C1497,,2024/2
43573,UPGRADE,SIMPLO,INJEÇÃO,12/04/2024,C2056,,2024/2
42229,UPGRADE,SIMPLO,CLIMA CAR,11/04/2024,ACC1085,,2024/2
42527,UPGRADE,SIMPLO,PICO SCOPE,11/04/2024,OC499,,2024/2
42567,NOVA,SIMPLO,CLIMA CAR,11/04/2024,ACC 1117,,2024/2
42819,CORREÇÃO,SIMPLO,INJEÇÃO,11/04/2024,C1933,,2024/2
43205,CORREÇÃO,SIMPLO,INJEÇÃO,11/04/2024,C1809,,2024/2
43462,CORREÇÃO,SIMPLO,LUBRITEC,11/04/2024,l5393,,2024/2
43505,UPGRADE,SIMPLO,INJEÇÃO,11/04/2024,C2094,,2024/2
43524,UPGRADE,SIMPLO,INJEÇÃO,11/04/2024,C2057,,2024/2
43531,UPGRADE,SIMPLO,INJEÇÃO,11/04/2024,C2026,,2024/2
43533,UPGRADE,SIMPLO,ABS/ASR/ESP,11/04/2024,ABS905,,2024/2
43535,UPGRADE,SIMPLO,ABS/ASR/ESP,11/04/2024,ABS906,,2024/2
40901,NOVA,SIMPLO,MT PRO,10/04/2024,MP267,,2024/2
41785,NOVA,SIMPLO,PICO SCOPE,10/04/2024,OC628,,2024/2
42228,NOVA,SIMPLO,INJEÇÃO,10/04/2024,C2137,,2024/2
42730,NOVA,SIMPLO,REVISA CAR,10/04/2024,RC570,,2024/2
42771,NOVA,SIMPLO,REVISA CAR,10/04/2024,RC571,,2024/2
42772,NOVA,SIMPLO,REVISA CAR,10/04/2024,RC572,,2024/2
42396,CORREÇÃO,SIMPLO,ARLA,09/04/2024,AR01,,2024/2
42398,CORREÇÃO,SIMPLO,ARLA,09/04/2024,AR09,,2024/2
42769,NOVA,SIMPLO,REVISA CAR,09/04/2024,RC568,,2024/2
42770,NOVA,SIMPLO,REVISA CAR,09/04/2024,RC569,,2024/2
43070,NOVA,SIMPLO,INJEÇÃO,09/04/2024,C2135,,2024/2
43504,UPGRADE,SIMPLO,DIESEL,09/04/2024,DC348,,2024/2
43510,NOVA,SIMPLO,INJEÇÃO,09/04/2024,C2136,,2024/2
39477,NOVA,SIMPLO,CLIMA CAR,08/04/2024,ACC 1114/ACC 1115/ACC 1116,,2024/2
42767,NOVA,SIMPLO,REVISA CAR,08/04/2024,RC566,,2024/2
42768,NOVA,SIMPLO,REVISA CAR,08/04/2024,RC567,,2024/2
43047,CORREÇÃO,SIMPLO,INJEÇÃO,08/04/2024,C1598,,2024/2
43048,CORREÇÃO,SIMPLO,INJEÇÃO,08/04/2024,C1599,,2024/2
43345,CORREÇÃO,SIMPLO,LUBRITEC,08/04/2024,l5552,,2024/2
43472,CORREÇÃO,SIMPLO,INJEÇÃO,08/04/2024,C1833,,2024/2
43485,CORREÇÃO,SIMPLO,REVISA CAR,08/04/2024,RC378,,2024/2
43506,CORREÇÃO,SIMPLO,INJEÇÃO,08/04/2024,C1676,,2024/2
43507,CORREÇÃO,SIMPLO,LUBRITEC,08/04/2024,l2569,,2024/2
43540,CORREÇÃO,SIMPLO,INJEÇÃO,08/04/2024,C1716,,2024/2
42256,NOVA,TRACTOR,MOTORES TRACTOR,04/04/2024,mt20106,,2024/1 T
42763,NOVA,SIMPLO,REVISA CAR,04/04/2024,RC562,,2024/2
42764,NOVA,SIMPLO,REVISA CAR,04/04/2024,RC563,,2024/2
42765,NOVA,SIMPLO,REVISA CAR,04/04/2024,RC564,,2024/2
42766,NOVA,SIMPLO,REVISA CAR,04/04/2024,RC565,,2024/2
43479,NOVA,TRACTOR,MOTORES TRACTOR,04/04/2024,mt20107,,2024/1 T
34254,NOVA,SIMPLO,LOCAR,03/04/2024,lo951,,2024/2
42762,NOVA,SIMPLO,REVISA CAR,03/04/2024,RC561,,2024/2
42951,NOVA,SIMPLO,MOTORES - LINHA LEVE,03/04/2024,dt1489,,2024/2
42064,NOVA,SIMPLO,ABS/ASR/ESP,02/04/2024,ABS935,,2024/2
42256,NOVA,SIMPLO,MOTORES - LINHA PESADA,02/04/2024,dt1487,,2024/2
42678,NOVA,SIMPLO,INJEÇÃO,02/04/2024,C2134,,2024/2
42758,NOVA,SIMPLO,REVISA CAR,02/04/2024,RC559,,2024/2
42759,NOVA,SIMPLO,REVISA CAR,02/04/2024,RC560,,2024/2
43172,CORREÇÃO,SIMPLO,INJEÇÃO,02/04/2024,C2058,,2024/2
43177,CORREÇÃO,SIMPLO,DIESEL,02/04/2024,DC377,,2024/2
43469,UPGRADE,SIMPLO,INJEÇÃO,02/04/2024,C2059,,2024/2
43474,CORREÇÃO,SIMPLO,INJEÇÃO,02/04/2024,C1765,,2024/2
43479,NOVA,SIMPLO,MOTORES - LINHA PESADA,02/04/2024,dt1488,,2024/2
41972,NOVA,SIMPLO,SCOPE TRUCK (PICO SCOPE),01/04/2024,SOC627,,2024/2
42139,UPGRADE,SIMPLO,PICO SCOPE,01/04/2024,OC243,,2024/2
42677,NOVA,SIMPLO,INJEÇÃO,01/04/2024,C2133,,2024/2
42729,NOVA,SIMPLO,MOTORES - LINHA PESADA,01/04/2024,dt1486,,2024/2
42729,NOVA,TRACTOR,MOTORES TRACTOR,01/04/2024,mt20105,,2024/1 T
42754,NOVA,SIMPLO,REVISA CAR,01/04/2024,RC557,,2024/2
42757,NOVA,SIMPLO,REVISA CAR,01/04/2024,RC558,,2024/2
43022,UPGRADE,SIMPLO,MOTORES - LINHA LEVE,01/04/2024,dt1387,,2024/2
43367,CORREÇÃO,SIMPLO,MOTORES - LINHA PESADA,01/04/2024,dt1434,,2024/2
43463,UPGRADE,SIMPLO,INJEÇÃO,01/04/2024,C1784,,2024/2
42748,NOVA,SIMPLO,REVISA CAR,28/03/2024,RC554,,2024/2
42749,NOVA,SIMPLO,REVISA CAR,28/03/2024,RC555,,2024/2
42751,NOVA,SIMPLO,REVISA CAR,28/03/2024,RC556,,2024/2
43386,CORREÇÃO,SIMPLO,MOTORES - LINHA LEVE,28/03/2024,dt64,,2024/2
43437,CORREÇÃO,SIMPLO,MOTORES - LINHA LEVE,28/03/2024,dt1441,,2024/2
43459,NOVA,SIMPLO,DIESEL,28/03/2024,DC388,,2024/2
39502,NOVA,SIMPLO,INJEÇÃO,27/03/2024,C2132,,2024/2
42347,NOVA,SIMPLO,MT PRO,27/03/2024,MP266,,2024/2
42733,NOVA,SIMPLO,REVISA CAR,27/03/2024,RC551,,2024/2
42742,NOVA,SIMPLO,REVISA CAR,27/03/2024,RC549,,2024/2
42743,NOVA,SIMPLO,REVISA CAR,27/03/2024,RC548,,2024/2
42745,NOVA,SIMPLO,REVISA CAR,27/03/2024,RC550,,2024/2
42746,NOVA,SIMPLO,REVISA CAR,27/03/2024,RC552,,2024/2
42747,NOVA,SIMPLO,REVISA CAR,27/03/2024,RC553,,2024/2
43325,CORREÇÃO,HIBRIDOS,H&E,27/03/2024,he03,,2024/1 H&E
43337,CORREÇÃO,SIMPLO,MOTORES - LINHA LEVE,27/03/2024,dt1383,,2024/2
43428,UPGRADE,SIMPLO,INJEÇÃO,27/03/2024,C2131,,2024/2
34074,NOVA,SIMPLO,CÂMBIO,26/03/2024,cb180,,2024/2
42083,NOVA,SIMPLO,PICO SCOPE,26/03/2024,OC626,,2024/2
43267,CORREÇÃO,SIMPLO,SINCRO - CORREIAS,26/03/2024,CC166,,2024/2
43379,UPGRADE,SIMPLO,INJEÇÃO,26/03/2024,C2067,,2024/2
43383,UPGRADE,SIMPLO,INJEÇÃO,26/03/2024,C1768,,2024/2
43393,CORREÇÃO,SIMPLO,ELECTRA TRUCK,26/03/2024,et172,,2024/2
43416,UPGRADE,SIMPLO,INJEÇÃO,26/03/2024,C2049,,2024/2
43421,CORREÇÃO,SIMPLO,DIESEL,26/03/2024,DC168,,2024/2
43429,CORREÇÃO,SIMPLO,INJEÇÃO,26/03/2024,C1354,,2024/2
43438,CORREÇÃO,SIMPLO,INJEÇÃO,26/03/2024,C1354,,2024/2
41970,NOVA,SIMPLO,PICO SCOPE,25/03/2024,OC625,,2024/2
43153,CORREÇÃO,SIMPLO,DIESEL,25/03/2024,DC253,,2024/2
43338,CORREÇÃO,SIMPLO,SINCRO - CORREIAS,25/03/2024,CC1559,,2024/2
43340,CORREÇÃO,SIMPLO,MOTORES - LINHA LEVE,25/03/2024,dt1217,,2024/2
43350,NOVA,SIMPLO,MT PRO,25/03/2024,MP146,,2024/2
43350,CORREÇÃO,SIMPLO,SCOPE TRUCK (MT PRO),25/03/2024,SMP146,,2024/2
43353,CORREÇÃO,SIMPLO,SINCRO - CORREIAS,25/03/2024,CC153,,2024/2
43357,CORREÇÃO,SIMPLO,DIESEL,25/03/2024,DC03,,2024/2
43392,UPGRADE,SIMPLO,DIESEL,25/03/2024,DC107,,2024/2
43400,UPGRADE,SIMPLO,DIESEL,25/03/2024,DC106,,2024/2
43423,CORREÇÃO,SIMPLO,SINCRO - POLY-V,25/03/2024,CC1850,,2024/2
22745,NOVA,SIMPLO,INJEÇÃO,22/03/2024,C2131,,2024/2
34074,NOVA,SIMPLO,ELECTRA,22/03/2024,el273,,2024/2
41825,NOVA,SIMPLO,MT PRO,22/03/2024,MP265,,2024/2
42731,NOVA,SIMPLO,REVISA CAR,22/03/2024,RC546,,2024/2
42732,NOVA,SIMPLO,REVISA CAR,22/03/2024,RC547,,2024/2
42740,UPGRADE,SIMPLO,SINCRO - CORREIAS,22/03/2024,CC1306,,2024/2
42864,CORREÇÃO,SIMPLO,SINCRO - CORREIAS,22/03/2024,CC511,,2024/2
43024,CORREÇÃO,SIMPLO,SINCRO - CORREIAS,22/03/2024,CC1826,,2024/2
43079,CORREÇÃO,SIMPLO,MOTORES - LINHA LEVE,22/03/2024,dt47,,2024/2
43152,CORREÇÃO,SIMPLO,MOTORES - LINHA LEVE,22/03/2024,dt102,,2024/2
43214,CORREÇÃO,SIMPLO,MOTORES - LINHA LEVE,22/03/2024,dt735,,2024/2
43401,CORREÇÃO,SIMPLO,MOTORES - LINHA LEVE,22/03/2024,dt91,,2024/2
43402,CORREÇÃO,SIMPLO,MOTORES - LINHA LEVE,22/03/2024,dt1302,,2024/2
43406,CORREÇÃO,SIMPLO,REVISA CAR,22/03/2024,RC271,,2024/2
39042,UPGRADE,SIMPLO,MOTORES - LINHA LEVE,21/03/2024,dt1287,,2024/2
43074,CORREÇÃO,SIMPLO,MOTORES - LINHA LEVE,21/03/2024,dt1395,,2024/2
43190,CORREÇÃO,SIMPLO,SINCRO - CORREIAS,21/03/2024,CC1828,,2024/2
43191,CORREÇÃO,SIMPLO,MOTORES - LINHA LEVE,21/03/2024,dt1303,,2024/2
43374,UPGRADE,SIMPLO,ELECTRA,21/03/2024,el162,,2024/2
43380,UPGRADE,SIMPLO,CLIMA CAR,21/03/2024,ACC634,,2024/2
43375,UPGRADE,SIMPLO,INJEÇÃO,20/03/2024,C1646,,2024/2
43369,UPGRADE,SIMPLO,INJEÇÃO,19/03/2024,C1918,,2024/2
40807,CORREÇÃO,SIMPLO,INJEÇÃO,18/03/2024,C1112,,2024/2
41953,NOVA,SIMPLO,PICO SCOPE,18/03/2024,OC624,,2024/2
41971,NOVA,SIMPLO,SCOPE TRUCK (MT PRO),18/03/2024,SMP264,,2024/2
42315,NOVA,SIMPLO,MT PRO,18/03/2024,MP263,,2024/2
43359,UPGRADE,SIMPLO,INJEÇÃO,18/03/2024,C1917,,2024/2
43368,CORREÇÃO,SIMPLO,INJEÇÃO,18/03/2024,C1660,,2024/2
43376,UPGRADE,SIMPLO,ABS/ASR/ESP,18/03/2024,ABS666,,2024/2
32885,NOVA,SIMPLO,LOCAR,15/03/2024,lo950,,2024/2
42728,NOVA,SIMPLO,REVISA CAR,15/03/2024,RC545,,2024/2
43159,UPGRADE,SIMPLO,INJEÇÃO,15/03/2024,C598,,2024/2
43321,CORREÇÃO,SIMPLO,INJEÇÃO,15/03/2024,C1341,,2024/2
43333,UPGRADE,SIMPLO,LOCAR,15/03/2024,lo927,,2024/2
41964,NOVA,SIMPLO,SCOPE TRUCK (PICO SCOPE),14/03/2024,SOC623,,2024/2
42297,CORREÇÃO,SIMPLO,MT PRO,14/03/2024,MP210,,2024/2
42297,CORREÇÃO,SIMPLO,SCOPE TRUCK (MT PRO),14/03/2024,SMP210,,2024/2
42309,NOVA,SIMPLO,MT PRO,14/03/2024,MP262,,2024/2
42722,NOVA,SIMPLO,REVISA CAR,14/03/2024,RC542,,2024/2
42725,NOVA,SIMPLO,REVISA CAR,14/03/2024,RC543,,2024/2
42727,NOVA,SIMPLO,REVISA CAR,14/03/2024,RC544,,2024/2
43139,NOVA,SIMPLO,REVISA CAR,14/03/2024,RC541,,2024/2
43264,CORREÇÃO,SIMPLO,INJEÇÃO,14/03/2024,C2065,,2024/2
43322,CORREÇÃO,SIMPLO,INJEÇÃO,14/03/2024,C1246,,2024/2
43330,CORREÇÃO,SIMPLO,DIESEL,14/03/2024,DC210,,2024/2
43343,CORREÇÃO,SIMPLO,LUBRITEC,14/03/2024,l5628,,2024/2
43346,UPGRADE,SIMPLO,INJEÇÃO,14/03/2024,C2069,,2024/2
42721,NOVA,SIMPLO,REVISA CAR,12/03/2024,RC538,,2024/2
42723,NOVA,SIMPLO,REVISA CAR,12/03/2024,RC539,,2024/2
42724,NOVA,SIMPLO,REVISA CAR,12/03/2024,RC540,,2024/2
43326,NOVA,SIMPLO,LUBRITEC,12/03/2024,l5701,,2024/2
43327,NOVA,SIMPLO,LUBRITEC,12/03/2024,l5702,,2024/2
40398,UPGRADE,SIMPLO,PICO SCOPE,08/03/2024,OC135,,2024/2
40398,UPGRADE,SIMPLO,SCOPE TRUCK (PICO SCOPE),08/03/2024,SOC135,,2024/2
41295,NOVA,SIMPLO,PICO SCOPE,08/03/2024,OC622,,2024/2
42517,NOVA,SIMPLO,SCOPE TRUCK (MT PRO),08/03/2024,MP261/SMP261,,2024/2
43141,NOVA,SIMPLO,REVISA CAR,08/03/2024,RC536,,2024/2
43143,NOVA,SIMPLO,REVISA CAR,08/03/2024,RC537,,2024/2
43308,CORREÇÃO,SIMPLO,DIESEL,08/03/2024,DC268,,2024/2
43319,CORREÇÃO,SIMPLO,LUBRITEC,08/03/2024,l4507,,2024/2
43137,NOVA,SIMPLO,REVISA CAR,06/03/2024,RC535,,2024/2
43275,UPGRADE,SIMPLO,INJEÇÃO,06/03/2024,C2062,,2024/2
33849,NOVA,SIMPLO,LOCAR,05/03/2024,lo949,,2024/2
41242,UPGRADE,SIMPLO,INJEÇÃO,05/03/2024,C1476,,2024/2
43133,NOVA,SIMPLO,REVISA CAR,05/03/2024,RC533,,2024/2
43135,NOVA,SIMPLO,REVISA CAR,05/03/2024,RC534,,2024/2
43234,UPGRADE,SIMPLO,DIESEL,05/03/2024,DC370,,2024/2
33842,NOVA,SIMPLO,ELECTRA,04/03/2024,el272,,2024/2
33842,NOVA,SIMPLO,CÂMBIO,04/03/2024,cb179,,2024/2
41998,NOVA,SIMPLO,ELECTRA,04/03/2024,el271,,2024/2
41998,NOVA,SIMPLO,CÂMBIO,04/03/2024,cb178,,2024/2
42081,NOVA,SIMPLO,MT PRO,04/03/2024,MP259,,2024/2
42124,NOVA,SIMPLO,MT PRO,04/03/2024,MP260,,2024/2
42802,NOVA,SIMPLO,CÂMBIO,04/03/2024,cb177,,2024/2
42806,NOVA,SIMPLO,CÂMBIO,04/03/2024,cb177,,2024/2
42807,NOVA,SIMPLO,CÂMBIO,04/03/2024,cb177,,2024/2
43057,UPGRADE,SIMPLO,INJEÇÃO,04/03/2024,C81,,2024/2
43067,CORREÇÃO,SIMPLO,ELECTRA,04/03/2024,el218,,2024/2
43071,CORREÇÃO,SIMPLO,MT PRO,04/03/2024,MP237,,2024/2
43131,NOVA,SIMPLO,REVISA CAR,04/03/2024,RC532,,2024/2
43170,CORREÇÃO,SIMPLO,CLIMA CAR,04/03/2024,ACC645,,2024/2
43266,UPGRADE,SIMPLO,CÂMBIO,04/03/2024,cb107,,2024/2
33724,CORREÇÃO,SIMPLO,LOCAR,01/03/2024,lo681,,2024/2
36296,NOVA,SIMPLO,CLIMA CAR,01/03/2024,ACC 1110/ACC 1111,,2024/2
42737,NOVA,SIMPLO,CLIMA CAR,01/03/2024,ACC 1112/ACC 1113,,2024/2
43127,NOVA,SIMPLO,REVISA CAR,01/03/2024,RC530,,2024/2
43129,NOVA,SIMPLO,REVISA CAR,01/03/2024,RC531,,2024/2
39251,NOVA,SIMPLO,CÂMBIO,29/02/2024,cb176A,,2024/2
41968,NOVA,SIMPLO,MT PRO,29/02/2024,MP258,,2024/2
43112,UPGRADE,SIMPLO,INJEÇÃO,29/02/2024,C526,,2024/2
43125,NOVA,SIMPLO,REVISA CAR,29/02/2024,RC529,,2024/2
43173,UPGRADE,SIMPLO,INJEÇÃO,29/02/2024,C1984,,2024/2
37023,CORREÇÃO,SIMPLO,PICO SCOPE,28/02/2024,OC106,,2024/2
40331,UPGRADE,SIMPLO,PICO SCOPE,28/02/2024,OC377,,2024/2
41756,CORREÇÃO,SIMPLO,MT PRO,28/02/2024,MP209,,2024/2
41756,CORREÇÃO,SIMPLO,SCOPE TRUCK (MT PRO),28/02/2024,SMP209,,2024/2
42341,NOVA,SIMPLO,REVISA CAR,28/02/2024,RC528,,2024/2
42641,NOVA,ELÉTRICOS,H&E - REVISA CAR,28/02/2024,eh07A,,2024/1 H&E
42659,CORREÇÃO,SIMPLO,ELECTRA,28/02/2024,el217,,2024/2
42660,CORREÇÃO,SIMPLO,ELECTRA TRUCK,28/02/2024,et174,,2024/2
42989,UPGRADE,SIMPLO,INJEÇÃO,28/02/2024,C1743,,2024/2
43043,CORREÇÃO,SIMPLO,REVISA CAR,28/02/2024,RC164,,2024/2
43114,CORREÇÃO,SIMPLO,ELECTRA,28/02/2024,el104,,2024/2
43123,NOVA,SIMPLO,REVISA CAR,28/02/2024,RC527,,2024/2
43171,CORREÇÃO,SIMPLO,CLIMA CAR,28/02/2024,ACC644,,2024/2
36906,NOVA,SIMPLO,INJEÇÃO,27/02/2024,C2129,,2024/2
42109,NOVA,SIMPLO,REVISA CAR,27/02/2024,RC525,,2024/2
42449,NOVA,SIMPLO,INJEÇÃO,27/02/2024,C2130,,2024/2
42661,NOVA,HIBRIDOS,H&E - REVISA CAR,27/02/2024,he24,,2024/1 H&E
42823,UPGRADE,SIMPLO,INJEÇÃO,27/02/2024,C1960,,2024/2
42839,UPGRADE,SIMPLO,INJEÇÃO,27/02/2024,C1978,,2024/2
42859,UPGRADE,SIMPLO,INJEÇÃO,27/02/2024,C1982,,2024/2
43020,UPGRADE,SIMPLO,INJEÇÃO,27/02/2024,C1983,,2024/2
43121,NOVA,SIMPLO,REVISA CAR,27/02/2024,RC526,,2024/2
41294,NOVA,SIMPLO,MT PRO,26/02/2024,MP255,,2024/2
41783,NOVA,SIMPLO,PICO SCOPE,26/02/2024,OC621,,2024/2
42522,NOVA,SIMPLO,MT PRO,26/02/2024,MP256,,2024/2
42528,NOVA,SIMPLO,MT PRO,26/02/2024,MP257,,2024/2
42649,UPGRADE,SIMPLO,INJEÇÃO,26/02/2024,C1269,,2024/2
42674,UPGRADE,SIMPLO,INJEÇÃO,26/02/2024,C1488,,2024/2
42707,UPGRADE,SIMPLO,INJEÇÃO,26/02/2024,C1972,,2024/2
42779,UPGRADE,SIMPLO,INJEÇÃO,26/02/2024,C1969,,2024/2
43073,CORREÇÃO,SIMPLO,REVISA CAR,26/02/2024,RC172,,2024/2
43108,UPGRADE,SIMPLO,ELECTRA,26/02/2024,el230,,2024/2
43109,UPGRADE,SIMPLO,ELECTRA TRUCK,26/02/2024,et177,,2024/2
43115,CORREÇÃO,SIMPLO,INJEÇÃO,26/02/2024,C1064,,2024/2
43147,CORREÇÃO,SIMPLO,REVISA CAR,26/02/2024,RC173,,2024/2
43154,CORREÇÃO,SIMPLO,LUBRITEC,26/02/2024,l5175,,2024/2
43155,CORREÇÃO,SIMPLO,LUBRITEC,26/02/2024,l5174,,2024/2
43156,CORREÇÃO,SIMPLO,CLIMA CAR,26/02/2024,ACC940,,2024/2
43158,CORREÇÃO,SIMPLO,INJEÇÃO,26/02/2024,C623,,2024/2
34663,NOVA,SIMPLO,LOCAR,23/02/2024,lo948,,2024/2
41216,NOVA,SIMPLO,INJEÇÃO,23/02/2024,C2127,,2024/2
42594,NOVA,SIMPLO,MT PRO,23/02/2024,MP247,,2024/2
42648,UPGRADE,SIMPLO,INJEÇÃO,23/02/2024,C1917,,2024/2
43015,CORREÇÃO,SIMPLO,ELECTRA TRUCK,23/02/2024,et169,,2024/2
43049,CORREÇÃO,SIMPLO,INJEÇÃO,23/02/2024,C1443,,2024/2
43051,CORREÇÃO,SIMPLO,ELECTRA,23/02/2024,el184,,2024/2
43065,CORREÇÃO,SIMPLO,REVISA CAR,23/02/2024,RC170,,2024/2
43066,CORREÇÃO,SIMPLO,REVISA CAR,23/02/2024,RC171,,2024/2
43088,NOVA,SIMPLO,INJEÇÃO,23/02/2024,C2128,,2024/2
43093,CORREÇÃO,SIMPLO,DIESEL,23/02/2024,DC345,,2024/2
43100,UPGRADE,SIMPLO,CLIMA CAR,23/02/2024,ACC862,,2024/2
43101,NOVA,SIMPLO,CLIMA TRUCK,23/02/2024,ct152,,2024/2
43105,UPGRADE,SIMPLO,CÂMBIO,23/02/2024,cb120,,2024/2
43113,CORREÇÃO,SIMPLO,LUBRITEC,23/02/2024,l5546,,2024/2
43118,CORREÇÃO,SIMPLO,INJEÇÃO,23/02/2024,C1080,,2024/2
42121,NOVA,SIMPLO,ABS/ASR/ESP,22/02/2024,ABS934,,2024/2
42900,CORREÇÃO,SIMPLO,LUBRITEC,22/02/2024,l2095,,2024/2
42943,CORREÇÃO,SIMPLO,INJEÇÃO,22/02/2024,C1922,,2024/2
43014,CORREÇÃO,SIMPLO,INJEÇÃO,22/02/2024,C2016,,2024/2
43018,CORREÇÃO,SIMPLO,INJEÇÃO,22/02/2024,C1684,,2024/2
43044,CORREÇÃO,SIMPLO,REVISA CAR,22/02/2024,RC165,,2024/2
43060,CORREÇÃO,SIMPLO,CLIMA CAR,22/02/2024,ACC848,,2024/2
43061,CORREÇÃO,SIMPLO,CLIMA TRUCK,22/02/2024,ct123,,2024/2
43062,CORREÇÃO,SIMPLO,ABS/ASR/ESP,22/02/2024,ABS661,,2024/2
43063,CORREÇÃO,SIMPLO,REVISA CAR,22/02/2024,RC168,,2024/2
43064,CORREÇÃO,SIMPLO,REVISA CAR,22/02/2024,RC169,,2024/2
43089,CORREÇÃO,SIMPLO,LUBRITEC,22/02/2024,l1195,,2024/2
39251,NOVA,SIMPLO,ELECTRA,21/02/2024,el270,,2024/2
40393,NOVA,SIMPLO,CLIMA CAR,21/02/2024,ACC1109,,2024/2
42063,NOVA,SIMPLO,CLIMA CAR,21/02/2024,ACC 1107/1108,,2024/2
42647,UPGRADE,SIMPLO,INJEÇÃO,21/02/2024,C1918,,2024/2
42884,CORREÇÃO,SIMPLO,LUBRITEC,21/02/2024,l2115,,2024/2
42886,CORREÇÃO,SIMPLO,LUBRITEC,21/02/2024,l2113,,2024/2
42887,CORREÇÃO,SIMPLO,LUBRITEC,21/02/2024,l2112,,2024/2
42890,CORREÇÃO,SIMPLO,LUBRITEC,21/02/2024,l2108,,2024/2
42899,CORREÇÃO,SIMPLO,LUBRITEC,21/02/2024,l2096,,2024/2
43033,CORREÇÃO,SIMPLO,REVISA CAR,21/02/2024,RC160,,2024/2
43034,CORREÇÃO,SIMPLO,REVISA CAR,21/02/2024,RC161,,2024/2
43038,CORREÇÃO,SIMPLO,DIESEL,21/02/2024,DC392,,2024/2
43041,CORREÇÃO,SIMPLO,REVISA CAR,21/02/2024,RC162,,2024/2
43042,CORREÇÃO,SIMPLO,REVISA CAR,21/02/2024,RC163,,2024/2
43059,CORREÇÃO,SIMPLO,DIESEL,21/02/2024,DC257,,2024/2
40396,UPGRADE,SIMPLO,PICO SCOPE,20/02/2024,OC519,,2024/2
40396,NOVA,SIMPLO,SCOPE TRUCK (PICO SCOPE),20/02/2024,SOC519,,2024/2
41102,NOVA,SIMPLO,ABS/ASR/ESP,20/02/2024,ABS933,,2024/2
41315,NOVA,SIMPLO,DIESEL,20/02/2024,DC394,,2024/2
41563,NOVA,SIMPLO,SCOPE TRUCK (PICO SCOPE),20/02/2024,SOC620,,2024/2
41952,NOVA,SIMPLO,MT PRO,20/02/2024,MP254,,2024/2
41966,NOVA,SIMPLO,PICO SCOPE,20/02/2024,OC619,,2024/2
42082,UPGRADE,SIMPLO,PICO SCOPE,20/02/2024,OC495,,2024/2
42574,UPGRADE,SIMPLO,INJEÇÃO,20/02/2024,C1891,,2024/2
42615,UPGRADE,SIMPLO,INJEÇÃO,20/02/2024,C1996,,2024/2
42632,UPGRADE,SIMPLO,INJEÇÃO,20/02/2024,C1487,,2024/2
43031,CORREÇÃO,SIMPLO,REVISA CAR,20/02/2024,RC158,,2024/2
43032,CORREÇÃO,SIMPLO,REVISA CAR,20/02/2024,RC159,,2024/2
43035,CORREÇÃO,SIMPLO,ELECTRA,20/02/2024,el264,,2024/2
33423,NOVA,SIMPLO,CLIMA CAR,19/02/2024,ACC1105/1106,,2024/2
41342,NOVA,SIMPLO,PICO SCOPE,19/02/2024,OC618,,2024/2
42025,NOVA,SIMPLO,INJEÇÃO,19/02/2024,C2126,,2024/2
42450,NOVA,SIMPLO,ABS/ASR/ESP,19/02/2024,ABS932,,2024/2
42676,CORREÇÃO,SIMPLO,CLIMA CAR,19/02/2024,ACC765,,2024/2
42977,CORREÇÃO,SIMPLO,REVISA CAR,19/02/2024,RC146,,2024/2
42998,CORREÇÃO,SIMPLO,REVISA CAR,19/02/2024,RC152,,2024/2
43002,CORREÇÃO,SIMPLO,REVISA CAR,19/02/2024,RC155,,2024/2
43026,CORREÇÃO,SIMPLO,INJEÇÃO,19/02/2024,C1416,,2024/2
43027,CORREÇÃO,SIMPLO,INJEÇÃO,19/02/2024,C1725,,2024/2
43028,CORREÇÃO,SIMPLO,INJEÇÃO,19/02/2024,C1907,,2024/2
43029,CORREÇÃO,SIMPLO,REVISA CAR,19/02/2024,RC156,,2024/2
43030,CORREÇÃO,SIMPLO,REVISA CAR,19/02/2024,RC157,,2024/2
41820,UPGRADE,SIMPLO,MT PRO,16/02/2024,MP42,,2024/2
42405,UPGRADE,SIMPLO,PICO SCOPE,16/02/2024,OC07,,2024/2
42572,CORREÇÃO,SIMPLO,INJEÇÃO,16/02/2024,C1255,,2024/2
42577,CORREÇÃO,SIMPLO,INJEÇÃO,16/02/2024,C1100,,2024/2
42701,CORREÇÃO,SIMPLO,INJEÇÃO,16/02/2024,C1354,,2024/2
42712,CORREÇÃO,SIMPLO,INJEÇÃO,16/02/2024,C436,,2024/2
42744,CORREÇÃO,SIMPLO,INJEÇÃO,16/02/2024,C2082,,2024/2
42824,CORREÇÃO,SIMPLO,DIESEL,16/02/2024,DC364,,2024/2
42832,CORREÇÃO,SIMPLO,INJEÇÃO,16/02/2024,C1898,,2024/2
42843,CORREÇÃO,SIMPLO,MOTORES - LINHA LEVE,16/02/2024,dt1076,,2024/2
42865,CORREÇÃO,SIMPLO,MOTORES - LINHA PESADA,16/02/2024,dt903,,2024/2
42999,CORREÇÃO,SIMPLO,REVISA CAR,16/02/2024,RC153,,2024/2
43000,CORREÇÃO,SIMPLO,REVISA CAR,16/02/2024,RC154,,2024/2
39211,UPGRADE,SIMPLO,MOTORES - LINHA LEVE,15/02/2024,dt1203,,2024/2
42132,UPGRADE,SIMPLO,MOTORES - LINHA LEVE,15/02/2024,dt696,,2024/2
42237,UPGRADE,SIMPLO,MOTORES - LINHA LEVE,15/02/2024,dt1285,,2024/2
42378,UPGRADE,SIMPLO,MOTORES - LINHA LEVE,15/02/2024,dt238,,2024/2
42476,CORREÇÃO,SIMPLO,DIESEL,15/02/2024,DC236,,2024/2
42532,CORREÇÃO,SIMPLO,DIESEL,15/02/2024,DC380,,2024/2
42653,CORREÇÃO,SIMPLO,DIESEL,15/02/2024,DC380,,2024/2
42688,CORREÇÃO,SIMPLO,DIESEL,15/02/2024,DC43,,2024/2
42753,NOVA,SIMPLO,MOTORES - LINHA LEVE,15/02/2024,dt1485,,2024/2
42825,CORREÇÃO,SIMPLO,DIESEL,15/02/2024,DC365,,2024/2
42879,CORREÇÃO,SIMPLO,LUBRITEC,15/02/2024,l2117,,2024/2
42883,CORREÇÃO,SIMPLO,LUBRITEC,15/02/2024,l2116,,2024/2
42941,CORREÇÃO,SIMPLO,ELECTRA,15/02/2024,el151,,2024/2
42973,CORREÇÃO,SIMPLO,REVISA CAR,15/02/2024,RC145,,2024/2
42974,CORREÇÃO,SIMPLO,REVISA CAR,15/02/2024,RC147,,2024/2
42975,CORREÇÃO,SIMPLO,REVISA CAR,15/02/2024,RC148,,2024/2
42976,CORREÇÃO,SIMPLO,REVISA CAR,15/02/2024,RC149,,2024/2
42978,CORREÇÃO,SIMPLO,REVISA CAR,15/02/2024,RC150,,2024/2
42997,CORREÇÃO,SIMPLO,REVISA CAR,15/02/2024,RC151,,2024/2
42443,CORREÇÃO,SIMPLO,LOCAR,14/02/2024,lo933,,2024/2
42448,CORREÇÃO,SIMPLO,ELECTRA,14/02/2024,el184,,2024/2
42475,CORREÇÃO,SIMPLO,ELECTRA,14/02/2024,el92,,2024/2
42475,CORREÇÃO,SIMPLO,ELECTRA TRUCK,14/02/2024,et92,,2024/2
42550,UPGRADE,HIBRIDOS,H&E - REVISA CAR,14/02/2024,he04,,2024/1 H&E
42551,UPGRADE,HIBRIDOS,H&E - REVISA CAR,14/02/2024,he03,,2024/1 H&E
42558,UPGRADE,HIBRIDOS,H&E - REVISA CAR,14/02/2024,he15,,2024/1 H&E
42617,CORREÇÃO,SIMPLO,ELECTRA,14/02/2024,el218,,2024/2
42820,CORREÇÃO,SIMPLO,ELECTRA,14/02/2024,el189,,2024/2
42842,CORREÇÃO,SIMPLO,ELECTRA TRUCK,14/02/2024,et31,,2024/2
42874,UPGRADE,SIMPLO,ABS/ASR/ESP,14/02/2024,ABS789,,2024/2
42944,CORREÇÃO,SIMPLO,ABS/ASR/ESP,14/02/2024,ABS857,,2024/2
42950,CORREÇÃO,SIMPLO,ABS/ASR/ESP,14/02/2024,ABS865,,2024/2
42971,CORREÇÃO,SIMPLO,ABS/ASR/ESP,14/02/2024,ABS911,,2024/2
42972,CORREÇÃO,SIMPLO,ABS/ASR/ESP,14/02/2024,ABS922,,2024/2
42979,CORREÇÃO,SIMPLO,INJEÇÃO,14/02/2024,C1268,,2024/2
34622,NOVA,SIMPLO,LOCAR,13/02/2024,lo946,,2024/2
37259,NOVA,SIMPLO,LOCAR,13/02/2024,lo947,,2024/2
42667,NOVA,SIMPLO,MT PRO,13/02/2024,MP253,,2024/2
42952,NOVA,SIMPLO,REVISA CAR,13/02/2024,RC524,,2024/2
42488,CORREÇÃO,SIMPLO,MOTORES - LINHA LEVE,12/02/2024,dt1468,,2024/2
42509,CORREÇÃO,SIMPLO,REVISA CAR,12/02/2024,RC297,,2024/2
42524,CORREÇÃO,SIMPLO,MOTORES - LINHA LEVE,12/02/2024,dt1367,,2024/2
42539,CORREÇÃO,SIMPLO,ABS/ASR/ESP,12/02/2024,ABS632,,2024/2
42544,CORREÇÃO,SIMPLO,ABS/ASR/ESP,12/02/2024,ABS923,,2024/2
42575,CORREÇÃO,SIMPLO,LUBRITEC,12/02/2024,l5584,,2024/2
42576,CORREÇÃO,SIMPLO,LUBRITEC,12/02/2024,l5291,,2024/2
42590,CORREÇÃO,SIMPLO,SINCRO - CORREIAS,12/02/2024,CC310,,2024/2
42630,CORREÇÃO,SIMPLO,MOTORES - LINHA LEVE,12/02/2024,dt1278,,2024/2
42706,CORREÇÃO,SIMPLO,LUBRITEC,12/02/2024,l5576,,2024/2
42860,CORREÇÃO,SIMPLO,ABS/ASR/ESP,12/02/2024,ABS639,,2024/2
42877,CORREÇÃO,SIMPLO,REVISA CAR,12/02/2024,RC167,,2024/2
42878,CORREÇÃO,SIMPLO,REVISA CAR,12/02/2024,RC166,,2024/2
42940,CORREÇÃO,SIMPLO,ABS/ASR/ESP,12/02/2024,ABS898,,2024/2
42942,CORREÇÃO,SIMPLO,ABS/ASR/ESP,12/02/2024,ABS750,,2024/2
42964,CORREÇÃO,SIMPLO,LUBRITEC,12/02/2024,l5609,,2024/2
42965,CORREÇÃO,SIMPLO,LUBRITEC,12/02/2024,l5607,,2024/2
42966,CORREÇÃO,SIMPLO,LUBRITEC,12/02/2024,l5608,,2024/2
42261,UPGRADE,SIMPLO,MOTORES - LINHA PESADA,09/02/2024,dt809,,2024/2
42261,UPGRADE,TRACTOR,MOTORES TRACTOR,09/02/2024,mt20104,,2024/1 T
42441,CORREÇÃO,SIMPLO,MOTORES - LINHA PESADA,09/02/2024,dt1319,,2024/2
42540,CORREÇÃO,SIMPLO,INJEÇÃO,09/02/2024,C1115,,2024/2
42541,CORREÇÃO,SIMPLO,INJEÇÃO,09/02/2024,C1258,,2024/2
42542,CORREÇÃO,SIMPLO,INJEÇÃO,09/02/2024,C2121,,2024/2
42543,CORREÇÃO,SIMPLO,INJEÇÃO,09/02/2024,C2122,,2024/2
42557,UPGRADE,SIMPLO,INJEÇÃO,09/02/2024,C1896,,2024/2
42650,UPGRADE,SIMPLO,MOTORES - LINHA PESADA,09/02/2024,dt1450,,2024/2
42650,UPGRADE,TRACTOR,MOTORES TRACTOR,09/02/2024,mt20064,,2024/1 T
38055,NOVA,SIMPLO,PICO SCOPE,08/02/2024,OC617,,2024/2
42533,UPGRADE,SIMPLO,INJEÇÃO,08/02/2024,C1577,,2024/2
42537,UPGRADE,SIMPLO,INJEÇÃO,08/02/2024,C1414,,2024/2
42559,NOVA,HIBRIDOS,H&E - REVISA CAR,08/02/2024,he23,,2024/1 H&E
40065,CORREÇÃO,SIMPLO,MOTORES - LINHA PESADA,07/02/2024,dt572,,2024/2
40065,CORREÇÃO,TRACTOR,MOTORES TRACTOR,07/02/2024,mt20103,,2024/1 T
41826,NOVA,SIMPLO,PICO SCOPE,07/02/2024,OC616,,2024/2
42385,CORREÇÃO,SIMPLO,CLIMA CAR,07/02/2024,ACC1040,,2024/2
42389,CORREÇÃO,SIMPLO,INJEÇÃO,07/02/2024,C1590,,2024/2
42392,CORREÇÃO,SIMPLO,INJEÇÃO,07/02/2024,C913,,2024/2
42420,CORREÇÃO,SIMPLO,INJEÇÃO,07/02/2024,C1319,,2024/2
42440,CORREÇÃO,SIMPLO,INJEÇÃO,07/02/2024,C2029,,2024/2
42531,CORREÇÃO,SIMPLO,INJEÇÃO,07/02/2024,C1708,,2024/2
42589,CORREÇÃO,SIMPLO,MOTORES - LINHA PESADA,07/02/2024,dt1105,,2024/2
42726,CORREÇÃO,SIMPLO,MOTORES - LINHA PESADA,07/02/2024,dt1399,,2024/2
42726,CORREÇÃO,TRACTOR,MOTORES TRACTOR,07/02/2024,mt20036,,2024/1 T
42826,CORREÇÃO,SIMPLO,INJEÇÃO,07/02/2024,C1396,,2024/2
42840,CORREÇÃO,SIMPLO,INJEÇÃO,07/02/2024,C1397,,2024/2
41951,NOVA,SIMPLO,PICO SCOPE,06/02/2024,OC615,,2024/2
41995,NOVA,SIMPLO,CÂMBIO,06/02/2024,cb174,,2024/2
41997,NOVA,SIMPLO,CÂMBIO,06/02/2024,cb175,,2024/2
41997,NOVA,SIMPLO,ELECTRA,05/02/2024,el269,,2024/2
35816,NOVA,SIMPLO,LOCAR,02/02/2024,lo945,,2024/2
41963,NOVA,SIMPLO,SCOPE TRUCK (MT PRO),02/02/2024,SMP252,,2024/2
42111,NOVA,SIMPLO,REVISA CAR,02/02/2024,RC523,,2024/2
42129,NOVA,SIMPLO,DIESEL,02/02/2024,DC393,,2024/2
42155,NOVA,SIMPLO,INJEÇÃO,02/02/2024,C2125,,2024/2
39651,NOVA,SIMPLO,CLIMA CAR,01/02/2024,ACC1101 a ACC1104,,2024/2
41995,NOVA,SIMPLO,ELECTRA,01/02/2024,el268,,2024/2
42027,NOVA,SIMPLO,MT PRO,01/02/2024,MP251,,2024/2
42110,NOVA,SIMPLO,REVISA CAR,01/02/2024,RC522,,2024/2
41049,NOVA,SIMPLO,PICO SCOPE,31/01/2024,OC614,,2024/2
41560,NOVA,SIMPLO,SCOPE TRUCK (MT PRO),31/01/2024,SMP250,,2024/2
42062,NOVA,SIMPLO,DIESEL,31/01/2024,DC392,,2024/2
42107,NOVA,SIMPLO,REVISA CAR,31/01/2024,RC520,,2024/2
42108,NOVA,SIMPLO,REVISA CAR,31/01/2024,RC521,,2024/2
42145,NOVA,SIMPLO,MT PRO,31/01/2024,MP249,,2024/2
42363,NOVA,TRACTOR,ELECTRA TRACTOR,31/01/2024,tel113,,2024/1 T
39724,NOVA,TRACTOR,ELECTRA TRACTOR,30/01/2024,tel111,,2024/1 T
40297,NOVA,SIMPLO,ABS/ASR/ESP,30/01/2024,ABS930,,2024/2
41217,NOVA,SIMPLO,ABS/ASR/ESP,30/01/2024,ABS931,,2024/2
42364,NOVA,TRACTOR,CLIMA TRACTOR,30/01/2024,tac170,,2024/1 T
42505,NOVA,TRACTOR,ELECTRA TRACTOR,30/01/2024,tel112,,2024/1 T
42506,NOVA,TRACTOR,CLIMA TRACTOR,30/01/2024,tac171,,2024/1 T
42673,CORREÇÃO,SIMPLO,ELECTRA TRUCK,29/01/2024,et183,,2024/2
42675,CORREÇÃO,SIMPLO,ELECTRA,29/01/2024,el173,,2024/2
38054,NOVA,SIMPLO,PICO SCOPE,26/01/2024,OC613,,2024/2
42007,NOVA,SIMPLO,REVISA CAR,26/01/2024,RC519,,2024/2
42304,NOVA,SIMPLO,MT PRO,26/01/2024,MP248,,2024/2
42594,NOVA,SIMPLO,MT PRO,26/01/2024,MP247,,2024/2
42619,CORREÇÃO,SIMPLO,DIESEL,26/01/2024,DC179,,2024/2
39615,NOVA,SIMPLO,ABS/ASR/ESP,25/01/2024,ABS929,,2024/2
42005,NOVA,SIMPLO,REVISA CAR,25/01/2024,RC517,,2024/2
42006,NOVA,SIMPLO,REVISA CAR,25/01/2024,RC518,,2024/2
42616,CORREÇÃO,SIMPLO,INJEÇÃO,25/01/2024,C1339,,2024/2
33741,NOVA,SIMPLO,CLIMA CAR,23/01/2024,ACC1098/1099/1100,,2024/2
34391,NOVA,SIMPLO,LOCAR,23/01/2024,lo944,,2024/2
40922,NOVA,SIMPLO,ABS/ASR/ESP,23/01/2024,ABS928,,2024/2
42004,NOVA,SIMPLO,REVISA CAR,23/01/2024,RC516,,2024/2
42465,NOVA,SIMPLO,MIX - RESETS,23/01/2024,m1189,,2024/2
42467,NOVA,SIMPLO,MIX - RESETS,23/01/2024,m1191,,2024/2
42468,NOVA,SIMPLO,MIX - RESETS,23/01/2024,m1190,,2024/2
33363,NOVA,SIMPLO,LOCAR,22/01/2024,lo943,,2024/2
41992,NOVA,SIMPLO,REVISA CAR,22/01/2024,RC514,,2024/2
41993,NOVA,SIMPLO,REVISA CAR,22/01/2024,RC515,,2024/2
42071,NOVA,SIMPLO,MT PRO,22/01/2024,MP244,,2024/2
42136,NOVA,SIMPLO,MT PRO,22/01/2024,MP245,,2024/2
42435,NOVA,SIMPLO,MIX - RESETS,22/01/2024,m1188,,2024/2
42526,NOVA,SIMPLO,MT PRO,22/01/2024,MP246,,2024/2
42553,UPGRADE,SIMPLO,INJEÇÃO,22/01/2024,C1984,,2024/2
41987,NOVA,SIMPLO,REVISA CAR,19/01/2024,RC511,,2024/2
41990,NOVA,SIMPLO,REVISA CAR,19/01/2024,RC512,,2024/2
41991,NOVA,SIMPLO,REVISA CAR,19/01/2024,RC513,,2024/2
42472,CORREÇÃO,SIMPLO,INJEÇÃO,19/01/2024,C2043,,2024/2
42474,UPGRADE,SIMPLO,INJEÇÃO,19/01/2024,C2079,,2024/2
42481,UPGRADE,SIMPLO,INJEÇÃO,19/01/2024,C2034,,2024/2
42483,CORREÇÃO,SIMPLO,INJEÇÃO,19/01/2024,C1711,,2024/2
42494,UPGRADE,SIMPLO,INJEÇÃO,19/01/2024,C2100,,2024/2
42515,UPGRADE,SIMPLO,INJEÇÃO,19/01/2024,C1971,,2024/2
42562,NOVA,SIMPLO,MIX - RESETS,19/01/2024,m1187,,2024/2
36972,NOVA,SIMPLO,CLIMA CAR,18/01/2024,ACC1097,,2024/2
41986,NOVA,SIMPLO,REVISA CAR,18/01/2024,RC509,,2024/2
41989,NOVA,SIMPLO,REVISA CAR,18/01/2024,RC510,,2024/2
42464,UPGRADE,SIMPLO,INJEÇÃO,18/01/2024,C2076,,2024/2
42466,NOVA,SIMPLO,MIX - RESETS,18/01/2024,m1186,,2024/2
42469,UPGRADE,SIMPLO,INJEÇÃO,18/01/2024,C2078,,2024/2
42471,CORREÇÃO,SIMPLO,INJEÇÃO,18/01/2024,C2042,,2024/2
42514,NOVA,SIMPLO,MT PRO,18/01/2024,MP243,,2024/2
36666,NOVA,SIMPLO,CLIMA CAR,17/01/2024,ACC1096,,2024/2
41300,NOVA,SIMPLO,CLIMA CAR,17/01/2024,ACC1093/1094/1095,,2024/2
41985,NOVA,SIMPLO,REVISA CAR,17/01/2024,RC508,,2024/2
42424,CORREÇÃO,SIMPLO,LUBRITEC,17/01/2024,l5285,,2024/2
42425,CORREÇÃO,SIMPLO,LUBRITEC,17/01/2024,l5287,,2024/2
42426,CORREÇÃO,SIMPLO,LUBRITEC,17/01/2024,l1246,,2024/2
42427,CORREÇÃO,SIMPLO,LUBRITEC,17/01/2024,l1667,,2024/2
42428,CORREÇÃO,SIMPLO,LUBRITEC,17/01/2024,l1668,,2024/2
42429,CORREÇÃO,SIMPLO,LUBRITEC,17/01/2024,l1671,,2024/2
42430,CORREÇÃO,SIMPLO,LUBRITEC,17/01/2024,l5298,,2024/2
42431,CORREÇÃO,SIMPLO,LUBRITEC,17/01/2024,l1298,,2024/2
42432,CORREÇÃO,SIMPLO,LUBRITEC,17/01/2024,l1247,,2024/2
42433,CORREÇÃO,SIMPLO,LUBRITEC,17/01/2024,l5289,,2024/2
42434,CORREÇÃO,SIMPLO,LUBRITEC,17/01/2024,l5290,,2024/2
42439,UPGRADE,SIMPLO,INJEÇÃO,17/01/2024,C2028,,2024/2
42445,UPGRADE,SIMPLO,INJEÇÃO,17/01/2024,C2077,,2024/2
42497,CORREÇÃO,SIMPLO,ELECTRA TRUCK,17/01/2024,et156,,2024/2
42519,CORREÇÃO,SIMPLO,LUBRITEC,17/01/2024,l5607,,2024/2
42520,CORREÇÃO,SIMPLO,LUBRITEC,17/01/2024,l5608,,2024/2
42521,CORREÇÃO,SIMPLO,LUBRITEC,17/01/2024,l5609,,2024/2
42538,CORREÇÃO,SIMPLO,LUBRITEC,17/01/2024,l1015,,2024/2
42546,CORREÇÃO,SIMPLO,CÓDIGO DE FALHAS,17/01/2024,cod601,,2024/2
40958,NOVA,SIMPLO,LOCAR,16/01/2024,lo942,,2024/2
41984,NOVA,SIMPLO,REVISA CAR,16/01/2024,RC507,,2024/2
42423,CORREÇÃO,SIMPLO,ELECTRA TRUCK,16/01/2024,et151,,2024/2
42442,UPGRADE,SIMPLO,DIESEL,16/01/2024,DC301,,2024/2
42447,CORREÇÃO,SIMPLO,ELECTRA TRUCK,16/01/2024,et169,,2024/2
42530,UPGRADE,SIMPLO,INJEÇÃO,16/01/2024,C1710,,2024/2
37675,UPGRADE,ELÉTRICOS,ELETRICOS - LOCAR,15/01/2024,eh01,,2024/1 H&E
41554,UPGRADE,ELÉTRICOS,ELETRICOS - RESETS,15/01/2024,eh01,,2024/1 H&E
41555,UPGRADE,HIBRIDOS,H&E - REVISA CAR,15/01/2024,he01,,2024/1 H&E
41556,UPGRADE,HIBRIDOS,H&E - RESETS,15/01/2024,he15,,2024/1 H&E
41568,UPGRADE,HIBRIDOS,H&E - RESETS,15/01/2024,he03,,2024/1 H&E
41569,UPGRADE,HIBRIDOS,H&E - RESETS,15/01/2024,he10,,2024/1 H&E
41744,UPGRADE,HIBRIDOS,H&E - RESETS,15/01/2024,he13,,2024/1 H&E
41977,NOVA,SIMPLO,REVISA CAR,15/01/2024,RC505,,2024/2
41983,NOVA,SIMPLO,REVISA CAR,15/01/2024,RC506,,2024/2
42413,CORREÇÃO,SIMPLO,DIESEL,15/01/2024,DC54,,2024/2
42419,CORREÇÃO,SIMPLO,DIESEL,15/01/2024,DC348,,2024/2
42478,UPGRADE,SIMPLO,DIESEL,15/01/2024,DC263,,2024/2
42496,CORREÇÃO,SIMPLO,INJEÇÃO,15/01/2024,C619,,2024/2
42510,CORREÇÃO,SIMPLO,ELECTRA,15/01/2024,el94,,2024/2
36600,NOVA,SIMPLO,INJEÇÃO,12/01/2024,C2124,,2024/2
37659,UPGRADE,HIBRIDOS,H&E - LOCAR,12/01/2024,he09,,2024/1 H&E
37664,UPGRADE,HIBRIDOS,H&E - LOCAR,12/01/2024,he09,,2024/1 H&E
37710,UPGRADE,HIBRIDOS,H&E - LOCAR,12/01/2024,he02,,2024/1 H&E
38027,NOVA,SIMPLO,CLIMA CAR,12/01/2024,ACC1092,,2024/2
41535,UPGRADE,HIBRIDOS,H&E - RESETS,12/01/2024,he08,,2024/1 H&E
41553,UPGRADE,HIBRIDOS,H&E - RESETS,12/01/2024,he04,,2024/1 H&E
41778,UPGRADE,HIBRIDOS,H&E - RESETS,12/01/2024,he09,,2024/1 H&E
41779,UPGRADE,HIBRIDOS,H&E - RESETS,12/01/2024,he09,,2024/1 H&E
41975,NOVA,SIMPLO,REVISA CAR,12/01/2024,RC503,,2024/2
41976,NOVA,SIMPLO,REVISA CAR,12/01/2024,RC504,,2024/2
42264,UPGRADE,HIBRIDOS,H&E,12/01/2024,he09,,2024/1 H&E
38029,NOVA,SIMPLO,ABS/ASR/ESP,11/01/2024,ABS927,,2024/2
41938,NOVA,SIMPLO,REVISA CAR,11/01/2024,RC491,,2024/2
41941,NOVA,SIMPLO,REVISA CAR,11/01/2024,RC492,,2024/2
41942,NOVA,SIMPLO,REVISA CAR,11/01/2024,RC493,,2024/2
41943,NOVA,SIMPLO,REVISA CAR,11/01/2024,RC494,,2024/2
41957,NOVA,SIMPLO,REVISA CAR,11/01/2024,RC495,,2024/2
41958,NOVA,SIMPLO,REVISA CAR,11/01/2024,RC496,,2024/2
41959,NOVA,SIMPLO,REVISA CAR,11/01/2024,RC497,,2024/2
41960,NOVA,SIMPLO,REVISA CAR,11/01/2024,RC498,,2024/2
41961,NOVA,SIMPLO,REVISA CAR,11/01/2024,RC499,,2024/2
41962,NOVA,SIMPLO,REVISA CAR,11/01/2024,RC500,,2024/2
41973,NOVA,SIMPLO,REVISA CAR,11/01/2024,RC501,,2024/2
41974,NOVA,SIMPLO,REVISA CAR,11/01/2024,RC502,,2024/2
34661,NOVA,SIMPLO,LOCAR,09/01/2024,lo941,,2024/2
41401,NOVA,ELÉTRICOS,H&E - RESETS,09/01/2024,eh06,,2024/1 H&E
41579,NOVA,HIBRIDOS,H&E - RESETS,09/01/2024,he20,,2024/1 H&E
41841,NOVA,HIBRIDOS,H&E - LUBRITEC,09/01/2024,he21,,2024/1 H&E
42119,NOVA,SIMPLO,DIESEL,09/01/2024,DC391,,2024/2
42160,NOVA,HIBRIDOS,H&E - LUBRITEC,09/01/2024,he22,,2024/1 H&E
32932,NOVA,SIMPLO,LOCAR,08/01/2024,lo940,,2024/2
40749,NOVA,SIMPLO,INJEÇÃO,08/01/2024,C2123,,2024/2
42470,UPGRADE,SIMPLO,INJEÇÃO,08/01/2024,C1617,,2024/2
41655,NOVA,TRACTOR,ELECTRA TRACTOR,05/01/2024,tel109,,2024/1 T
41936,NOVA,SIMPLO,REVISA CAR,05/01/2024,RC490,,2024/2
41937,NOVA,SIMPLO,REVISA CAR,05/01/2024,RC489,,2024/2
42133,NOVA,TRACTOR,ELECTRA TRACTOR,05/01/2024,tel110,,2024/1 T
42178,NOVA,TRACTOR,ELECTRA TRACTOR,05/01/2024,tel108,,2024/1 T
42342,NOVA,SIMPLO,REVISA CAR,05/01/2024,RC488,,2024/2
29466,NOVA,TRACTOR,ELECTRA TRACTOR,04/01/2024,tel104,,2024/1 T
34181,NOVA,TRACTOR,ELECTRA TRACTOR,04/01/2024,tel105,,2024/1 T
36400,NOVA,TRACTOR,ELECTRA TRACTOR,04/01/2024,tel106,,2024/1 T
41162,NOVA,TRACTOR,ELECTRA TRACTOR,04/01/2024,tel107,,2024/1 T
33933,NOVA,TRACTOR,CLIMA TRACTOR,03/01/2024,tac162,,2024/1 T
34639,NOVA,TRACTOR,CLIMA TRACTOR,03/01/2024,tac163,,2024/1 T
36399,NOVA,TRACTOR,CLIMA TRACTOR,03/01/2024,tac164,,2024/1 T
36401,NOVA,TRACTOR,CLIMA TRACTOR,03/01/2024,tac165,,2024/1 T
41164,NOVA,TRACTOR,CLIMA TRACTOR,03/01/2024,tac166,,2024/1 T
41796,NOVA,TRACTOR,MOTORES TRACTOR,03/01/2024,mt20102,,2024/1 T
41884,NOVA,TRACTOR,CLIMA TRACTOR,03/01/2024,tac167,,2024/1 T
42117,NOVA,TRACTOR,CLIMA TRACTOR,03/01/2024,tac168,,2024/1 T
42134,NOVA,TRACTOR,CLIMA TRACTOR,03/01/2024,tac169,,2024/1 T
31836,NOVA,TRACTOR,CLIMA TRACTOR,02/01/2024,tac161,,2024/1 T